ds,trend,yhat_lower,yhat_upper,trend_lower,trend_upper,All Saints' Day,All Saints' Day_lower,All Saints' Day_upper,Armistice Day,Armistice Day_lower,Armistice Day_upper,Ascension Day,Ascension Day_lower,Ascension Day_upper,Assumption Day,Assumption Day_lower,Assumption Day_upper,Christmas Day,Christmas Day_lower,Christmas Day_upper,Easter Monday,Easter Monday_lower,Easter Monday_upper,Labor Day,Labor Day_lower,Labor Day_upper,National Day,National Day_lower,National Day_upper,New Year's Day,New Year's Day_lower,New Year's Day_upper,Victory Day,Victory Day_lower,Victory Day_upper,Weekly-Increase Fourier Order,Weekly-Increase Fourier Order_lower,Weekly-Increase Fourier Order_upper,Whit Monday,Whit Monday_lower,Whit Monday_upper,Yearly Seasonality increase fourier_order,Yearly Seasonality increase fourier_order_lower,Yearly Seasonality increase fourier_order_upper,additive_terms,additive_terms_lower,additive_terms_upper,holidays,holidays_lower,holidays_upper,multiplicative_terms,multiplicative_terms_lower,multiplicative_terms_upper,yhat
2021-01-01,916.1037792000001,1611.2742554638535,2069.2670123973126,916.1037792000001,916.1037792000001,0.0,0.0,0.0,0.0,0.0,0.0,0.0,0.0,0.0,0.0,0.0,0.0,0.0,0.0,0.0,0.0,0.0,0.0,0.0,0.0,0.0,0.0,0.0,0.0,1138.6214236,1138.6214236,1138.6214236,0.0,0.0,0.0,-69.41011264772308,-69.41011264772308,-69.41011264772308,0.0,0.0,0.0,-144.31239943698728,-144.31239943698728,-144.31239943698728,924.8989115152896,924.8989115152896,924.8989115152896,1138.6214236,1138.6214236,1138.6214236,0.0,0.0,0.0,1841.0026907152896
2021-01-02,915.8137871675353,651.2166643225964,1132.4306573282884,915.8137871675353,915.8137871675353,0.0,0.0,0.0,0.0,0.0,0.0,0.0,0.0,0.0,0.0,0.0,0.0,0.0,0.0,0.0,0.0,0.0,0.0,0.0,0.0,0.0,0.0,0.0,0.0,0.0,0.0,0.0,0.0,0.0,0.0,139.09579758931818,139.09579758931818,139.09579758931818,0.0,0.0,0.0,-154.81438028639062,-154.81438028639062,-154.81438028639062,-15.718582697072454,-15.718582697072454,-15.718582697072454,0.0,0.0,0.0,0.0,0.0,0.0,900.0952044704629
2021-01-03,915.5237951350707,958.4470283998982,1444.8798245376747,915.5237951350707,915.5237951350707,0.0,0.0,0.0,0.0,0.0,0.0,0.0,0.0,0.0,0.0,0.0,0.0,0.0,0.0,0.0,0.0,0.0,0.0,0.0,0.0,0.0,0.0,0.0,0.0,0.0,0.0,0.0,0.0,0.0,0.0,452.57243441266826,452.57243441266826,452.57243441266826,0.0,0.0,0.0,-166.46577050705386,-166.46577050705386,-166.46577050705386,286.1066639056145,286.1066639056145,286.1066639056145,0.0,0.0,0.0,0.0,0.0,0.0,1201.6304590406853
2021-01-04,915.233803102606,400.0864969830924,866.8510598006079,915.233803102606,915.233803102606,0.0,0.0,0.0,0.0,0.0,0.0,0.0,0.0,0.0,0.0,0.0,0.0,0.0,0.0,0.0,0.0,0.0,0.0,0.0,0.0,0.0,0.0,0.0,0.0,0.0,0.0,0.0,0.0,0.0,0.0,-100.45487011305394,-100.45487011305394,-100.45487011305394,0.0,0.0,0.0,-179.05972753633614,-179.05972753633614,-179.05972753633614,-279.5145976493902,-279.5145976493902,-279.5145976493902,0.0,0.0,0.0,0.0,0.0,0.0,635.7192054532157
2021-01-05,914.9438110701414,354.3127844988949,827.2892101080142,914.9438110701414,914.9438110701414,0.0,0.0,0.0,0.0,0.0,0.0,0.0,0.0,0.0,0.0,0.0,0.0,0.0,0.0,0.0,0.0,0.0,0.0,0.0,0.0,0.0,0.0,0.0,0.0,0.0,0.0,0.0,0.0,0.0,0.0,-140.2813613686346,-140.2813613686346,-140.2813613686346,0.0,0.0,0.0,-192.3717335390572,-192.3717335390572,-192.3717335390572,-332.6530949076918,-332.6530949076918,-332.6530949076918,0.0,0.0,0.0,0.0,0.0,0.0,582.2907161624496
2021-01-06,914.6538190376766,339.8468945693007,792.4653235259325,914.6538190376766,914.6538190376766,0.0,0.0,0.0,0.0,0.0,0.0,0.0,0.0,0.0,0.0,0.0,0.0,0.0,0.0,0.0,0.0,0.0,0.0,0.0,0.0,0.0,0.0,0.0,0.0,0.0,0.0,0.0,0.0,0.0,0.0,-142.7581730548242,-142.7581730548242,-142.7581730548242,0.0,0.0,0.0,-206.1660503827323,-206.1660503827323,-206.1660503827323,-348.9242234375565,-348.9242234375565,-348.9242234375565,0.0,0.0,0.0,0.0,0.0,0.0,565.7295956001201
2021-01-07,914.3638270052121,337.16786221572363,796.225094448646,914.3638270052121,914.3638270052121,0.0,0.0,0.0,0.0,0.0,0.0,0.0,0.0,0.0,0.0,0.0,0.0,0.0,0.0,0.0,0.0,0.0,0.0,0.0,0.0,0.0,0.0,0.0,0.0,0.0,0.0,0.0,0.0,0.0,0.0,-138.763714819889,-138.763714819889,-138.763714819889,0.0,0.0,0.0,-220.20249500615483,-220.20249500615483,-220.20249500615483,-358.9662098260438,-358.9662098260438,-358.9662098260438,0.0,0.0,0.0,0.0,0.0,0.0,555.3976171791683
2021-01-08,914.0738349727474,376.66231220109853,852.2393416271963,914.0738349727474,914.0738349727474,0.0,0.0,0.0,0.0,0.0,0.0,0.0,0.0,0.0,0.0,0.0,0.0,0.0,0.0,0.0,0.0,0.0,0.0,0.0,0.0,0.0,0.0,0.0,0.0,0.0,0.0,0.0,0.0,0.0,0.0,-69.41011264736646,-69.41011264736646,-69.41011264736646,0.0,0.0,0.0,-234.24328844135295,-234.24328844135295,-234.24328844135295,-303.6534010887195,-303.6534010887195,-303.6534010887195,0.0,0.0,0.0,0.0,0.0,0.0,610.420433884028
2021-01-09,913.7838429402825,559.9833869016848,1036.0232339535344,913.7838429402825,913.7838429402825,0.0,0.0,0.0,0.0,0.0,0.0,0.0,0.0,0.0,0.0,0.0,0.0,0.0,0.0,0.0,0.0,0.0,0.0,0.0,0.0,0.0,0.0,0.0,0.0,0.0,0.0,0.0,0.0,0.0,0.0,139.09579758888663,139.09579758888663,139.09579758888663,0.0,0.0,0.0,-248.05972802668785,-248.05972802668785,-248.05972802668785,-108.96393043780122,-108.96393043780122,-108.96393043780122,0.0,0.0,0.0,0.0,0.0,0.0,804.8199125024813
2021-01-10,913.493850907818,878.5496983109616,1348.5873530602016,913.493850907818,913.493850907818,0.0,0.0,0.0,0.0,0.0,0.0,0.0,0.0,0.0,0.0,0.0,0.0,0.0,0.0,0.0,0.0,0.0,0.0,0.0,0.0,0.0,0.0,0.0,0.0,0.0,0.0,0.0,0.0,0.0,0.0,452.5724344127638,452.5724344127638,452.5724344127638,0.0,0.0,0.0,-261.43843832352195,-261.43843832352195,-261.43843832352195,191.13399608924178,191.13399608924178,191.13399608924178,0.0,0.0,0.0,0.0,0.0,0.0,1104.6278469970598
2021-01-11,913.2038588753533,298.58389626189694,771.2971505724557,913.2038588753533,913.2038588753533,0.0,0.0,0.0,0.0,0.0,0.0,0.0,0.0,0.0,0.0,0.0,0.0,0.0,0.0,0.0,0.0,0.0,0.0,0.0,0.0,0.0,0.0,0.0,0.0,0.0,0.0,0.0,0.0,0.0,0.0,-100.4548701109791,-100.4548701109791,-100.4548701109791,0.0,0.0,0.0,-274.1869717451198,-274.1869717451198,-274.1869717451198,-374.6418418560989,-374.6418418560989,-374.6418418560989,0.0,0.0,0.0,0.0,0.0,0.0,538.5620170192544
2021-01-12,912.9138668428886,251.29544374814816,712.618367248209,912.9138668428886,912.9138668428886,0.0,0.0,0.0,0.0,0.0,0.0,0.0,0.0,0.0,0.0,0.0,0.0,0.0,0.0,0.0,0.0,0.0,0.0,0.0,0.0,0.0,0.0,0.0,0.0,0.0,0.0,0.0,0.0,0.0,0.0,-140.28136136818154,-140.28136136818154,-140.28136136818154,0.0,0.0,0.0,-286.1385543706629,-286.1385543706629,-286.1385543706629,-426.41991573884457,-426.41991573884457,-426.41991573884457,0.0,0.0,0.0,0.0,0.0,0.0,486.4939511040441
2021-01-13,912.6238748104239,239.11028666545423,707.2967598918913,912.6238748104239,912.6238748104239,0.0,0.0,0.0,0.0,0.0,0.0,0.0,0.0,0.0,0.0,0.0,0.0,0.0,0.0,0.0,0.0,0.0,0.0,0.0,0.0,0.0,0.0,0.0,0.0,0.0,0.0,0.0,0.0,0.0,0.0,-142.7581730543443,-142.7581730543443,-142.7581730543443,0.0,0.0,0.0,-297.15580495269876,-297.15580495269876,-297.15580495269876,-439.91397800704294,-439.91397800704294,-439.91397800704294,0.0,0.0,0.0,0.0,0.0,0.0,472.70989680338096
2021-01-14,912.3338827779592,249.3110791813871,706.240212272397,912.3338827779592,912.3338827779592,0.0,0.0,0.0,0.0,0.0,0.0,0.0,0.0,0.0,0.0,0.0,0.0,0.0,0.0,0.0,0.0,0.0,0.0,0.0,0.0,0.0,0.0,0.0,0.0,0.0,0.0,0.0,0.0,0.0,0.0,-138.76371481997742,-138.76371481997742,-138.76371481997742,0.0,0.0,0.0,-307.1332945138625,-307.1332945138625,-307.1332945138625,-445.89700933384,-445.89700933384,-445.89700933384,0.0,0.0,0.0,0.0,0.0,0.0,466.43687344411916
2021-01-15,912.0438907454945,286.7241649552511,761.9986804288849,912.0438907454945,912.0438907454945,0.0,0.0,0.0,0.0,0.0,0.0,0.0,0.0,0.0,0.0,0.0,0.0,0.0,0.0,0.0,0.0,0.0,0.0,0.0,0.0,0.0,0.0,0.0,0.0,0.0,0.0,0.0,0.0,0.0,0.0,-69.41011264704835,-69.41011264704835,-69.41011264704835,0.0,0.0,0.0,-315.9988586836059,-315.9988586836059,-315.9988586836059,-385.4089713306542,-385.4089713306542,-385.4089713306542,0.0,0.0,0.0,0.0,0.0,0.0,526.6349194148404
2021-01-16,911.7538987130298,482.51939059187526,958.764546211483,911.7538987130298,911.7538987130298,0.0,0.0,0.0,0.0,0.0,0.0,0.0,0.0,0.0,0.0,0.0,0.0,0.0,0.0,0.0,0.0,0.0,0.0,0.0,0.0,0.0,0.0,0.0,0.0,0.0,0.0,0.0,0.0,0.0,0.0,139.0957975896812,139.0957975896812,139.0957975896812,0.0,0.0,0.0,-323.7136233443991,-323.7136233443991,-323.7136233443991,-184.61782575471784,-184.61782575471784,-184.61782575471784,0.0,0.0,0.0,0.0,0.0,0.0,727.136072958312
2021-01-17,911.4639066805653,819.7053213710142,1261.1472785615017,911.4639066805653,911.4639066805653,0.0,0.0,0.0,0.0,0.0,0.0,0.0,0.0,0.0,0.0,0.0,0.0,0.0,0.0,0.0,0.0,0.0,0.0,0.0,0.0,0.0,0.0,0.0,0.0,0.0,0.0,0.0,0.0,0.0,0.0,452.57243441290757,452.57243441290757,452.57243441290757,0.0,0.0,0.0,-330.2707543858212,-330.2707543858212,-330.2707543858212,122.30168002708652,122.30168002708652,122.30168002708652,0.0,0.0,0.0,0.0,0.0,0.0,1033.765586707652
2021-01-18,911.1739146481005,243.5939689645255,721.7446287449721,911.1739146481005,911.1739146481005,0.0,0.0,0.0,0.0,0.0,0.0,0.0,0.0,0.0,0.0,0.0,0.0,0.0,0.0,0.0,0.0,0.0,0.0,0.0,0.0,0.0,0.0,0.0,0.0,0.0,0.0,0.0,0.0,0.0,0.0,-100.45487011168088,-100.45487011168088,-100.45487011168088,0.0,0.0,0.0,-335.69299247178816,-335.69299247178816,-335.69299247178816,-436.14786258346885,-436.14786258346885,-436.14786258346885,0.0,0.0,0.0,0.0,0.0,0.0,475.0260520646317
2021-01-19,910.8839226156359,205.26051065682134,655.5427794609383,910.8839226156359,910.8839226156359,0.0,0.0,0.0,0.0,0.0,0.0,0.0,0.0,0.0,0.0,0.0,0.0,0.0,0.0,0.0,0.0,0.0,0.0,0.0,0.0,0.0,0.0,0.0,0.0,0.0,0.0,0.0,0.0,0.0,0.0,-140.28136136876523,-140.28136136876523,-140.28136136876523,0.0,0.0,0.0,-340.0290817617064,-340.0290817617064,-340.0290817617064,-480.3104431304715,-480.3104431304715,-480.3104431304715,0.0,0.0,0.0,0.0,0.0,0.0,430.5734794851644
2021-01-20,910.5939305831712,175.0672869095561,663.4719059877367,910.5939305831712,910.5939305831712,0.0,0.0,0.0,0.0,0.0,0.0,0.0,0.0,0.0,0.0,0.0,0.0,0.0,0.0,0.0,0.0,0.0,0.0,0.0,0.0,0.0,0.0,0.0,0.0,0.0,0.0,0.0,0.0,0.0,0.0,-142.75817305337992,-142.75817305337992,-142.75817305337992,0.0,0.0,0.0,-343.3492456251707,-343.3492456251707,-343.3492456251707,-486.1074186785506,-486.1074186785506,-486.1074186785506,0.0,0.0,0.0,0.0,0.0,0.0,424.4865119046206
2021-01-21,910.3039385507064,175.18309868397063,647.8722905909,910.3039385507064,910.3039385507064,0.0,0.0,0.0,0.0,0.0,0.0,0.0,0.0,0.0,0.0,0.0,0.0,0.0,0.0,0.0,0.0,0.0,0.0,0.0,0.0,0.0,0.0,0.0,0.0,0.0,0.0,0.0,0.0,0.0,0.0,-138.7637148203351,-138.7637148203351,-138.7637148203351,0.0,0.0,0.0,-345.7399008040583,-345.7399008040583,-345.7399008040583,-484.50361562439343,-484.50361562439343,-484.50361562439343,0.0,0.0,0.0,0.0,0.0,0.0,425.800322926313
2021-01-22,910.0139464975827,244.35319023076838,729.8095162892456,910.0139464975827,910.0139464975827,0.0,0.0,0.0,0.0,0.0,0.0,0.0,0.0,0.0,0.0,0.0,0.0,0.0,0.0,0.0,0.0,0.0,0.0,0.0,0.0,0.0,0.0,0.0,0.0,0.0,0.0,0.0,0.0,0.0,0.0,-69.41011264815573,-69.41011264815573,-69.41011264815573,0.0,0.0,0.0,-347.2978326797016,-347.2978326797016,-347.2978326797016,-416.7079453278574,-416.7079453278574,-416.7079453278574,0.0,0.0,0.0,0.0,0.0,0.0,493.3060011697253
2021-01-23,909.7239544444586,463.9575116061442,952.3812797682707,909.7239544444586,909.7239544444586,0.0,0.0,0.0,0.0,0.0,0.0,0.0,0.0,0.0,0.0,0.0,0.0,0.0,0.0,0.0,0.0,0.0,0.0,0.0,0.0,0.0,0.0,0.0,0.0,0.0,0.0,0.0,0.0,0.0,0.0,139.09579759047577,139.09579759047577,139.09579759047577,0.0,0.0,0.0,-348.12407702633726,-348.12407702633726,-348.12407702633726,-209.0282794358615,-209.0282794358615,-209.0282794358615,0.0,0.0,0.0,0.0,0.0,0.0,700.6956750085972
2021-01-24,909.4339623913346,773.2397957201686,1256.861516447552,909.4339623913346,909.4339623913346,0.0,0.0,0.0,0.0,0.0,0.0,0.0,0.0,0.0,0.0,0.0,0.0,0.0,0.0,0.0,0.0,0.0,0.0,0.0,0.0,0.0,0.0,0.0,0.0,0.0,0.0,0.0,0.0,0.0,0.0,452.5724344125818,452.5724344125818,452.5724344125818,0.0,0.0,0.0,-348.3177669236582,-348.3177669236582,-348.3177669236582,104.25466748892362,104.25466748892362,104.25466748892362,0.0,0.0,0.0,0.0,0.0,0.0,1013.6886298802582
2021-01-25,909.1439703382108,237.5122970717254,707.9152124729507,909.1439703382108,909.1439703382108,0.0,0.0,0.0,0.0,0.0,0.0,0.0,0.0,0.0,0.0,0.0,0.0,0.0,0.0,0.0,0.0,0.0,0.0,0.0,0.0,0.0,0.0,0.0,0.0,0.0,0.0,0.0,0.0,0.0,0.0,-100.45487011133079,-100.45487011133079,-100.45487011133079,0.0,0.0,0.0,-347.97020676279004,-347.97020676279004,-347.97020676279004,-448.4250768741209,-448.4250768741209,-448.4250768741209,0.0,0.0,0.0,0.0,0.0,0.0,460.7188934640899
2021-01-26,908.8539782850868,162.79158917338475,660.4854021546967,908.8539782850868,908.8539782850868,0.0,0.0,0.0,0.0,0.0,0.0,0.0,0.0,0.0,0.0,0.0,0.0,0.0,0.0,0.0,0.0,0.0,0.0,0.0,0.0,0.0,0.0,0.0,0.0,0.0,0.0,0.0,0.0,0.0,0.0,-140.2813613685624,-140.2813613685624,-140.2813613685624,0.0,0.0,0.0,-347.1594282876273,-347.1594282876273,-347.1594282876273,-487.4407896561896,-487.4407896561896,-487.4407896561896,0.0,0.0,0.0,0.0,0.0,0.0,421.41318862889716
2021-01-27,908.5639862319628,194.5041051163712,675.5534919310949,908.5639862319628,908.5639862319628,0.0,0.0,0.0,0.0,0.0,0.0,0.0,0.0,0.0,0.0,0.0,0.0,0.0,0.0,0.0,0.0,0.0,0.0,0.0,0.0,0.0,0.0,0.0,0.0,0.0,0.0,0.0,0.0,0.0,0.0,-142.75817305420262,-142.75817305420262,-142.75817305420262,0.0,0.0,0.0,-345.9454665395678,-345.9454665395678,-345.9454665395678,-488.7036395937705,-488.7036395937705,-488.7036395937705,0.0,0.0,0.0,0.0,0.0,0.0,419.86034663819225
2021-01-28,908.273994178839,189.83025789146257,668.6481956253492,908.273994178839,908.273994178839,0.0,0.0,0.0,0.0,0.0,0.0,0.0,0.0,0.0,0.0,0.0,0.0,0.0,0.0,0.0,0.0,0.0,0.0,0.0,0.0,0.0,0.0,0.0,0.0,0.0,0.0,0.0,0.0,0.0,0.0,-138.76371482005703,-138.76371482005703,-138.76371482005703,0.0,0.0,0.0,-344.36656697061073,-344.36656697061073,-344.36656697061073,-483.1302817906677,-483.1302817906677,-483.1302817906677,0.0,0.0,0.0,0.0,0.0,0.0,425.14371238817125
2021-01-29,907.9840021257149,245.78630430374835,720.5020909782435,907.9840021257149,907.9840021257149,0.0,0.0,0.0,0.0,0.0,0.0,0.0,0.0,0.0,0.0,0.0,0.0,0.0,0.0,0.0,0.0,0.0,0.0,0.0,0.0,0.0,0.0,0.0,0.0,0.0,0.0,0.0,0.0,0.0,0.0,-69.41011264811726,-69.41011264811726,-69.41011264811726,0.0,0.0,0.0,-342.43649978116383,-342.43649978116383,-342.43649978116383,-411.8466124292812,-411.8466124292812,-411.8466124292812,0.0,0.0,0.0,0.0,0.0,0.0,496.13738969643373
2021-01-30,907.6940100725909,485.38045162449026,920.3511513471874,907.6940100725909,907.6940100725909,0.0,0.0,0.0,0.0,0.0,0.0,0.0,0.0,0.0,0.0,0.0,0.0,0.0,0.0,0.0,0.0,0.0,0.0,0.0,0.0,0.0,0.0,0.0,0.0,0.0,0.0,0.0,0.0,0.0,0.0,139.0957975900443,139.0957975900443,139.0957975900443,0.0,0.0,0.0,-340.1431149826757,-340.1431149826757,-340.1431149826757,-201.04731739263138,-201.04731739263138,-201.04731739263138,0.0,0.0,0.0,0.0,0.0,0.0,706.6466926799595
2021-01-31,907.4040180194671,779.8373012851143,1249.937930380096,907.4040180194671,907.4040180194671,0.0,0.0,0.0,0.0,0.0,0.0,0.0,0.0,0.0,0.0,0.0,0.0,0.0,0.0,0.0,0.0,0.0,0.0,0.0,0.0,0.0,0.0,0.0,0.0,0.0,0.0,0.0,0.0,0.0,0.0,452.57243441231043,452.57243441231043,452.57243441231043,0.0,0.0,0.0,-337.4482233319896,-337.4482233319896,-337.4482233319896,115.12421108032086,115.12421108032086,115.12421108032086,0.0,0.0,0.0,0.0,0.0,0.0,1022.528229099788
2021-02-01,907.1140259663431,235.8817589673951,703.8757643213593,907.1140259663431,907.1140259663431,0.0,0.0,0.0,0.0,0.0,0.0,0.0,0.0,0.0,0.0,0.0,0.0,0.0,0.0,0.0,0.0,0.0,0.0,0.0,0.0,0.0,0.0,0.0,0.0,0.0,0.0,0.0,0.0,0.0,0.0,-100.45487011203257,-100.45487011203257,-100.45487011203257,0.0,0.0,0.0,-334.2888359185215,-334.2888359185215,-334.2888359185215,-434.74370603055416,-434.74370603055416,-434.74370603055416,0.0,0.0,0.0,0.0,0.0,0.0,472.3703199357889
2021-02-02,906.8240339132193,203.43309102100042,661.5937445341814,906.8240339132193,906.8240339132193,0.0,0.0,0.0,0.0,0.0,0.0,0.0,0.0,0.0,0.0,0.0,0.0,0.0,0.0,0.0,0.0,0.0,0.0,0.0,0.0,0.0,0.0,0.0,0.0,0.0,0.0,0.0,0.0,0.0,0.0,-140.28136136909782,-140.28136136909782,-140.28136136909782,0.0,0.0,0.0,-330.5797407640348,-330.5797407640348,-330.5797407640348,-470.8611021331326,-470.8611021331326,-470.8611021331326,0.0,0.0,0.0,0.0,0.0,0.0,435.9629317800867
2021-02-03,906.5340418600953,206.6499817217111,658.423054593885,906.5340418600953,906.5340418600953,0.0,0.0,0.0,0.0,0.0,0.0,0.0,0.0,0.0,0.0,0.0,0.0,0.0,0.0,0.0,0.0,0.0,0.0,0.0,0.0,0.0,0.0,0.0,0.0,0.0,0.0,0.0,0.0,0.0,0.0,-142.7581730542073,-142.7581730542073,-142.7581730542073,0.0,0.0,0.0,-326.21734036802695,-326.21734036802695,-326.21734036802695,-468.97551342223414,-468.97551342223414,-468.97551342223414,0.0,0.0,0.0,0.0,0.0,0.0,437.5585284378611
2021-02-04,906.2440498069712,203.3357521090962,683.1734910697487,906.2440498069712,906.2440498069712,0.0,0.0,0.0,0.0,0.0,0.0,0.0,0.0,0.0,0.0,0.0,0.0,0.0,0.0,0.0,0.0,0.0,0.0,0.0,0.0,0.0,0.0,0.0,0.0,0.0,0.0,0.0,0.0,0.0,0.0,-138.76371482041472,-138.76371482041472,-138.76371482041472,0.0,0.0,0.0,-321.08462177915976,-321.08462177915976,-321.08462177915976,-459.8483365995745,-459.8483365995745,-459.8483365995745,0.0,0.0,0.0,0.0,0.0,0.0,446.39571320739674
2021-02-05,905.9540577538475,260.0912977780479,728.5007582829021,905.9540577538475,905.9540577538475,0.0,0.0,0.0,0.0,0.0,0.0,0.0,0.0,0.0,0.0,0.0,0.0,0.0,0.0,0.0,0.0,0.0,0.0,0.0,0.0,0.0,0.0,0.0,0.0,0.0,0.0,0.0,0.0,0.0,0.0,-69.41011264744246,-69.41011264744246,-69.41011264744246,0.0,0.0,0.0,-315.0570825124159,-315.0570825124159,-315.0570825124159,-384.4671951598583,-384.4671951598583,-384.4671951598583,0.0,0.0,0.0,0.0,0.0,0.0,521.4868625939891
2021-02-06,905.6640657007234,501.01641777719357,965.680550535574,905.6640657007234,905.6640657007234,0.0,0.0,0.0,0.0,0.0,0.0,0.0,0.0,0.0,0.0,0.0,0.0,0.0,0.0,0.0,0.0,0.0,0.0,0.0,0.0,0.0,0.0,0.0,0.0,0.0,0.0,0.0,0.0,0.0,0.0,139.09579758965825,139.09579758965825,139.09579758965825,0.0,0.0,0.0,-308.0093933503452,-308.0093933503452,-308.0093933503452,-168.91359576068697,-168.91359576068697,-168.91359576068697,0.0,0.0,0.0,0.0,0.0,0.0,736.7504699400365
2021-02-07,905.3740736475994,820.3526494766327,1295.4453095578328,905.3740736475994,905.3740736475994,0.0,0.0,0.0,0.0,0.0,0.0,0.0,0.0,0.0,0.0,0.0,0.0,0.0,0.0,0.0,0.0,0.0,0.0,0.0,0.0,0.0,0.0,0.0,0.0,0.0,0.0,0.0,0.0,0.0,0.0,452.57243441282105,452.57243441282105,452.57243441282105,0.0,0.0,0.0,-299.82254445537876,-299.82254445537876,-299.82254445537876,152.74988995744224,152.74988995744224,152.74988995744224,0.0,0.0,0.0,0.0,0.0,0.0,1058.1239636050416
2021-02-08,905.0840815944756,274.4673772027737,752.0010454631987,905.0840815944756,905.0840815944756,0.0,0.0,0.0,0.0,0.0,0.0,0.0,0.0,0.0,0.0,0.0,0.0,0.0,0.0,0.0,0.0,0.0,0.0,0.0,0.0,0.0,0.0,0.0,0.0,0.0,0.0,0.0,0.0,0.0,0.0,-100.45487011179112,-100.45487011179112,-100.45487011179112,0.0,0.0,0.0,-290.39119568903027,-290.39119568903027,-290.39119568903027,-390.8460658008214,-390.8460658008214,-390.8460658008214,0.0,0.0,0.0,0.0,0.0,0.0,514.2380157936542
2021-02-09,904.7940895413516,259.1330904054228,729.4891884517211,904.7940895413516,904.7940895413516,0.0,0.0,0.0,0.0,0.0,0.0,0.0,0.0,0.0,0.0,0.0,0.0,0.0,0.0,0.0,0.0,0.0,0.0,0.0,0.0,0.0,0.0,0.0,0.0,0.0,0.0,0.0,0.0,0.0,0.0,-140.28136136864472,-140.28136136864472,-140.28136136864472,0.0,0.0,0.0,-279.63093668558656,-279.63093668558656,-279.63093668558656,-419.91229805423126,-419.91229805423126,-419.91229805423126,0.0,0.0,0.0,0.0,0.0,0.0,484.8817914871203
2021-02-10,904.5040974882276,254.7041245582624,752.5391920863393,904.5040974882276,904.5040974882276,0.0,0.0,0.0,0.0,0.0,0.0,0.0,0.0,0.0,0.0,0.0,0.0,0.0,0.0,0.0,0.0,0.0,0.0,0.0,0.0,0.0,0.0,0.0,0.0,0.0,0.0,0.0,0.0,0.0,0.0,-142.75817305455416,-142.75817305455416,-142.75817305455416,0.0,0.0,0.0,-267.48515778427867,-267.48515778427867,-267.48515778427867,-410.2433308388329,-410.2433308388329,-410.2433308388329,0.0,0.0,0.0,0.0,0.0,0.0,494.26076664939467
2021-02-11,904.2141054351038,268.55179538855725,739.656929791312,904.2141054351038,904.2141054351038,0.0,0.0,0.0,0.0,0.0,0.0,0.0,0.0,0.0,0.0,0.0,0.0,0.0,0.0,0.0,0.0,0.0,0.0,0.0,0.0,0.0,0.0,0.0,0.0,0.0,0.0,0.0,0.0,0.0,0.0,-138.76371482113885,-138.76371482113885,-138.76371482113885,0.0,0.0,0.0,-253.9312397195123,-253.9312397195123,-253.9312397195123,-392.69495454065117,-392.69495454065117,-392.69495454065117,0.0,0.0,0.0,0.0,0.0,0.0,511.5191508944526
2021-02-12,903.9241133040209,357.2500074550379,831.2312583105054,903.9241133040209,903.9241133040209,0.0,0.0,0.0,0.0,0.0,0.0,0.0,0.0,0.0,0.0,0.0,0.0,0.0,0.0,0.0,0.0,0.0,0.0,0.0,0.0,0.0,0.0,0.0,0.0,0.0,0.0,0.0,0.0,0.0,0.0,-69.41011264744249,-69.41011264744249,-69.41011264744249,0.0,0.0,0.0,-238.98578792076972,-238.98578792076972,-238.98578792076972,-308.39590056821214,-308.39590056821214,-308.39590056821214,0.0,0.0,0.0,0.0,0.0,0.0,595.5282127358088
2021-02-13,903.634121172938,572.1931032930804,1047.39205987392,903.634121172938,903.634121172938,0.0,0.0,0.0,0.0,0.0,0.0,0.0,0.0,0.0,0.0,0.0,0.0,0.0,0.0,0.0,0.0,0.0,0.0,0.0,0.0,0.0,0.0,0.0,0.0,0.0,0.0,0.0,0.0,0.0,0.0,139.0957975894335,139.0957975894335,139.0957975894335,0.0,0.0,0.0,-222.70866588355818,-222.70866588355818,-222.70866588355818,-83.61286829412464,-83.61286829412464,-83.61286829412464,0.0,0.0,0.0,0.0,0.0,0.0,820.0212528788134
2021-02-14,903.3441290418551,905.4836876342487,1398.4567598404813,903.3441290418551,903.3441290418551,0.0,0.0,0.0,0.0,0.0,0.0,0.0,0.0,0.0,0.0,0.0,0.0,0.0,0.0,0.0,0.0,0.0,0.0,0.0,0.0,0.0,0.0,0.0,0.0,0.0,0.0,0.0,0.0,0.0,0.0,452.57243441254985,452.57243441254985,452.57243441254985,0.0,0.0,0.0,-205.20562044769443,-205.20562044769443,-205.20562044769443,247.3668139648554,247.3668139648554,247.3668139648554,0.0,0.0,0.0,0.0,0.0,0.0,1150.7109430067105
2021-02-15,903.0541369107723,393.8242598200753,851.0055228455609,903.0541369107723,903.0541369107723,0.0,0.0,0.0,0.0,0.0,0.0,0.0,0.0,0.0,0.0,0.0,0.0,0.0,0.0,0.0,0.0,0.0,0.0,0.0,0.0,0.0,0.0,0.0,0.0,0.0,0.0,0.0,0.0,0.0,0.0,-100.45487011249288,-100.45487011249288,-100.45487011249288,0.0,0.0,0.0,-186.62933868938023,-186.62933868938023,-186.62933868938023,-287.0842088018731,-287.0842088018731,-287.0842088018731,0.0,0.0,0.0,0.0,0.0,0.0,615.9699281088992
2021-02-16,902.7641447796893,352.04957918332985,822.9451804111214,902.7641447796893,902.7641447796893,0.0,0.0,0.0,0.0,0.0,0.0,0.0,0.0,0.0,0.0,0.0,0.0,0.0,0.0,0.0,0.0,0.0,0.0,0.0,0.0,0.0,0.0,0.0,0.0,0.0,0.0,0.0,0.0,0.0,0.0,-140.2813613694786,-140.2813613694786,-140.2813613694786,0.0,0.0,0.0,-167.1788299050751,-167.1788299050751,-167.1788299050751,-307.46019127455367,-307.46019127455367,-307.46019127455367,0.0,0.0,0.0,0.0,0.0,0.0,595.3039535051357
2021-02-17,902.4741526486063,388.77564981892357,858.7623923897911,902.4741526486063,902.4741526486063,0.0,0.0,0.0,0.0,0.0,0.0,0.0,0.0,0.0,0.0,0.0,0.0,0.0,0.0,0.0,0.0,0.0,0.0,0.0,0.0,0.0,0.0,0.0,0.0,0.0,0.0,0.0,0.0,0.0,0.0,-142.75817305373215,-142.75817305373215,-142.75817305373215,0.0,0.0,0.0,-147.0970849711042,-147.0970849711042,-147.0970849711042,-289.85525802483636,-289.85525802483636,-289.85525802483636,0.0,0.0,0.0,0.0,0.0,0.0,612.6188946237698
2021-02-18,902.1841605175234,390.8173070235736,879.1912855453344,902.1841605175234,902.1841605175234,0.0,0.0,0.0,0.0,0.0,0.0,0.0,0.0,0.0,0.0,0.0,0.0,0.0,0.0,0.0,0.0,0.0,0.0,0.0,0.0,0.0,0.0,0.0,0.0,0.0,0.0,0.0,0.0,0.0,0.0,-138.76371482021895,-138.76371482021895,-138.76371482021895,0.0,0.0,0.0,-126.66702712965697,-126.66702712965697,-126.66702712965697,-265.430741949876,-265.430741949876,-265.430741949876,0.0,0.0,0.0,0.0,0.0,0.0,636.7534185676475
2021-02-19,901.8941683864406,494.625249700064,958.5447232559025,901.8941683864406,901.8941683864406,0.0,0.0,0.0,0.0,0.0,0.0,0.0,0.0,0.0,0.0,0.0,0.0,0.0,0.0,0.0,0.0,0.0,0.0,0.0,0.0,0.0,0.0,0.0,0.0,0.0,0.0,0.0,0.0,0.0,0.0,-69.4101126470859,-69.4101126470859,-69.4101126470859,0.0,0.0,0.0,-106.20583077251115,-106.20583077251115,-106.20583077251115,-175.61594341959707,-175.61594341959707,-175.61594341959707,0.0,0.0,0.0,0.0,0.0,0.0,726.2782249668435
2021-02-20,901.6041762553576,737.3877055100475,1194.6162709610592,901.6041762553576,901.6041762553576,0.0,0.0,0.0,0.0,0.0,0.0,0.0,0.0,0.0,0.0,0.0,0.0,0.0,0.0,0.0,0.0,0.0,0.0,0.0,0.0,0.0,0.0,0.0,0.0,0.0,0.0,0.0,0.0,0.0,0.0,139.09579759022807,139.09579759022807,139.09579759022807,0.0,0.0,0.0,-86.05774580378792,-86.05774580378792,-86.05774580378792,53.038051786440164,53.038051786440164,53.038051786440164,0.0,0.0,0.0,0.0,0.0,0.0,954.6422280417978
2021-02-21,901.3141841242748,1060.1374942528682,1514.5070311365218,901.3141841242748,901.3141841242748,0.0,0.0,0.0,0.0,0.0,0.0,0.0,0.0,0.0,0.0,0.0,0.0,0.0,0.0,0.0,0.0,0.0,0.0,0.0,0.0,0.0,0.0,0.0,0.0,0.0,0.0,0.0,0.0,0.0,0.0,452.57243441305417,452.57243441305417,452.57243441305417,0.0,0.0,0.0,-66.58562243775498,-66.58562243775498,-66.58562243775498,385.9868119752992,385.9868119752992,385.9868119752992,0.0,0.0,0.0,0.0,0.0,0.0,1287.300996099574
2021-02-22,901.024191993192,524.3508507250933,996.9643057873776,901.024191993192,901.024191993192,0.0,0.0,0.0,0.0,0.0,0.0,0.0,0.0,0.0,0.0,0.0,0.0,0.0,0.0,0.0,0.0,0.0,0.0,0.0,0.0,0.0,0.0,0.0,0.0,0.0,0.0,0.0,0.0,0.0,0.0,-100.45487011308606,-100.45487011308606,-100.45487011308606,0.0,0.0,0.0,-48.16138269572996,-48.16138269572996,-48.16138269572996,-148.616252808816,-148.616252808816,-148.616252808816,0.0,0.0,0.0,0.0,0.0,0.0,752.4079391843759
2021-02-23,900.734199862109,481.2999178173167,962.4852383747319,900.734199862109,900.734199862109,0.0,0.0,0.0,0.0,0.0,0.0,0.0,0.0,0.0,0.0,0.0,0.0,0.0,0.0,0.0,0.0,0.0,0.0,0.0,0.0,0.0,0.0,0.0,0.0,0.0,0.0,0.0,0.0,0.0,0.0,-140.28136136740432,-140.28136136740432,-140.28136136740432,0.0,0.0,0.0,-31.155728474107875,-31.155728474107875,-31.155728474107875,-171.43708984151226,-171.43708984151226,-171.43708984151226,0.0,0.0,0.0,0.0,0.0,0.0,729.2971100205967
2021-02-24,900.4442077310262,500.33203159365337,992.4284083724895,900.4442077310262,900.4442077310262,0.0,0.0,0.0,0.0,0.0,0.0,0.0,0.0,0.0,0.0,0.0,0.0,0.0,0.0,0.0,0.0,0.0,0.0,0.0,0.0,0.0,0.0,0.0,0.0,0.0,0.0,0.0,0.0,0.0,0.0,-142.75817305407898,-142.75817305407898,-142.75817305407898,0.0,0.0,0.0,-15.927410189512837,-15.927410189512837,-15.927410189512837,-158.68558324359185,-158.68558324359185,-158.68558324359185,0.0,0.0,0.0,0.0,0.0,0.0,741.7586244874343
2021-02-25,900.1542155999432,516.0518949924092,983.836196868589,900.1542155999432,900.1542155999432,0.0,0.0,0.0,0.0,0.0,0.0,0.0,0.0,0.0,0.0,0.0,0.0,0.0,0.0,0.0,0.0,0.0,0.0,0.0,0.0,0.0,0.0,0.0,0.0,0.0,0.0,0.0,0.0,0.0,0.0,-138.7637148199409,-138.7637148199409,-138.7637148199409,0.0,0.0,0.0,-2.8124033080005417,-2.8124033080005417,-2.8124033080005417,-141.57611812794147,-141.57611812794147,-141.57611812794147,0.0,0.0,0.0,0.0,0.0,0.0,758.5780974720017
2021-02-26,899.8642234688602,595.6167216399906,1075.967884439263,899.8642234688602,899.8642234688602,0.0,0.0,0.0,0.0,0.0,0.0,0.0,0.0,0.0,0.0,0.0,0.0,0.0,0.0,0.0,0.0,0.0,0.0,0.0,0.0,0.0,0.0,0.0,0.0,0.0,0.0,0.0,0.0,0.0,0.0,-69.41011264708591,-69.41011264708591,-69.41011264708591,0.0,0.0,0.0,7.886648446290869,7.886648446290869,7.886648446290869,-61.52346420079509,-61.52346420079509,-61.52346420079509,0.0,0.0,0.0,0.0,0.0,0.0,838.3407592680652
2021-02-27,899.5742313377773,816.4026516102722,1290.2414991580097,899.5742313377773,899.5742313377773,0.0,0.0,0.0,0.0,0.0,0.0,0.0,0.0,0.0,0.0,0.0,0.0,0.0,0.0,0.0,0.0,0.0,0.0,0.0,0.0,0.0,0.0,0.0,0.0,0.0,0.0,0.0,0.0,0.0,0.0,139.09579758979655,139.09579758979655,139.09579758979655,0.0,0.0,0.0,15.910365299912808,15.910365299912808,15.910365299912808,155.00616288970934,155.00616288970934,155.00616288970934,0.0,0.0,0.0,0.0,0.0,0.0,1054.5803942274865
2021-02-28,899.2842392066945,1124.756141201118,1612.2503312670372,899.2842392066945,899.2842392066945,0.0,0.0,0.0,0.0,0.0,0.0,0.0,0.0,0.0,0.0,0.0,0.0,0.0,0.0,0.0,0.0,0.0,0.0,0.0,0.0,0.0,0.0,0.0,0.0,0.0,0.0,0.0,0.0,0.0,0.0,452.5724344128373,452.5724344128373,452.5724344128373,0.0,0.0,0.0,21.051594556774912,21.051594556774912,21.051594556774912,473.62402896961225,473.62402896961225,473.62402896961225,0.0,0.0,0.0,0.0,0.0,0.0,1372.9082681763066
2021-03-01,898.9942470756115,580.7231236593103,1065.1621046656946,898.9942470756115,898.9942470756115,0.0,0.0,0.0,0.0,0.0,0.0,0.0,0.0,0.0,0.0,0.0,0.0,0.0,0.0,0.0,0.0,0.0,0.0,0.0,0.0,0.0,0.0,0.0,0.0,0.0,0.0,0.0,0.0,0.0,0.0,-100.45487011184579,-100.45487011184579,-100.45487011184579,0.0,0.0,0.0,23.163085750833876,23.163085750833876,23.163085750833876,-77.29178436101193,-77.29178436101193,-77.29178436101193,0.0,0.0,0.0,0.0,0.0,0.0,821.7024627145995
2021-03-02,898.7042549445287,549.3007958558549,1016.2577787847151,898.7042549445287,898.7042549445287,0.0,0.0,0.0,0.0,0.0,0.0,0.0,0.0,0.0,0.0,0.0,0.0,0.0,0.0,0.0,0.0,0.0,0.0,0.0,0.0,0.0,0.0,0.0,0.0,0.0,0.0,0.0,0.0,0.0,0.0,-140.2813613674516,-140.2813613674516,-140.2813613674516,0.0,0.0,0.0,22.16359598913852,22.16359598913852,22.16359598913852,-118.11776537831304,-118.11776537831304,-118.11776537831304,0.0,0.0,0.0,0.0,0.0,0.0,780.5864895662156
2021-03-03,898.4142628134456,531.672304421343,1017.4054503978577,898.4142628134456,898.4142628134456,0.0,0.0,0.0,0.0,0.0,0.0,0.0,0.0,0.0,0.0,0.0,0.0,0.0,0.0,0.0,0.0,0.0,0.0,0.0,0.0,0.0,0.0,0.0,0.0,0.0,0.0,0.0,0.0,0.0,0.0,-142.75817305394136,-142.75817305394136,-142.75817305394136,0.0,0.0,0.0,18.042190992834477,18.042190992834477,18.042190992834477,-124.71598206110687,-124.71598206110687,-124.71598206110687,0.0,0.0,0.0,0.0,0.0,0.0,773.6982807523387
2021-03-04,898.1242705463972,521.3277048119741,986.8749508930948,898.1242705463972,898.1242705463972,0.0,0.0,0.0,0.0,0.0,0.0,0.0,0.0,0.0,0.0,0.0,0.0,0.0,0.0,0.0,0.0,0.0,0.0,0.0,0.0,0.0,0.0,0.0,0.0,0.0,0.0,0.0,0.0,0.0,0.0,-138.76371481929644,-138.76371481929644,-138.76371481929644,0.0,0.0,0.0,10.860563437824945,10.860563437824945,10.860563437824945,-127.90315138147145,-127.90315138147145,-127.90315138147145,0.0,0.0,0.0,0.0,0.0,0.0,770.2211191649258
2021-03-05,897.8342782793488,589.5779051238969,1047.133196635217,897.8342782793488,897.8342782793488,0.0,0.0,0.0,0.0,0.0,0.0,0.0,0.0,0.0,0.0,0.0,0.0,0.0,0.0,0.0,0.0,0.0,0.0,0.0,0.0,0.0,0.0,0.0,0.0,0.0,0.0,0.0,0.0,0.0,0.0,-69.41011264791373,-69.41011264791373,-69.41011264791373,0.0,0.0,0.0,0.7532531742918381,0.7532531742918381,0.7532531742918381,-68.65685947362189,-68.65685947362189,-68.65685947362189,0.0,0.0,0.0,0.0,0.0,0.0,829.1774188057269
2021-03-06,897.5442860123002,794.6215993522912,1249.5675943468086,897.5442860123002,897.5442860123002,0.0,0.0,0.0,0.0,0.0,0.0,0.0,0.0,0.0,0.0,0.0,0.0,0.0,0.0,0.0,0.0,0.0,0.0,0.0,0.0,0.0,0.0,0.0,0.0,0.0,0.0,0.0,0.0,0.0,0.0,139.09579759003088,139.09579759003088,139.09579759003088,0.0,0.0,0.0,-12.074278352586767,-12.074278352586767,-12.074278352586767,127.02151923744405,127.02151923744405,127.02151923744405,0.0,0.0,0.0,0.0,0.0,0.0,1024.5658052497442
2021-03-07,897.2542937452519,1084.9661887534749,1565.3178536891608,897.2542937452519,897.2542937452519,0.0,0.0,0.0,0.0,0.0,0.0,0.0,0.0,0.0,0.0,0.0,0.0,0.0,0.0,0.0,0.0,0.0,0.0,0.0,0.0,0.0,0.0,0.0,0.0,0.0,0.0,0.0,0.0,0.0,0.0,452.57243441292667,452.57243441292667,452.57243441292667,0.0,0.0,0.0,-27.349696958165943,-27.349696958165943,-27.349696958165943,425.2227374547607,425.2227374547607,425.2227374547607,0.0,0.0,0.0,0.0,0.0,0.0,1322.4770312000126
2021-03-08,896.9643014782034,505.76153407492734,980.1301398976012,896.9643014782034,896.9643014782034,0.0,0.0,0.0,0.0,0.0,0.0,0.0,0.0,0.0,0.0,0.0,0.0,0.0,0.0,0.0,0.0,0.0,0.0,0.0,0.0,0.0,0.0,0.0,0.0,0.0,0.0,0.0,0.0,0.0,0.0,-100.45487011243897,-100.45487011243897,-100.45487011243897,0.0,0.0,0.0,-44.739875083721444,-44.739875083721444,-44.739875083721444,-145.1947451961604,-145.1947451961604,-145.1947451961604,0.0,0.0,0.0,0.0,0.0,0.0,751.769556282043
2021-03-09,896.6743092111549,443.25604358198365,916.8236644625391,896.6743092111549,896.6743092111549,0.0,0.0,0.0,0.0,0.0,0.0,0.0,0.0,0.0,0.0,0.0,0.0,0.0,0.0,0.0,0.0,0.0,0.0,0.0,0.0,0.0,0.0,0.0,0.0,0.0,0.0,0.0,0.0,0.0,0.0,-140.28136136778508,-140.28136136778508,-140.28136136778508,0.0,0.0,0.0,-63.85884104865118,-63.85884104865118,-63.85884104865118,-204.1402024164363,-204.1402024164363,-204.1402024164363,0.0,0.0,0.0,0.0,0.0,0.0,692.5341067947186
2021-03-10,896.3843169441064,434.2572922274528,908.3059712291525,896.3843169441064,896.3843169441064,0.0,0.0,0.0,0.0,0.0,0.0,0.0,0.0,0.0,0.0,0.0,0.0,0.0,0.0,0.0,0.0,0.0,0.0,0.0,0.0,0.0,0.0,0.0,0.0,0.0,0.0,0.0,0.0,0.0,0.0,-142.75817305394605,-142.75817305394605,-142.75817305394605,0.0,0.0,0.0,-84.27737446175776,-84.27737446175776,-84.27737446175776,-227.03554751570377,-227.03554751570377,-227.03554751570377,0.0,0.0,0.0,0.0,0.0,0.0,669.3487694284026
2021-03-11,896.0943246770579,425.59925460672594,884.6384643505485,896.0943246770579,896.0943246770579,0.0,0.0,0.0,0.0,0.0,0.0,0.0,0.0,0.0,0.0,0.0,0.0,0.0,0.0,0.0,0.0,0.0,0.0,0.0,0.0,0.0,0.0,0.0,0.0,0.0,0.0,0.0,0.0,0.0,0.0,-138.763714820387,-138.763714820387,-138.763714820387,0.0,0.0,0.0,-105.53396793220634,-105.53396793220634,-105.53396793220634,-244.29768275259335,-244.29768275259335,-244.29768275259335,0.0,0.0,0.0,0.0,0.0,0.0,651.7966419244646
2021-03-12,895.8043324100095,466.39658494093464,939.9378263708721,895.8043324100095,895.8043324100095,0.0,0.0,0.0,0.0,0.0,0.0,0.0,0.0,0.0,0.0,0.0,0.0,0.0,0.0,0.0,0.0,0.0,0.0,0.0,0.0,0.0,0.0,0.0,0.0,0.0,0.0,0.0,0.0,0.0,0.0,-69.41011264755713,-69.41011264755713,-69.41011264755713,0.0,0.0,0.0,-127.14682803978998,-127.14682803978998,-127.14682803978998,-196.55694068734712,-196.55694068734712,-196.55694068734712,0.0,0.0,0.0,0.0,0.0,0.0,699.2473917226623
2021-03-13,895.514340142961,632.7092154360225,1123.011767869771,895.514340142961,895.514340142961,0.0,0.0,0.0,0.0,0.0,0.0,0.0,0.0,0.0,0.0,0.0,0.0,0.0,0.0,0.0,0.0,0.0,0.0,0.0,0.0,0.0,0.0,0.0,0.0,0.0,0.0,0.0,0.0,0.0,0.0,139.0957975904119,139.0957975904119,139.0957975904119,0.0,0.0,0.0,-148.62655198590645,-148.62655198590645,-148.62655198590645,-9.530754395494542,-9.530754395494542,-9.530754395494542,0.0,0.0,0.0,0.0,0.0,0.0,885.9835857474665
2021-03-14,895.2243478759125,953.9264777620001,1424.235447374126,895.2243478759125,895.2243478759125,0.0,0.0,0.0,0.0,0.0,0.0,0.0,0.0,0.0,0.0,0.0,0.0,0.0,0.0,0.0,0.0,0.0,0.0,0.0,0.0,0.0,0.0,0.0,0.0,0.0,0.0,0.0,0.0,0.0,0.0,452.57243441260084,452.57243441260084,452.57243441260084,0.0,0.0,0.0,-169.48909176861386,-169.48909176861386,-169.48909176861386,283.08334264398695,283.08334264398695,283.08334264398695,0.0,0.0,0.0,0.0,0.0,0.0,1178.3076905198996
2021-03-15,894.934355608864,365.13264827754927,839.9374124492084,894.934355608864,894.934355608864,0.0,0.0,0.0,0.0,0.0,0.0,0.0,0.0,0.0,0.0,0.0,0.0,0.0,0.0,0.0,0.0,0.0,0.0,0.0,0.0,0.0,0.0,0.0,0.0,0.0,0.0,0.0,0.0,0.0,0.0,-100.45487011147154,-100.45487011147154,-100.45487011147154,0.0,0.0,0.0,-189.2686060231571,-189.2686060231571,-189.2686060231571,-289.7234761346286,-289.7234761346286,-289.7234761346286,0.0,0.0,0.0,0.0,0.0,0.0,605.2108794742355
2021-03-16,894.6443633418155,322.2959529019103,785.6926345670761,894.6443633418155,894.6443633418155,0.0,0.0,0.0,0.0,0.0,0.0,0.0,0.0,0.0,0.0,0.0,0.0,0.0,0.0,0.0,0.0,0.0,0.0,0.0,0.0,0.0,0.0,0.0,0.0,0.0,0.0,0.0,0.0,0.0,0.0,-140.28136136836875,-140.28136136836875,-140.28136136836875,0.0,0.0,0.0,-207.52980130391526,-207.52980130391526,-207.52980130391526,-347.81116267228396,-347.81116267228396,-347.81116267228396,0.0,0.0,0.0,0.0,0.0,0.0,546.8332006695316
2021-03-17,894.3543710747671,278.3595454252713,751.4023701838917,894.3543710747671,894.3543710747671,0.0,0.0,0.0,0.0,0.0,0.0,0.0,0.0,0.0,0.0,0.0,0.0,0.0,0.0,0.0,0.0,0.0,0.0,0.0,0.0,0.0,0.0,0.0,0.0,0.0,0.0,0.0,0.0,0.0,0.0,-142.75817305462638,-142.75817305462638,-142.75817305462638,0.0,0.0,0.0,-223.87937956888265,-223.87937956888265,-223.87937956888265,-366.637552623509,-366.637552623509,-366.637552623509,0.0,0.0,0.0,0.0,0.0,0.0,527.7168184512581
2021-03-18,894.0643788077186,273.037367196179,757.8658572955411,894.0643788077186,894.0643788077186,0.0,0.0,0.0,0.0,0.0,0.0,0.0,0.0,0.0,0.0,0.0,0.0,0.0,0.0,0.0,0.0,0.0,0.0,0.0,0.0,0.0,0.0,0.0,0.0,0.0,0.0,0.0,0.0,0.0,0.0,-138.76371481974252,-138.76371481974252,-138.76371481974252,0.0,0.0,0.0,-237.97623648941848,-237.97623648941848,-237.97623648941848,-376.739951309161,-376.739951309161,-376.739951309161,0.0,0.0,0.0,0.0,0.0,0.0,517.3244274985577
2021-03-19,893.7743865406701,334.7567511268478,819.7701012548125,893.7743865406701,893.7743865406701,0.0,0.0,0.0,0.0,0.0,0.0,0.0,0.0,0.0,0.0,0.0,0.0,0.0,0.0,0.0,0.0,0.0,0.0,0.0,0.0,0.0,0.0,0.0,0.0,0.0,0.0,0.0,0.0,0.0,0.0,-69.41011264723903,-69.41011264723903,-69.41011264723903,0.0,0.0,0.0,-249.54009504884888,-249.54009504884888,-249.54009504884888,-318.95020769608794,-318.95020769608794,-318.95020769608794,0.0,0.0,0.0,0.0,0.0,0.0,574.8241788445821
2021-03-20,893.4843942736217,539.2442053876728,1011.4611409601623,893.4843942736217,893.4843942736217,0.0,0.0,0.0,0.0,0.0,0.0,0.0,0.0,0.0,0.0,0.0,0.0,0.0,0.0,0.0,0.0,0.0,0.0,0.0,0.0,0.0,0.0,0.0,0.0,0.0,0.0,0.0,0.0,0.0,0.0,139.09579758916777,139.09579758916777,139.09579758916777,0.0,0.0,0.0,-258.35830936810794,-258.35830936810794,-258.35830936810794,-119.26251177894012,-119.26251177894012,-119.26251177894012,0.0,0.0,0.0,0.0,0.0,0.0,774.2218824946815
2021-03-21,893.1944020065732,854.7589874099561,1326.047130241259,893.1944020065732,893.1944020065732,0.0,0.0,0.0,0.0,0.0,0.0,0.0,0.0,0.0,0.0,0.0,0.0,0.0,0.0,0.0,0.0,0.0,0.0,0.0,0.0,0.0,0.0,0.0,0.0,0.0,0.0,0.0,0.0,0.0,0.0,452.5724344127446,452.5724344127446,452.5724344127446,0.0,0.0,0.0,-264.2906331120435,-264.2906331120435,-264.2906331120435,188.281801300701,188.281801300701,188.281801300701,0.0,0.0,0.0,0.0,0.0,0.0,1081.4762033072743
2021-03-22,892.9044097395247,293.950324500878,753.6935001936292,892.9044097395247,892.9044097395247,0.0,0.0,0.0,0.0,0.0,0.0,0.0,0.0,0.0,0.0,0.0,0.0,0.0,0.0,0.0,0.0,0.0,0.0,0.0,0.0,0.0,0.0,0.0,0.0,0.0,0.0,0.0,0.0,0.0,0.0,-100.4548701117919,-100.4548701117919,-100.4548701117919,0.0,0.0,0.0,-267.2718131572737,-267.2718131572737,-267.2718131572737,-367.7266832690656,-367.7266832690656,-367.7266832690656,0.0,0.0,0.0,0.0,0.0,0.0,525.1777264704591
2021-03-23,892.6144174724762,232.45240454819864,713.6396901337483,892.6144174724762,892.6144174724762,0.0,0.0,0.0,0.0,0.0,0.0,0.0,0.0,0.0,0.0,0.0,0.0,0.0,0.0,0.0,0.0,0.0,0.0,0.0,0.0,0.0,0.0,0.0,0.0,0.0,0.0,0.0,0.0,0.0,0.0,-140.28136136895242,-140.28136136895242,-140.28136136895242,0.0,0.0,0.0,-267.3119401807577,-267.3119401807577,-267.3119401807577,-407.59330154971013,-407.59330154971013,-407.59330154971013,0.0,0.0,0.0,0.0,0.0,0.0,485.0211159227661
2021-03-24,892.32442518698,233.49100098519932,749.2965205978438,892.32442518698,892.32442518698,0.0,0.0,0.0,0.0,0.0,0.0,0.0,0.0,0.0,0.0,0.0,0.0,0.0,0.0,0.0,0.0,0.0,0.0,0.0,0.0,0.0,0.0,0.0,0.0,0.0,0.0,0.0,0.0,0.0,0.0,-142.7581730538043,-142.7581730538043,-142.7581730538043,0.0,0.0,0.0,-264.4945610262916,-264.4945610262916,-264.4945610262916,-407.2527340800959,-407.2527340800959,-407.2527340800959,0.0,0.0,0.0,0.0,0.0,0.0,485.0716911068841
2021-03-25,892.0344329014837,261.6231648506787,725.3187581687365,892.0344329014837,892.0344329014837,0.0,0.0,0.0,0.0,0.0,0.0,0.0,0.0,0.0,0.0,0.0,0.0,0.0,0.0,0.0,0.0,0.0,0.0,0.0,0.0,0.0,0.0,0.0,0.0,0.0,0.0,0.0,0.0,0.0,0.0,-138.76371482010023,-138.76371482010023,-138.76371482010023,0.0,0.0,0.0,-258.9726306146762,-258.9726306146762,-258.9726306146762,-397.7363454347764,-397.7363454347764,-397.7363454347764,0.0,0.0,0.0,0.0,0.0,0.0,494.2980874667073
2021-03-26,891.7444406159872,339.5954461068998,810.9904450619922,891.7444406159872,891.7444406159872,0.0,0.0,0.0,0.0,0.0,0.0,0.0,0.0,0.0,0.0,0.0,0.0,0.0,0.0,0.0,0.0,0.0,0.0,0.0,0.0,0.0,0.0,0.0,0.0,0.0,0.0,0.0,0.0,0.0,0.0,-69.41011264720053,-69.41011264720053,-69.41011264720053,0.0,0.0,0.0,-250.96245127797988,-250.96245127797988,-250.96245127797988,-320.37256392518043,-320.37256392518043,-320.37256392518043,0.0,0.0,0.0,0.0,0.0,0.0,571.3718766908067
2021-03-27,891.4544483304909,555.2946815840207,1024.3229488412508,891.4544483304909,891.4544483304909,0.0,0.0,0.0,0.0,0.0,0.0,0.0,0.0,0.0,0.0,0.0,0.0,0.0,0.0,0.0,0.0,0.0,0.0,0.0,0.0,0.0,0.0,0.0,0.0,0.0,0.0,0.0,0.0,0.0,0.0,139.09579758975562,139.09579758975562,139.09579758975562,0.0,0.0,0.0,-240.73581231937553,-240.73581231937553,-240.73581231937553,-101.64001472961986,-101.64001472961986,-101.64001472961986,0.0,0.0,0.0,0.0,0.0,0.0,789.814433600871
2021-03-28,891.1644560449946,873.0837834630129,1354.102284055026,891.1644560449946,891.1644560449946,0.0,0.0,0.0,0.0,0.0,0.0,0.0,0.0,0.0,0.0,0.0,0.0,0.0,0.0,0.0,0.0,0.0,0.0,0.0,0.0,0.0,0.0,0.0,0.0,0.0,0.0,0.0,0.0,0.0,0.0,452.57243441278564,452.57243441278564,452.57243441278564,0.0,0.0,0.0,-228.6106000978632,-228.6106000978632,-228.6106000978632,223.9618343149224,223.9618343149224,223.9618343149224,0.0,0.0,0.0,0.0,0.0,0.0,1115.126290359917
2021-03-29,890.8744637594981,358.8809811383756,826.2251373583725,890.8744637594981,890.8744637594981,0.0,0.0,0.0,0.0,0.0,0.0,0.0,0.0,0.0,0.0,0.0,0.0,0.0,0.0,0.0,0.0,0.0,0.0,0.0,0.0,0.0,0.0,0.0,0.0,0.0,0.0,0.0,0.0,0.0,0.0,-100.45487011165905,-100.45487011165905,-100.45487011165905,0.0,0.0,0.0,-214.94019705452266,-214.94019705452266,-214.94019705452266,-315.3950671661816,-315.3950671661816,-315.3950671661816,0.0,0.0,0.0,0.0,0.0,0.0,575.4793965933166
2021-03-30,890.5844714740018,308.1127352920478,786.0034284059543,890.5844714740018,890.5844714740018,0.0,0.0,0.0,0.0,0.0,0.0,0.0,0.0,0.0,0.0,0.0,0.0,0.0,0.0,0.0,0.0,0.0,0.0,0.0,0.0,0.0,0.0,0.0,0.0,0.0,0.0,0.0,0.0,0.0,0.0,-140.28136136874957,-140.28136136874957,-140.28136136874957,0.0,0.0,0.0,-200.1020251963619,-200.1020251963619,-200.1020251963619,-340.38338656511144,-340.38338656511144,-340.38338656511144,0.0,0.0,0.0,0.0,0.0,0.0,550.2010849088904
2021-03-31,890.2944791885055,335.74207917220275,803.4571726772525,890.2944791885055,890.2944791885055,0.0,0.0,0.0,0.0,0.0,0.0,0.0,0.0,0.0,0.0,0.0,0.0,0.0,0.0,0.0,0.0,0.0,0.0,0.0,0.0,0.0,0.0,0.0,0.0,0.0,0.0,0.0,0.0,0.0,0.0,-142.75817305415123,-142.75817305415123,-142.75817305415123,0.0,0.0,0.0,-184.4856143908143,-184.4856143908143,-184.4856143908143,-327.2437874449655,-327.2437874449655,-327.2437874449655,0.0,0.0,0.0,0.0,0.0,0.0,563.05069174354
2021-04-01,890.0044869030091,345.9888455519655,802.6398070787067,890.0044869030091,890.0044869030091,0.0,0.0,0.0,0.0,0.0,0.0,0.0,0.0,0.0,0.0,0.0,0.0,0.0,0.0,0.0,0.0,0.0,0.0,0.0,0.0,0.0,0.0,0.0,0.0,0.0,0.0,0.0,0.0,0.0,0.0,-138.76371481982218,-138.76371481982218,-138.76371481982218,0.0,0.0,0.0,-168.4805875865044,-168.4805875865044,-168.4805875865044,-307.24430240632654,-307.24430240632654,-307.24430240632654,0.0,0.0,0.0,0.0,0.0,0.0,582.7601844966825
2021-04-02,889.7144946175127,434.542790860431,914.3683738539218,889.7144946175127,889.7144946175127,0.0,0.0,0.0,0.0,0.0,0.0,0.0,0.0,0.0,0.0,0.0,0.0,0.0,0.0,0.0,0.0,0.0,0.0,0.0,0.0,0.0,0.0,0.0,0.0,0.0,0.0,0.0,0.0,0.0,0.0,-69.41011264834644,-69.41011264834644,-69.41011264834644,0.0,0.0,0.0,-152.46495340224297,-152.46495340224297,-152.46495340224297,-221.87506605058945,-221.87506605058945,-221.87506605058945,0.0,0.0,0.0,0.0,0.0,0.0,667.8394285669233
2021-04-03,889.4245023320165,643.2922323754676,1136.2971145203276,889.4245023320165,889.4245023320165,0.0,0.0,0.0,0.0,0.0,0.0,0.0,0.0,0.0,0.0,0.0,0.0,0.0,0.0,0.0,0.0,0.0,0.0,0.0,0.0,0.0,0.0,0.0,0.0,0.0,0.0,0.0,0.0,0.0,0.0,139.09579758932406,139.09579758932406,139.09579758932406,0.0,0.0,0.0,-136.7940815462617,-136.7940815462617,-136.7940815462617,2.3017160430623687,2.3017160430623687,2.3017160430623687,0.0,0.0,0.0,0.0,0.0,0.0,891.7262183750788
2021-04-04,889.1345100465201,1514.7635001529125,2007.3287592005543,889.1345100465201,889.1345100465201,0.0,0.0,0.0,0.0,0.0,0.0,0.0,0.0,0.0,0.0,0.0,0.0,0.0,0.0,0.0,540.7907280999999,540.7907280999999,540.7907280999999,0.0,0.0,0.0,0.0,0.0,0.0,0.0,0.0,0.0,0.0,0.0,0.0,452.57243441256884,452.57243441256884,452.57243441256884,0.0,0.0,0.0,-121.79070881470452,-121.79070881470452,-121.79070881470452,871.5724536978643,871.5724536978643,871.5724536978643,540.7907280999999,540.7907280999999,540.7907280999999,0.0,0.0,0.0,1760.7069637443842
2021-04-05,888.8445177610237,1146.0306136596312,1626.39976867153,888.8445177610237,888.8445177610237,0.0,0.0,0.0,0.0,0.0,0.0,0.0,0.0,0.0,0.0,0.0,0.0,0.0,0.0,0.0,714.9036843,714.9036843,714.9036843,0.0,0.0,0.0,0.0,0.0,0.0,0.0,0.0,0.0,0.0,0.0,0.0,-100.45487011214361,-100.45487011214361,-100.45487011214361,0.0,0.0,0.0,-107.73628401536234,-107.73628401536234,-107.73628401536234,506.71253017249404,506.71253017249404,506.71253017249404,714.9036843,714.9036843,714.9036843,0.0,0.0,0.0,1395.5570479335177
2021-04-06,888.5545254755273,427.02072714897787,895.9624496110471,888.5545254755273,888.5545254755273,0.0,0.0,0.0,0.0,0.0,0.0,0.0,0.0,0.0,0.0,0.0,0.0,0.0,0.0,0.0,0.0,0.0,0.0,0.0,0.0,0.0,0.0,0.0,0.0,0.0,0.0,0.0,0.0,0.0,0.0,-140.28136136908304,-140.28136136908304,-140.28136136908304,0.0,0.0,0.0,-94.86391050347156,-94.86391050347156,-94.86391050347156,-235.14527187255462,-235.14527187255462,-235.14527187255462,0.0,0.0,0.0,0.0,0.0,0.0,653.4092536029726
2021-04-07,888.264533190031,434.78324949629365,906.3368165990233,888.264533190031,888.264533190031,0.0,0.0,0.0,0.0,0.0,0.0,0.0,0.0,0.0,0.0,0.0,0.0,0.0,0.0,0.0,0.0,0.0,0.0,0.0,0.0,0.0,0.0,0.0,0.0,0.0,0.0,0.0,0.0,0.0,0.0,-142.7581730541559,-142.7581730541559,-142.7581730541559,0.0,0.0,0.0,-83.35308691039722,-83.35308691039722,-83.35308691039722,-226.11125996455314,-226.11125996455314,-226.11125996455314,0.0,0.0,0.0,0.0,0.0,0.0,662.1532732254778
2021-04-08,887.9745409045347,451.98157702652225,928.648213769438,887.9745409045347,887.9745409045347,0.0,0.0,0.0,0.0,0.0,0.0,0.0,0.0,0.0,0.0,0.0,0.0,0.0,0.0,0.0,0.0,0.0,0.0,0.0,0.0,0.0,0.0,0.0,0.0,0.0,0.0,0.0,0.0,0.0,0.0,-138.76371481990444,-138.76371481990444,-138.76371481990444,0.0,0.0,0.0,-73.3263821714238,-73.3263821714238,-73.3263821714238,-212.09009699132818,-212.09009699132818,-212.09009699132818,0.0,0.0,0.0,0.0,0.0,0.0,675.8844439132065
2021-04-09,887.6845486190382,509.88160724026324,988.1497689762224,887.6845486190382,887.6845486190382,0.0,0.0,0.0,0.0,0.0,0.0,0.0,0.0,0.0,0.0,0.0,0.0,0.0,0.0,0.0,0.0,0.0,0.0,0.0,0.0,0.0,0.0,0.0,0.0,0.0,0.0,0.0,0.0,0.0,0.0,-69.41011264830796,-69.41011264830796,-69.41011264830796,0.0,0.0,0.0,-64.84811244212304,-64.84811244212304,-64.84811244212304,-134.25822509043098,-134.25822509043098,-134.25822509043098,0.0,0.0,0.0,0.0,0.0,0.0,753.4263235286072
2021-04-10,887.3945563335419,742.9855889216342,1200.7958181831616,887.3945563335419,887.3945563335419,0.0,0.0,0.0,0.0,0.0,0.0,0.0,0.0,0.0,0.0,0.0,0.0,0.0,0.0,0.0,0.0,0.0,0.0,0.0,0.0,0.0,0.0,0.0,0.0,0.0,0.0,0.0,0.0,0.0,0.0,139.09579758991185,139.09579758991185,139.09579758991185,0.0,0.0,0.0,-57.92501736509996,-57.92501736509996,-57.92501736509996,81.17078022481192,81.17078022481192,81.17078022481192,0.0,0.0,0.0,0.0,0.0,0.0,968.5653365583538
2021-04-11,887.1045640480456,1062.499825601406,1512.9945207554822,887.1045640480456,887.1045640480456,0.0,0.0,0.0,0.0,0.0,0.0,0.0,0.0,0.0,0.0,0.0,0.0,0.0,0.0,0.0,0.0,0.0,0.0,0.0,0.0,0.0,0.0,0.0,0.0,0.0,0.0,0.0,0.0,0.0,0.0,452.5724344130732,452.5724344130732,452.5724344130732,0.0,0.0,0.0,-52.50886390878108,-52.50886390878108,-52.50886390878108,400.0635705042921,400.0635705042921,400.0635705042921,0.0,0.0,0.0,0.0,0.0,0.0,1287.1681345523377
2021-04-12,886.8145717625491,506.8576914284746,993.3539465540929,886.8145717625491,886.8145717625491,0.0,0.0,0.0,0.0,0.0,0.0,0.0,0.0,0.0,0.0,0.0,0.0,0.0,0.0,0.0,0.0,0.0,0.0,0.0,0.0,0.0,0.0,0.0,0.0,0.0,0.0,0.0,0.0,0.0,0.0,-100.45487011117616,-100.45487011117616,-100.45487011117616,0.0,0.0,0.0,-48.500840098557795,-48.500840098557795,-48.500840098557795,-148.95571020973395,-148.95571020973395,-148.95571020973395,0.0,0.0,0.0,0.0,0.0,0.0,737.8588615528151
2021-04-13,886.5245794770526,456.8898045340069,938.3461463664137,886.5245794770526,886.5245794770526,0.0,0.0,0.0,0.0,0.0,0.0,0.0,0.0,0.0,0.0,0.0,0.0,0.0,0.0,0.0,0.0,0.0,0.0,0.0,0.0,0.0,0.0,0.0,0.0,0.0,0.0,0.0,0.0,0.0,0.0,-140.28136136804545,-140.28136136804545,-140.28136136804545,0.0,0.0,0.0,-45.75754070828585,-45.75754070828585,-45.75754070828585,-186.03890207633125,-186.03890207633125,-186.03890207633125,0.0,0.0,0.0,0.0,0.0,0.0,700.4856774007213
2021-04-14,886.2345875186819,455.16154478147206,931.3750456972157,886.2345875186819,886.2345875186819,0.0,0.0,0.0,0.0,0.0,0.0,0.0,0.0,0.0,0.0,0.0,0.0,0.0,0.0,0.0,0.0,0.0,0.0,0.0,0.0,0.0,0.0,0.0,0.0,0.0,0.0,0.0,0.0,0.0,0.0,-142.75817305416055,-142.75817305416055,-142.75817305416055,0.0,0.0,0.0,-44.09829449533572,-44.09829449533572,-44.09829449533572,-186.85646754949624,-186.85646754949624,-186.85646754949624,0.0,0.0,0.0,0.0,0.0,0.0,699.3781199691857
2021-04-15,885.9445955603111,456.7002579377487,921.5660607773532,885.9445955603111,885.9445955603111,0.0,0.0,0.0,0.0,0.0,0.0,0.0,0.0,0.0,0.0,0.0,0.0,0.0,0.0,0.0,0.0,0.0,0.0,0.0,0.0,0.0,0.0,0.0,0.0,0.0,0.0,0.0,0.0,0.0,0.0,-138.76371482099503,-138.76371482099503,-138.76371482099503,0.0,0.0,0.0,-43.313539650496395,-43.313539650496395,-43.313539650496395,-182.07725447149141,-182.07725447149141,-182.07725447149141,0.0,0.0,0.0,0.0,0.0,0.0,703.8673410888197
2021-04-16,885.6546036019402,539.1758367632402,1022.5174689517078,885.6546036019402,885.6546036019402,0.0,0.0,0.0,0.0,0.0,0.0,0.0,0.0,0.0,0.0,0.0,0.0,0.0,0.0,0.0,0.0,0.0,0.0,0.0,0.0,0.0,0.0,0.0,0.0,0.0,0.0,0.0,0.0,0.0,0.0,-69.41011264767178,-69.41011264767178,-69.41011264767178,0.0,0.0,0.0,-43.173922268066335,-43.173922268066335,-43.173922268066335,-112.58403491573817,-112.58403491573817,-112.58403491573817,0.0,0.0,0.0,0.0,0.0,0.0,773.070568686202
2021-04-17,885.3646116435694,748.3256301991796,1209.20927936837,885.3646116435694,885.3646116435694,0.0,0.0,0.0,0.0,0.0,0.0,0.0,0.0,0.0,0.0,0.0,0.0,0.0,0.0,0.0,0.0,0.0,0.0,0.0,0.0,0.0,0.0,0.0,0.0,0.0,0.0,0.0,0.0,0.0,0.0,139.0957975896871,139.0957975896871,139.0957975896871,0.0,0.0,0.0,-43.43977287335643,-43.43977287335643,-43.43977287335643,95.65602471633068,95.65602471633068,95.65602471633068,0.0,0.0,0.0,0.0,0.0,0.0,981.0206363599001
2021-04-18,885.0746196851987,1050.3125893264364,1514.4790842910018,885.0746196851987,885.0746196851987,0.0,0.0,0.0,0.0,0.0,0.0,0.0,0.0,0.0,0.0,0.0,0.0,0.0,0.0,0.0,0.0,0.0,0.0,0.0,0.0,0.0,0.0,0.0,0.0,0.0,0.0,0.0,0.0,0.0,0.0,452.57243441280815,452.57243441280815,452.57243441280815,0.0,0.0,0.0,-43.87060899432819,-43.87060899432819,-43.87060899432819,408.70182541848004,408.70182541848004,408.70182541848004,0.0,0.0,0.0,0.0,0.0,0.0,1293.7764451036787
2021-04-19,884.7846277268278,497.782571763717,974.566759691093,884.7846277268278,884.7846277268278,0.0,0.0,0.0,0.0,0.0,0.0,0.0,0.0,0.0,0.0,0.0,0.0,0.0,0.0,0.0,0.0,0.0,0.0,0.0,0.0,0.0,0.0,0.0,0.0,0.0,0.0,0.0,0.0,0.0,0.0,-100.45487011187794,-100.45487011187794,-100.45487011187794,0.0,0.0,0.0,-44.23431757965816,-44.23431757965816,-44.23431757965816,-144.68918769153612,-144.68918769153612,-144.68918769153612,0.0,0.0,0.0,0.0,0.0,0.0,740.0954400352916
2021-04-20,884.494635768457,477.14295158126515,927.7010196242076,884.494635768457,884.494635768457,0.0,0.0,0.0,0.0,0.0,0.0,0.0,0.0,0.0,0.0,0.0,0.0,0.0,0.0,0.0,0.0,0.0,0.0,0.0,0.0,0.0,0.0,0.0,0.0,0.0,0.0,0.0,0.0,0.0,0.0,-140.28136136837895,-140.28136136837895,-140.28136136837895,0.0,0.0,0.0,-44.315689430907504,-44.315689430907504,-44.315689430907504,-184.59705079928645,-184.59705079928645,-184.59705079928645,0.0,0.0,0.0,0.0,0.0,0.0,699.8975849691706
2021-04-21,884.204643810086,452.3335416447497,932.37823188218,884.204643810086,884.204643810086,0.0,0.0,0.0,0.0,0.0,0.0,0.0,0.0,0.0,0.0,0.0,0.0,0.0,0.0,0.0,0.0,0.0,0.0,0.0,0.0,0.0,0.0,0.0,0.0,0.0,0.0,0.0,0.0,0.0,0.0,-142.75817305368068,-142.75817305368068,-142.75817305368068,0.0,0.0,0.0,-43.92400795843485,-43.92400795843485,-43.92400795843485,-186.68218101211556,-186.68218101211556,-186.68218101211556,0.0,0.0,0.0,0.0,0.0,0.0,697.5224627979705
2021-04-22,883.9146518517153,472.84380486957093,942.7905382259905,883.9146518517153,883.9146518517153,0.0,0.0,0.0,0.0,0.0,0.0,0.0,0.0,0.0,0.0,0.0,0.0,0.0,0.0,0.0,0.0,0.0,0.0,0.0,0.0,0.0,0.0,0.0,0.0,0.0,0.0,0.0,0.0,0.0,0.0,-138.76371482035054,-138.76371482035054,-138.76371482035054,0.0,0.0,0.0,-42.89943528848765,-42.89943528848765,-42.89943528848765,-181.66315010883818,-181.66315010883818,-181.66315010883818,0.0,0.0,0.0,0.0,0.0,0.0,702.2515017428772
2021-04-23,883.6246598933445,541.7164061166555,1016.6130657100693,883.6246598933445,883.6246598933445,0.0,0.0,0.0,0.0,0.0,0.0,0.0,0.0,0.0,0.0,0.0,0.0,0.0,0.0,0.0,0.0,0.0,0.0,0.0,0.0,0.0,0.0,0.0,0.0,0.0,0.0,0.0,0.0,0.0,0.0,-69.41011264767181,-69.41011264767181,-69.41011264767181,0.0,0.0,0.0,-41.11798845947455,-41.11798845947455,-41.11798845947455,-110.52810110714637,-110.52810110714637,-110.52810110714637,0.0,0.0,0.0,0.0,0.0,0.0,773.0965587861981
2021-04-24,883.3346679349736,748.7011184841264,1224.3340256882282,883.3346679349736,883.3346679349736,0.0,0.0,0.0,0.0,0.0,0.0,0.0,0.0,0.0,0.0,0.0,0.0,0.0,0.0,0.0,0.0,0.0,0.0,0.0,0.0,0.0,0.0,0.0,0.0,0.0,0.0,0.0,0.0,0.0,0.0,139.0957975897147,139.0957975897147,139.0957975897147,0.0,0.0,0.0,-38.494955245665594,-38.494955245665594,-38.494955245665594,100.6008423440491,100.6008423440491,100.6008423440491,0.0,0.0,0.0,0.0,0.0,0.0,983.9355102790227
2021-04-25,883.0446759766029,1059.3676039735687,1533.384104588566,883.0446759766029,883.0446759766029,0.0,0.0,0.0,0.0,0.0,0.0,0.0,0.0,0.0,0.0,0.0,0.0,0.0,0.0,0.0,0.0,0.0,0.0,0.0,0.0,0.0,0.0,0.0,0.0,0.0,0.0,0.0,0.0,0.0,0.0,452.5724344128974,452.5724344128974,452.5724344128974,0.0,0.0,0.0,-34.98666087253799,-34.98666087253799,-34.98666087253799,417.5857735403594,417.5857735403594,417.5857735403594,0.0,0.0,0.0,0.0,0.0,0.0,1300.6304495169622
2021-04-26,882.7546840182321,508.48148258295765,971.395957426169,882.7546840182321,882.7546840182321,0.0,0.0,0.0,0.0,0.0,0.0,0.0,0.0,0.0,0.0,0.0,0.0,0.0,0.0,0.0,0.0,0.0,0.0,0.0,0.0,0.0,0.0,0.0,0.0,0.0,0.0,0.0,0.0,0.0,0.0,-100.45487011236246,-100.45487011236246,-100.45487011236246,0.0,0.0,0.0,-30.590561212528986,-30.590561212528986,-30.590561212528986,-131.04543132489147,-131.04543132489147,-131.04543132489147,0.0,0.0,0.0,0.0,0.0,0.0,751.7092526933407
2021-04-27,882.4646920598611,488.85402616479774,938.6079262233998,882.4646920598611,882.4646920598611,0.0,0.0,0.0,0.0,0.0,0.0,0.0,0.0,0.0,0.0,0.0,0.0,0.0,0.0,0.0,0.0,0.0,0.0,0.0,0.0,0.0,0.0,0.0,0.0,0.0,0.0,0.0,0.0,0.0,0.0,-140.28136136842625,-140.28136136842625,-140.28136136842625,0.0,0.0,0.0,-25.343702550803417,-25.343702550803417,-25.343702550803417,-165.62506391922966,-165.62506391922966,-165.62506391922966,0.0,0.0,0.0,0.0,0.0,0.0,716.8396281406315
2021-04-28,882.1747001014904,475.8233117384562,951.3501903008794,882.1747001014904,882.1747001014904,0.0,0.0,0.0,0.0,0.0,0.0,0.0,0.0,0.0,0.0,0.0,0.0,0.0,0.0,0.0,0.0,0.0,0.0,0.0,0.0,0.0,0.0,0.0,0.0,0.0,0.0,0.0,0.0,0.0,0.0,-142.75817305402762,-142.75817305402762,-142.75817305402762,0.0,0.0,0.0,-19.3196502652683,-19.3196502652683,-19.3196502652683,-162.077823319296,-162.077823319296,-162.077823319296,0.0,0.0,0.0,0.0,0.0,0.0,720.0968767821944
2021-04-29,881.8847081431195,491.8773379065005,980.4280134394179,881.8847081431195,881.8847081431195,0.0,0.0,0.0,0.0,0.0,0.0,0.0,0.0,0.0,0.0,0.0,0.0,0.0,0.0,0.0,0.0,0.0,0.0,0.0,0.0,0.0,0.0,0.0,0.0,0.0,0.0,0.0,0.0,0.0,0.0,-138.7637148204328,-138.7637148204328,-138.7637148204328,0.0,0.0,0.0,-12.62404646088624,-12.62404646088624,-12.62404646088624,-151.3877612813191,-151.3877612813191,-151.3877612813191,0.0,0.0,0.0,0.0,0.0,0.0,730.4969468618004
2021-04-30,881.5947161847488,670.0027512442452,1124.5442314789013,881.5947161847488,881.5947161847488,0.0,0.0,0.0,0.0,0.0,0.0,0.0,0.0,0.0,0.0,0.0,0.0,0.0,0.0,0.0,0.0,0.0,0.0,82.35642809,82.35642809,82.35642809,0.0,0.0,0.0,0.0,0.0,0.0,0.0,0.0,0.0,-69.41011264759472,-69.41011264759472,-69.41011264759472,0.0,0.0,0.0,-5.38900756133443,-5.38900756133443,-5.38900756133443,7.557307881070835,7.557307881070835,7.557307881070835,82.35642809,82.35642809,82.35642809,0.0,0.0,0.0,889.1520240658197
2021-05-01,881.304724226378,958.178679853614,1447.6755298087771,881.304724226378,881.304724226378,0.0,0.0,0.0,0.0,0.0,0.0,0.0,0.0,0.0,0.0,0.0,0.0,0.0,0.0,0.0,0.0,0.0,0.0,183.88655114999997,183.88655114999997,183.88655114999997,0.0,0.0,0.0,0.0,0.0,0.0,0.0,0.0,0.0,139.09579758948993,139.09579758948993,139.09579758948993,0.0,0.0,0.0,2.233384771450957,2.233384771450957,2.233384771450957,325.2157335109409,325.2157335109409,325.2157335109409,183.88655114999997,183.88655114999997,183.88655114999997,0.0,0.0,0.0,1206.5204577373188
2021-05-02,881.014732268007,1110.2110036661604,1567.3615679082366,881.014732268007,881.014732268007,0.0,0.0,0.0,0.0,0.0,0.0,0.0,0.0,0.0,0.0,0.0,0.0,0.0,0.0,0.0,0.0,0.0,0.0,0.0,0.0,0.0,0.0,0.0,0.0,0.0,0.0,0.0,0.0,0.0,0.0,452.5724344126261,452.5724344126261,452.5724344126261,0.0,0.0,0.0,10.078213848029899,10.078213848029899,10.078213848029899,462.65064826065606,462.65064826065606,462.65064826065606,0.0,0.0,0.0,0.0,0.0,0.0,1343.665380528663
2021-05-03,880.7247403096363,569.7404191401265,1038.0483386787753,880.7247403096363,880.7247403096363,0.0,0.0,0.0,0.0,0.0,0.0,0.0,0.0,0.0,0.0,0.0,0.0,0.0,0.0,0.0,0.0,0.0,0.0,0.0,0.0,0.0,0.0,0.0,0.0,0.0,0.0,0.0,0.0,0.0,0.0,-100.4548701122296,-100.4548701122296,-100.4548701122296,0.0,0.0,0.0,17.975172924475018,17.975172924475018,17.975172924475018,-82.47969718775457,-82.47969718775457,-82.47969718775457,0.0,0.0,0.0,0.0,0.0,0.0,798.2450431218817
2021-05-04,880.4347487222522,515.8768380272361,999.2971630906069,880.4347487222522,880.4347487222522,0.0,0.0,0.0,0.0,0.0,0.0,0.0,0.0,0.0,0.0,0.0,0.0,0.0,0.0,0.0,0.0,0.0,0.0,0.0,0.0,0.0,0.0,0.0,0.0,0.0,0.0,0.0,0.0,0.0,0.0,-140.28136136954626,-140.28136136954626,-140.28136136954626,0.0,0.0,0.0,25.756009870205816,25.756009870205816,25.756009870205816,-114.52535149934042,-114.52535149934042,-114.52535149934042,0.0,0.0,0.0,0.0,0.0,0.0,765.9093972229117
2021-05-05,880.1447571348679,534.9035711720799,996.2912998030221,880.1447571348679,880.1447571348679,0.0,0.0,0.0,0.0,0.0,0.0,0.0,0.0,0.0,0.0,0.0,0.0,0.0,0.0,0.0,0.0,0.0,0.0,0.0,0.0,0.0,0.0,0.0,0.0,0.0,0.0,0.0,0.0,0.0,0.0,-142.75817305402353,-142.75817305402353,-142.75817305402353,0.0,0.0,0.0,33.261660166334345,33.261660166334345,33.261660166334345,-109.49651288768919,-109.49651288768919,-109.49651288768919,0.0,0.0,0.0,0.0,0.0,0.0,770.6482442471787
2021-05-06,879.8547655474838,527.4826750710383,1026.890327762703,879.8547655474838,879.8547655474838,0.0,0.0,0.0,0.0,0.0,0.0,0.0,0.0,0.0,0.0,0.0,0.0,0.0,0.0,0.0,0.0,0.0,0.0,0.0,0.0,0.0,0.0,0.0,0.0,0.0,0.0,0.0,0.0,0.0,0.0,-138.7637148197883,-138.7637148197883,-138.7637148197883,0.0,0.0,0.0,40.34877281339828,40.34877281339828,40.34877281339828,-98.41494200639006,-98.41494200639006,-98.41494200639006,0.0,0.0,0.0,0.0,0.0,0.0,781.4398235410937
2021-05-07,879.5647739600996,470.9241860039135,940.4587718596279,879.5647739600996,879.5647739600996,0.0,0.0,0.0,0.0,0.0,0.0,0.0,0.0,0.0,0.0,0.0,0.0,0.0,0.0,0.0,0.0,0.0,0.0,0.0,0.0,0.0,0.0,0.0,0.0,0.0,0.0,0.0,-148.31314913,-148.31314913,-148.31314913,-69.41011264695854,-69.41011264695854,-69.41011264695854,0.0,0.0,0.0,46.89536127355808,46.89536127355808,46.89536127355808,-170.82790050340046,-170.82790050340046,-170.82790050340046,-148.31314913,-148.31314913,-148.31314913,0.0,0.0,0.0,708.7368734566992
2021-05-08,879.2747823727153,802.5707555991997,1277.5167360099604,879.2747823727153,879.2747823727153,0.0,0.0,0.0,0.0,0.0,0.0,0.0,0.0,0.0,0.0,0.0,0.0,0.0,0.0,0.0,0.0,0.0,0.0,0.0,0.0,0.0,0.0,0.0,0.0,0.0,0.0,0.0,-30.374785632,-30.374785632,-30.374785632,139.0957975898709,139.0957975898709,139.0957975898709,0.0,0.0,0.0,52.80534964101553,52.80534964101553,52.80534964101553,161.52636159888644,161.52636159888644,161.52636159888644,-30.374785632,-30.374785632,-30.374785632,0.0,0.0,0.0,1040.8011439716017
2021-05-09,878.9847907853313,1151.071189881533,1628.411284916639,878.9847907853313,878.9847907853313,0.0,0.0,0.0,0.0,0.0,0.0,0.0,0.0,0.0,0.0,0.0,0.0,0.0,0.0,0.0,0.0,0.0,0.0,0.0,0.0,0.0,0.0,0.0,0.0,0.0,0.0,0.0,0.0,0.0,0.0,452.5724344127699,452.5724344127699,452.5724344127699,0.0,0.0,0.0,58.01183135860963,58.01183135860963,58.01183135860963,510.5842657713795,510.5842657713795,510.5842657713795,0.0,0.0,0.0,0.0,0.0,0.0,1389.5690565567106
2021-05-10,878.6947991979472,601.6169048311341,1063.3685621573547,878.6947991979472,878.6947991979472,0.0,0.0,0.0,0.0,0.0,0.0,0.0,0.0,0.0,0.0,0.0,0.0,0.0,0.0,0.0,0.0,0.0,0.0,0.0,0.0,0.0,0.0,0.0,0.0,0.0,0.0,0.0,0.0,0.0,0.0,-100.45487011182398,-100.45487011182398,-100.45487011182398,0.0,0.0,0.0,62.478912141858686,62.478912141858686,62.478912141858686,-37.975957969965314,-37.975957969965314,-37.975957969965314,0.0,0.0,0.0,0.0,0.0,0.0,840.7188412279819
2021-05-11,878.4048076105629,569.4350915594828,1044.733769854804,878.4048076105629,878.4048076105629,0.0,0.0,0.0,0.0,0.0,0.0,0.0,0.0,0.0,0.0,0.0,0.0,0.0,0.0,0.0,0.0,0.0,0.0,0.0,0.0,0.0,0.0,0.0,0.0,0.0,0.0,0.0,0.0,0.0,0.0,-140.28136136909322,-140.28136136909322,-140.28136136909322,0.0,0.0,0.0,66.20206824812244,66.20206824812244,66.20206824812244,-74.07929312097075,-74.07929312097075,-74.07929312097075,0.0,0.0,0.0,0.0,0.0,0.0,804.3255144895921
2021-05-12,878.1148160231787,674.0438786423623,1155.7801824109242,878.1148160231787,878.1148160231787,0.0,0.0,0.0,0.0,0.0,0.0,107.63690845,107.63690845,107.63690845,0.0,0.0,0.0,0.0,0.0,0.0,0.0,0.0,0.0,0.0,0.0,0.0,0.0,0.0,0.0,0.0,0.0,0.0,0.0,0.0,0.0,-142.75817305437045,-142.75817305437045,-142.75817305437045,0.0,0.0,0.0,69.20701352094297,69.20701352094297,69.20701352094297,34.08574891657252,34.08574891657252,34.08574891657252,107.63690845,107.63690845,107.63690845,0.0,0.0,0.0,912.2005649397512
2021-05-13,877.8248244357944,1466.8829886717915,1942.9672845348184,877.8248244357944,877.8248244357944,0.0,0.0,0.0,0.0,0.0,0.0,893.5603511999999,893.5603511999999,893.5603511999999,0.0,0.0,0.0,0.0,0.0,0.0,0.0,0.0,0.0,0.0,0.0,0.0,0.0,0.0,0.0,0.0,0.0,0.0,0.0,0.0,0.0,-138.76371482051243,-138.76371482051243,-138.76371482051243,0.0,0.0,0.0,71.54713133597383,71.54713133597383,71.54713133597383,826.3437677154614,826.3437677154614,826.3437677154614,893.5603511999999,893.5603511999999,893.5603511999999,0.0,0.0,0.0,1704.1685921512558
2021-05-14,877.5348328484104,641.9687334041316,1113.4948958863763,877.5348328484104,877.5348328484104,0.0,0.0,0.0,0.0,0.0,0.0,0.0,0.0,0.0,0.0,0.0,0.0,0.0,0.0,0.0,0.0,0.0,0.0,0.0,0.0,0.0,0.0,0.0,0.0,0.0,0.0,0.0,0.0,0.0,0.0,-69.41011264692001,-69.41011264692001,-69.41011264692001,0.0,0.0,0.0,73.29958823072302,73.29958823072302,73.29958823072302,3.889475583803029,3.889475583803029,3.889475583803029,0.0,0.0,0.0,0.0,0.0,0.0,881.4243084322134
2021-05-15,877.2448412610262,840.4384877728843,1326.4389731405493,877.2448412610262,877.2448412610262,0.0,0.0,0.0,0.0,0.0,0.0,0.0,0.0,0.0,0.0,0.0,0.0,0.0,0.0,0.0,0.0,0.0,0.0,0.0,0.0,0.0,0.0,0.0,0.0,0.0,0.0,0.0,0.0,0.0,0.0,139.0957975906655,139.0957975906655,139.0957975906655,0.0,0.0,0.0,74.56030223290594,74.56030223290594,74.56030223290594,213.65609982357142,213.65609982357142,213.65609982357142,0.0,0.0,0.0,0.0,0.0,0.0,1090.9009410845977
2021-05-16,876.9548496736419,1164.8075576813594,1642.4249840952157,876.9548496736419,876.9548496736419,0.0,0.0,0.0,0.0,0.0,0.0,0.0,0.0,0.0,0.0,0.0,0.0,0.0,0.0,0.0,0.0,0.0,0.0,0.0,0.0,0.0,0.0,0.0,0.0,0.0,0.0,0.0,0.0,0.0,0.0,452.57243441249864,452.57243441249864,452.57243441249864,0.0,0.0,0.0,75.43798849660693,75.43798849660693,75.43798849660693,528.0104229091056,528.0104229091056,528.0104229091056,0.0,0.0,0.0,0.0,0.0,0.0,1404.9652725827475
2021-05-17,876.6648580862578,616.1745360351241,1107.2680707157813,876.6648580862578,876.6648580862578,0.0,0.0,0.0,0.0,0.0,0.0,0.0,0.0,0.0,0.0,0.0,0.0,0.0,0.0,0.0,0.0,0.0,0.0,0.0,0.0,0.0,0.0,0.0,0.0,0.0,0.0,0.0,0.0,0.0,0.0,-100.45487011169112,-100.45487011169112,-100.45487011169112,0.0,0.0,0.0,76.047545818181,76.047545818181,76.047545818181,-24.407324293510154,-24.407324293510154,-24.407324293510154,0.0,0.0,0.0,0.0,0.0,0.0,852.2575337927477
2021-05-18,876.3748664988736,576.8415712023675,1038.5413243158634,876.3748664988736,876.3748664988736,0.0,0.0,0.0,0.0,0.0,0.0,0.0,0.0,0.0,0.0,0.0,0.0,0.0,0.0,0.0,0.0,0.0,0.0,0.0,0.0,0.0,0.0,0.0,0.0,0.0,0.0,0.0,0.0,0.0,0.0,-140.28136136914054,-140.28136136914054,-140.28136136914054,0.0,0.0,0.0,76.5030782839397,76.5030782839397,76.5030782839397,-63.77828308520081,-63.77828308520081,-63.77828308520081,0.0,0.0,0.0,0.0,0.0,0.0,812.5965834136729
2021-05-19,876.0848749114894,583.089532584181,1058.2777016081793,876.0848749114894,876.0848749114894,0.0,0.0,0.0,0.0,0.0,0.0,0.0,0.0,0.0,0.0,0.0,0.0,0.0,0.0,0.0,0.0,0.0,0.0,0.0,0.0,0.0,0.0,0.0,0.0,0.0,0.0,0.0,0.0,0.0,0.0,-142.75817305354838,-142.75817305354838,-142.75817305354838,0.0,0.0,0.0,76.91086539844238,76.91086539844238,76.91086539844238,-65.84730765510598,-65.84730765510598,-65.84730765510598,0.0,0.0,0.0,0.0,0.0,0.0,810.2375672563834
2021-05-20,875.7948833241053,568.862994935251,1052.6702251981048,875.7948833241053,875.7948833241053,0.0,0.0,0.0,0.0,0.0,0.0,0.0,0.0,0.0,0.0,0.0,0.0,0.0,0.0,0.0,0.0,0.0,0.0,0.0,0.0,0.0,0.0,0.0,0.0,0.0,0.0,0.0,0.0,0.0,0.0,-138.7637148202344,-138.7637148202344,-138.7637148202344,0.0,0.0,0.0,77.36260071273641,77.36260071273641,77.36260071273641,-61.401114107497996,-61.401114107497996,-61.401114107497996,0.0,0.0,0.0,0.0,0.0,0.0,814.3937692166073
2021-05-21,875.5048917367211,644.7206965971966,1125.4506716091314,875.5048917367211,875.5048917367211,0.0,0.0,0.0,0.0,0.0,0.0,0.0,0.0,0.0,0.0,0.0,0.0,0.0,0.0,0.0,0.0,0.0,0.0,0.0,0.0,0.0,0.0,0.0,0.0,0.0,0.0,0.0,0.0,0.0,0.0,-69.41011264806598,-69.41011264806598,-69.41011264806598,0.0,0.0,0.0,77.9292128247528,77.9292128247528,77.9292128247528,8.519100176686845,8.519100176686845,8.519100176686845,0.0,0.0,0.0,0.0,0.0,0.0,884.0239919134079
2021-05-22,875.2149001493368,858.0268144029728,1325.9503391767742,875.2149001493368,875.2149001493368,0.0,0.0,0.0,0.0,0.0,0.0,0.0,0.0,0.0,0.0,0.0,0.0,0.0,0.0,0.0,0.0,0.0,0.0,0.0,0.0,0.0,0.0,0.0,0.0,0.0,0.0,0.0,0.0,0.0,0.0,139.09579758946694,139.09579758946694,139.09579758946694,0.0,0.0,0.0,78.65556375715695,78.65556375715695,78.65556375715695,217.75136134662387,217.75136134662387,217.75136134662387,0.0,0.0,0.0,0.0,0.0,0.0,1092.9662614959607
2021-05-23,874.9249085619527,1689.6434260541866,2172.5578493890994,874.9249085619527,874.9249085619527,0.0,0.0,0.0,0.0,0.0,0.0,0.0,0.0,0.0,0.0,0.0,0.0,0.0,0.0,0.0,0.0,0.0,0.0,0.0,0.0,0.0,0.0,0.0,0.0,0.0,0.0,0.0,0.0,0.0,0.0,452.57243441300295,452.57243441300295,452.57243441300295,511.461983,511.461983,511.461983,79.55628871583305,79.55628871583305,79.55628871583305,1043.590706128836,1043.590706128836,1043.590706128836,511.461983,511.461983,511.461983,0.0,0.0,0.0,1918.5156146907889
2021-05-24,874.6349169745686,1353.5510619678505,1818.4161359918148,874.6349169745686,874.6349169745686,0.0,0.0,0.0,0.0,0.0,0.0,0.0,0.0,0.0,0.0,0.0,0.0,0.0,0.0,0.0,0.0,0.0,0.0,0.0,0.0,0.0,0.0,0.0,0.0,0.0,0.0,0.0,0.0,0.0,0.0,-100.45487011228431,-100.45487011228431,-100.45487011228431,733.4446985999999,733.4446985999999,733.4446985999999,80.61299914709855,80.61299914709855,80.61299914709855,713.6028276348143,713.6028276348143,713.6028276348143,733.4446985999999,733.4446985999999,733.4446985999999,0.0,0.0,0.0,1588.2377446093828
2021-05-25,874.3449256874494,589.940032007267,1046.6001697966149,874.3449256874494,874.3449256874494,0.0,0.0,0.0,0.0,0.0,0.0,0.0,0.0,0.0,0.0,0.0,0.0,0.0,0.0,0.0,0.0,0.0,0.0,0.0,0.0,0.0,0.0,0.0,0.0,0.0,0.0,0.0,0.0,0.0,0.0,-140.28136136947404,-140.28136136947404,-140.28136136947404,0.0,0.0,0.0,81.77301932060287,81.77301932060287,81.77301932060287,-58.50834204887114,-58.50834204887114,-58.50834204887114,0.0,0.0,0.0,0.0,0.0,0.0,815.8365836385783
2021-05-26,874.0549344003304,602.2138773010456,1055.1755907523036,874.0549344003304,874.0549344003304,0.0,0.0,0.0,0.0,0.0,0.0,0.0,0.0,0.0,0.0,0.0,0.0,0.0,0.0,0.0,0.0,0.0,0.0,0.0,0.0,0.0,0.0,0.0,0.0,0.0,0.0,0.0,0.0,0.0,0.0,-142.7581730542287,-142.7581730542287,-142.7581730542287,0.0,0.0,0.0,82.94976724387698,82.94976724387698,82.94976724387698,-59.80840581035172,-59.80840581035172,-59.80840581035172,0.0,0.0,0.0,0.0,0.0,0.0,814.2465285899787
2021-05-27,873.7649431132113,582.7310597348172,1049.7796311665397,873.7649431132113,873.7649431132113,0.0,0.0,0.0,0.0,0.0,0.0,0.0,0.0,0.0,0.0,0.0,0.0,0.0,0.0,0.0,0.0,0.0,0.0,0.0,0.0,0.0,0.0,0.0,0.0,0.0,0.0,0.0,0.0,0.0,0.0,-138.7637148199564,-138.7637148199564,-138.7637148199564,0.0,0.0,0.0,84.02482573108003,84.02482573108003,84.02482573108003,-54.73888908887635,-54.73888908887635,-54.73888908887635,0.0,0.0,0.0,0.0,0.0,0.0,819.0260540243349
2021-05-28,873.4749518260924,657.5634128611119,1125.831892754155,873.4749518260924,873.4749518260924,0.0,0.0,0.0,0.0,0.0,0.0,0.0,0.0,0.0,0.0,0.0,0.0,0.0,0.0,0.0,0.0,0.0,0.0,0.0,0.0,0.0,0.0,0.0,0.0,0.0,0.0,0.0,0.0,0.0,0.0,-69.41011264802745,-69.41011264802745,-69.41011264802745,0.0,0.0,0.0,84.85168132882218,84.85168132882218,84.85168132882218,15.44156868079472,15.44156868079472,15.44156868079472,0.0,0.0,0.0,0.0,0.0,0.0,888.9165205068871
2021-05-29,873.1849605389733,864.2809135449061,1338.1975995624764,873.1849605389733,873.1849605389733,0.0,0.0,0.0,0.0,0.0,0.0,0.0,0.0,0.0,0.0,0.0,0.0,0.0,0.0,0.0,0.0,0.0,0.0,0.0,0.0,0.0,0.0,0.0,0.0,0.0,0.0,0.0,0.0,0.0,0.0,139.09579759026153,139.09579759026153,139.09579759026153,0.0,0.0,0.0,85.26104010890971,85.26104010890971,85.26104010890971,224.35683769917125,224.35683769917125,224.35683769917125,0.0,0.0,0.0,0.0,0.0,0.0,1097.5417982381446
2021-05-30,872.8949692518543,1166.7721706547657,1633.4948543781445,872.8949692518543,872.8949692518543,0.0,0.0,0.0,0.0,0.0,0.0,0.0,0.0,0.0,0.0,0.0,0.0,0.0,0.0,0.0,0.0,0.0,0.0,0.0,0.0,0.0,0.0,0.0,0.0,0.0,0.0,0.0,0.0,0.0,0.0,452.57243441278604,452.57243441278604,452.57243441278604,0.0,0.0,0.0,85.06756269440244,85.06756269440244,85.06756269440244,537.6399971071885,537.6399971071885,537.6399971071885,0.0,0.0,0.0,0.0,0.0,0.0,1410.5349663590428
2021-05-31,872.6049779647352,618.0462775975831,1098.509623614049,872.6049779647352,872.6049779647352,0.0,0.0,0.0,0.0,0.0,0.0,0.0,0.0,0.0,0.0,0.0,0.0,0.0,0.0,0.0,0.0,0.0,0.0,0.0,0.0,0.0,0.0,0.0,0.0,0.0,0.0,0.0,0.0,0.0,0.0,-100.45487011204284,-100.45487011204284,-100.45487011204284,0.0,0.0,0.0,84.07779887415622,84.07779887415622,84.07779887415622,-16.377071237886643,-16.377071237886643,-16.377071237886643,0.0,0.0,0.0,0.0,0.0,0.0,856.2279067268486
2021-06-01,872.3149866776162,574.6064537183287,1051.1084079637185,872.3149866776162,872.3149866776162,0.0,0.0,0.0,0.0,0.0,0.0,0.0,0.0,0.0,0.0,0.0,0.0,0.0,0.0,0.0,0.0,0.0,0.0,0.0,0.0,0.0,0.0,0.0,0.0,0.0,0.0,0.0,0.0,0.0,0.0,-140.28136136790008,-140.28136136790008,-140.28136136790008,0.0,0.0,0.0,82.09904722529083,82.09904722529083,82.09904722529083,-58.18231414260928,-58.18231414260928,-58.18231414260928,0.0,0.0,0.0,0.0,0.0,0.0,814.1326725350069
2021-06-02,872.024995390497,591.4586393754338,1039.2819951685758,872.024995390497,872.024995390497,0.0,0.0,0.0,0.0,0.0,0.0,0.0,0.0,0.0,0.0,0.0,0.0,0.0,0.0,0.0,0.0,0.0,0.0,0.0,0.0,0.0,0.0,0.0,0.0,0.0,0.0,0.0,0.0,0.0,0.0,-142.75817305423342,-142.75817305423342,-142.75817305423342,0.0,0.0,0.0,78.94881951917424,78.94881951917424,78.94881951917424,-63.80935353505913,-63.80935353505913,-63.80935353505913,0.0,0.0,0.0,0.0,0.0,0.0,808.2156418554379
2021-06-03,871.735004103378,576.447077105726,1034.5250182695913,871.735004103378,871.735004103378,0.0,0.0,0.0,0.0,0.0,0.0,0.0,0.0,0.0,0.0,0.0,0.0,0.0,0.0,0.0,0.0,0.0,0.0,0.0,0.0,0.0,0.0,0.0,0.0,0.0,0.0,0.0,0.0,0.0,0.0,-138.7637148193119,-138.7637148193119,-138.7637148193119,0.0,0.0,0.0,74.46455523381134,74.46455523381134,74.46455523381134,-64.29915958550052,-64.29915958550052,-64.29915958550052,0.0,0.0,0.0,0.0,0.0,0.0,807.4358445178774
2021-06-04,871.4450128162589,630.7968650506414,1112.978230032195,871.4450128162589,871.4450128162589,0.0,0.0,0.0,0.0,0.0,0.0,0.0,0.0,0.0,0.0,0.0,0.0,0.0,0.0,0.0,0.0,0.0,0.0,0.0,0.0,0.0,0.0,0.0,0.0,0.0,0.0,0.0,0.0,0.0,0.0,-69.41011264770938,-69.41011264770938,-69.41011264770938,0.0,0.0,0.0,68.51320974908596,68.51320974908596,68.51320974908596,-0.8969028986234248,-0.8969028986234248,-0.8969028986234248,0.0,0.0,0.0,0.0,0.0,0.0,870.5481099176354
2021-06-05,871.15502152914,827.18425214586,1303.3943408258117,871.15502152914,871.15502152914,0.0,0.0,0.0,0.0,0.0,0.0,0.0,0.0,0.0,0.0,0.0,0.0,0.0,0.0,0.0,0.0,0.0,0.0,0.0,0.0,0.0,0.0,0.0,0.0,0.0,0.0,0.0,0.0,0.0,0.0,139.0957975900368,139.0957975900368,139.0957975900368,0.0,0.0,0.0,61.00033182386881,61.00033182386881,61.00033182386881,200.0961294139056,200.0961294139056,200.0961294139056,0.0,0.0,0.0,0.0,0.0,0.0,1071.2511509430456
2021-06-06,870.8650302420209,1160.0862419939222,1612.7370627406904,870.8650302420209,870.8650302420209,0.0,0.0,0.0,0.0,0.0,0.0,0.0,0.0,0.0,0.0,0.0,0.0,0.0,0.0,0.0,0.0,0.0,0.0,0.0,0.0,0.0,0.0,0.0,0.0,0.0,0.0,0.0,0.0,0.0,0.0,452.57243441282714,452.57243441282714,452.57243441282714,0.0,0.0,0.0,51.87825231685912,51.87825231685912,51.87825231685912,504.45068672968625,504.45068672968625,504.45068672968625,0.0,0.0,0.0,0.0,0.0,0.0,1375.3157169717072
2021-06-07,870.5750389549019,575.1932999506797,1043.0721804898192,870.5750389549019,870.5750389549019,0.0,0.0,0.0,0.0,0.0,0.0,0.0,0.0,0.0,0.0,0.0,0.0,0.0,0.0,0.0,0.0,0.0,0.0,0.0,0.0,0.0,0.0,0.0,0.0,0.0,0.0,0.0,0.0,0.0,0.0,-100.45487011263603,-100.45487011263603,-100.45487011263603,0.0,0.0,0.0,41.15302686794503,41.15302686794503,41.15302686794503,-59.30184324469097,-59.30184324469097,-59.30184324469097,0.0,0.0,0.0,0.0,0.0,0.0,811.2731957102109
2021-06-08,870.2850476677828,520.1086634197662,971.7065699883507,870.2850476677828,870.2850476677828,0.0,0.0,0.0,0.0,0.0,0.0,0.0,0.0,0.0,0.0,0.0,0.0,0.0,0.0,0.0,0.0,0.0,0.0,0.0,0.0,0.0,0.0,0.0,0.0,0.0,0.0,0.0,0.0,0.0,0.0,-140.28136136823358,-140.28136136823358,-140.28136136823358,0.0,0.0,0.0,28.889809918638818,28.889809918638818,28.889809918638818,-111.39155144959473,-111.39155144959473,-111.39155144959473,0.0,0.0,0.0,0.0,0.0,0.0,758.893496218188
2021-06-09,869.9950563806636,503.578836705432,966.273481018785,869.9950563806636,869.9950563806636,0.0,0.0,0.0,0.0,0.0,0.0,0.0,0.0,0.0,0.0,0.0,0.0,0.0,0.0,0.0,0.0,0.0,0.0,0.0,0.0,0.0,0.0,0.0,0.0,0.0,0.0,0.0,0.0,0.0,0.0,-142.75817305409572,-142.75817305409572,-142.75817305409572,0.0,0.0,0.0,15.216385030269656,15.216385030269656,15.216385030269656,-127.54178802382614,-127.54178802382614,-127.54178802382614,0.0,0.0,0.0,0.0,0.0,0.0,742.4532683568375
2021-06-10,869.7050650935446,488.7625997473486,970.4254707957831,869.7050650935446,869.7050650935446,0.0,0.0,0.0,0.0,0.0,0.0,0.0,0.0,0.0,0.0,0.0,0.0,0.0,0.0,0.0,0.0,0.0,0.0,0.0,0.0,0.0,0.0,0.0,0.0,0.0,0.0,0.0,0.0,0.0,0.0,-138.7637148204025,-138.7637148204025,-138.7637148204025,0.0,0.0,0.0,0.32463545540278604,0.32463545540278604,0.32463545540278604,-138.43907936499969,-138.43907936499969,-138.43907936499969,0.0,0.0,0.0,0.0,0.0,0.0,731.2659857285449
2021-06-11,869.4150738064255,553.6823140009575,1031.2415127154138,869.4150738064255,869.4150738064255,0.0,0.0,0.0,0.0,0.0,0.0,0.0,0.0,0.0,0.0,0.0,0.0,0.0,0.0,0.0,0.0,0.0,0.0,0.0,0.0,0.0,0.0,0.0,0.0,0.0,0.0,0.0,0.0,0.0,0.0,-69.41011264735273,-69.41011264735273,-69.41011264735273,0.0,0.0,0.0,-15.530192587697238,-15.530192587697238,-15.530192587697238,-84.94030523504996,-84.94030523504996,-84.94030523504996,0.0,0.0,0.0,0.0,0.0,0.0,784.4747685713755
2021-06-12,869.1250825193065,741.5381982207557,1226.6920815030655,869.1250825193065,869.1250825193065,0.0,0.0,0.0,0.0,0.0,0.0,0.0,0.0,0.0,0.0,0.0,0.0,0.0,0.0,0.0,0.0,0.0,0.0,0.0,0.0,0.0,0.0,0.0,0.0,0.0,0.0,0.0,0.0,0.0,0.0,139.09579759041782,139.09579759041782,139.09579759041782,0.0,0.0,0.0,-32.03250581212105,-32.03250581212105,-32.03250581212105,107.06329177829677,107.06329177829677,107.06329177829677,0.0,0.0,0.0,0.0,0.0,0.0,976.1883742976032
2021-06-13,868.8350912321876,1047.7199627000953,1535.2820328414455,868.8350912321876,868.8350912321876,0.0,0.0,0.0,0.0,0.0,0.0,0.0,0.0,0.0,0.0,0.0,0.0,0.0,0.0,0.0,0.0,0.0,0.0,0.0,0.0,0.0,0.0,0.0,0.0,0.0,0.0,0.0,0.0,0.0,0.0,452.572434412971,452.572434412971,452.572434412971,0.0,0.0,0.0,-48.8116505515406,-48.8116505515406,-48.8116505515406,403.7607838614303,403.7607838614303,403.7607838614303,0.0,0.0,0.0,0.0,0.0,0.0,1272.595875093618
2021-06-14,868.5451000242236,481.2557623197577,937.0553702415427,868.5451000242236,868.5451000242236,0.0,0.0,0.0,0.0,0.0,0.0,0.0,0.0,0.0,0.0,0.0,0.0,0.0,0.0,0.0,0.0,0.0,0.0,0.0,0.0,0.0,0.0,0.0,0.0,0.0,0.0,0.0,0.0,0.0,0.0,-100.45487011166854,-100.45487011166854,-100.45487011166854,0.0,0.0,0.0,-65.44937985677316,-65.44937985677316,-65.44937985677316,-165.9042499684417,-165.9042499684417,-165.9042499684417,0.0,0.0,0.0,0.0,0.0,0.0,702.6408500557819
2021-06-15,868.2551088162597,410.66651689816257,884.4212035966623,868.2551088162597,868.2551088162597,0.0,0.0,0.0,0.0,0.0,0.0,0.0,0.0,0.0,0.0,0.0,0.0,0.0,0.0,0.0,0.0,0.0,0.0,0.0,0.0,0.0,0.0,0.0,0.0,0.0,0.0,0.0,0.0,0.0,0.0,-140.28136136881724,-140.28136136881724,-140.28136136881724,0.0,0.0,0.0,-81.48932977573959,-81.48932977573959,-81.48932977573959,-221.77069114455676,-221.77069114455676,-221.77069114455676,0.0,0.0,0.0,0.0,0.0,0.0,646.484417671703
2021-06-16,867.9651176082957,391.7442954171866,851.5874325462543,867.9651176082957,867.9651176082957,0.0,0.0,0.0,0.0,0.0,0.0,0.0,0.0,0.0,0.0,0.0,0.0,0.0,0.0,0.0,0.0,0.0,0.0,0.0,0.0,0.0,0.0,0.0,0.0,0.0,0.0,0.0,0.0,0.0,0.0,-142.75817305444266,-142.75817305444266,-142.75817305444266,0.0,0.0,0.0,-96.44825686583235,-96.44825686583235,-96.44825686583235,-239.206429920275,-239.206429920275,-239.206429920275,0.0,0.0,0.0,0.0,0.0,0.0,628.7586876880207
2021-06-17,867.6751264003318,374.3674245182066,856.1528501176908,867.6751264003318,867.6751264003318,0.0,0.0,0.0,0.0,0.0,0.0,0.0,0.0,0.0,0.0,0.0,0.0,0.0,0.0,0.0,0.0,0.0,0.0,0.0,0.0,0.0,0.0,0.0,0.0,0.0,0.0,0.0,0.0,0.0,0.0,-138.76371482011828,-138.76371482011828,-138.76371482011828,0.0,0.0,0.0,-109.82871920344908,-109.82871920344908,-109.82871920344908,-248.5924340235674,-248.5924340235674,-248.5924340235674,0.0,0.0,0.0,0.0,0.0,0.0,619.0826923767644
2021-06-18,867.3851351923679,451.18943625412896,920.9843495631426,867.3851351923679,867.3851351923679,0.0,0.0,0.0,0.0,0.0,0.0,0.0,0.0,0.0,0.0,0.0,0.0,0.0,0.0,0.0,0.0,0.0,0.0,0.0,0.0,0.0,0.0,0.0,0.0,0.0,0.0,0.0,0.0,0.0,0.0,-69.41011264818052,-69.41011264818052,-69.41011264818052,0.0,0.0,0.0,-121.13282295586345,-121.13282295586345,-121.13282295586345,-190.54293560404395,-190.54293560404395,-190.54293560404395,0.0,0.0,0.0,0.0,0.0,0.0,676.842199588324
2021-06-19,867.095143984404,651.4259952090871,1116.487122350534,867.095143984404,867.095143984404,0.0,0.0,0.0,0.0,0.0,0.0,0.0,0.0,0.0,0.0,0.0,0.0,0.0,0.0,0.0,0.0,0.0,0.0,0.0,0.0,0.0,0.0,0.0,0.0,0.0,0.0,0.0,0.0,0.0,0.0,139.0957975891737,139.0957975891737,139.0957975891737,0.0,0.0,0.0,-129.87660829706837,-129.87660829706837,-129.87660829706837,9.219189292105357,9.219189292105357,9.219189292105357,0.0,0.0,0.0,0.0,0.0,0.0,876.3143332765094
2021-06-20,866.80515277644,939.0187196277863,1415.2957475893904,866.80515277644,866.80515277644,0.0,0.0,0.0,0.0,0.0,0.0,0.0,0.0,0.0,0.0,0.0,0.0,0.0,0.0,0.0,0.0,0.0,0.0,0.0,0.0,0.0,0.0,0.0,0.0,0.0,0.0,0.0,0.0,0.0,0.0,452.5724344126452,452.5724344126452,452.5724344126452,0.0,0.0,0.0,-135.60461403672758,-135.60461403672758,-135.60461403672758,316.96782037591765,316.96782037591765,316.96782037591765,0.0,0.0,0.0,0.0,0.0,0.0,1183.7729731523577
2021-06-21,866.5151615684761,404.6195074067377,862.7673435581854,866.5151615684761,866.5151615684761,0.0,0.0,0.0,0.0,0.0,0.0,0.0,0.0,0.0,0.0,0.0,0.0,0.0,0.0,0.0,0.0,0.0,0.0,0.0,0.0,0.0,0.0,0.0,0.0,0.0,0.0,0.0,0.0,0.0,0.0,-100.45487011215313,-100.45487011215313,-100.45487011215313,0.0,0.0,0.0,-137.90414127798766,-137.90414127798766,-137.90414127798766,-238.3590113901408,-238.3590113901408,-238.3590113901408,0.0,0.0,0.0,0.0,0.0,0.0,628.1561501783352
2021-06-22,866.2251703605122,350.9326486509075,813.8738568538697,866.2251703605122,866.2251703605122,0.0,0.0,0.0,0.0,0.0,0.0,0.0,0.0,0.0,0.0,0.0,0.0,0.0,0.0,0.0,0.0,0.0,0.0,0.0,0.0,0.0,0.0,0.0,0.0,0.0,0.0,0.0,0.0,0.0,0.0,-140.28136136856614,-140.28136136856614,-140.28136136856614,0.0,0.0,0.0,-136.41873369769405,-136.41873369769405,-136.41873369769405,-276.70009506626013,-276.70009506626013,-276.70009506626013,0.0,0.0,0.0,0.0,0.0,0.0,589.525075294252
2021-06-23,865.9351791525482,358.8147090219737,843.7994781516489,865.9351791525482,865.9351791525482,0.0,0.0,0.0,0.0,0.0,0.0,0.0,0.0,0.0,0.0,0.0,0.0,0.0,0.0,0.0,0.0,0.0,0.0,0.0,0.0,0.0,0.0,0.0,0.0,0.0,0.0,0.0,0.0,0.0,0.0,-142.75817305362057,-142.75817305362057,-142.75817305362057,0.0,0.0,0.0,-130.86040605387083,-130.86040605387083,-130.86040605387083,-273.6185791074914,-273.6185791074914,-273.6185791074914,0.0,0.0,0.0,0.0,0.0,0.0,592.3166000450568
2021-06-24,865.6451879445844,391.40617706001956,860.4290105875236,865.6451879445844,865.6451879445844,0.0,0.0,0.0,0.0,0.0,0.0,0.0,0.0,0.0,0.0,0.0,0.0,0.0,0.0,0.0,0.0,0.0,0.0,0.0,0.0,0.0,0.0,0.0,0.0,0.0,0.0,0.0,0.0,0.0,0.0,-138.76371481984026,-138.76371481984026,-138.76371481984026,0.0,0.0,0.0,-121.02018309982161,-121.02018309982161,-121.02018309982161,-259.7838979196618,-259.7838979196618,-259.7838979196618,0.0,0.0,0.0,0.0,0.0,0.0,605.8612900249227
2021-06-25,865.3551967366203,464.21849613127756,931.9758416047391,865.3551967366203,865.3551967366203,0.0,0.0,0.0,0.0,0.0,0.0,0.0,0.0,0.0,0.0,0.0,0.0,0.0,0.0,0.0,0.0,0.0,0.0,0.0,0.0,0.0,0.0,0.0,0.0,0.0,0.0,0.0,0.0,0.0,0.0,-69.41011264818059,-69.41011264818059,-69.41011264818059,0.0,0.0,0.0,-106.7765574531663,-106.7765574531663,-106.7765574531663,-176.18667010134692,-176.18667010134692,-176.18667010134692,0.0,0.0,0.0,0.0,0.0,0.0,689.1685266352733
2021-06-26,865.0652055286564,677.5008111511393,1149.4762391235558,865.0652055286564,865.0652055286564,0.0,0.0,0.0,0.0,0.0,0.0,0.0,0.0,0.0,0.0,0.0,0.0,0.0,0.0,0.0,0.0,0.0,0.0,0.0,0.0,0.0,0.0,0.0,0.0,0.0,0.0,0.0,0.0,0.0,0.0,139.0957975897615,139.0957975897615,139.0957975897615,0.0,0.0,0.0,-88.10153580997064,-88.10153580997064,-88.10153580997064,50.99426177979084,50.99426177979084,50.99426177979084,0.0,0.0,0.0,0.0,0.0,0.0,916.0594673084472
2021-06-27,864.7752143206926,1005.6903157169838,1491.259335824368,864.7752143206926,864.7752143206926,0.0,0.0,0.0,0.0,0.0,0.0,0.0,0.0,0.0,0.0,0.0,0.0,0.0,0.0,0.0,0.0,0.0,0.0,0.0,0.0,0.0,0.0,0.0,0.0,0.0,0.0,0.0,0.0,0.0,0.0,452.5724344127344,452.5724344127344,452.5724344127344,0.0,0.0,0.0,-65.06401634274826,-65.06401634274826,-65.06401634274826,387.5084180699863,387.5084180699863,387.5084180699863,0.0,0.0,0.0,0.0,0.0,0.0,1252.283632390679
2021-06-28,864.4852231127287,489.1776712142012,948.0341369175109,864.4852231127287,864.4852231127287,0.0,0.0,0.0,0.0,0.0,0.0,0.0,0.0,0.0,0.0,0.0,0.0,0.0,0.0,0.0,0.0,0.0,0.0,0.0,0.0,0.0,0.0,0.0,0.0,0.0,0.0,0.0,0.0,0.0,0.0,-100.45487011185608,-100.45487011185608,-100.45487011185608,0.0,0.0,0.0,-37.8303238576955,-37.8303238576955,-37.8303238576955,-138.2851939695516,-138.2851939695516,-138.2851939695516,0.0,0.0,0.0,0.0,0.0,0.0,726.2000291431771
2021-06-29,864.1952319047647,492.4504536834428,978.0754117090403,864.1952319047647,864.1952319047647,0.0,0.0,0.0,0.0,0.0,0.0,0.0,0.0,0.0,0.0,0.0,0.0,0.0,0.0,0.0,0.0,0.0,0.0,0.0,0.0,0.0,0.0,0.0,0.0,0.0,0.0,0.0,0.0,0.0,0.0,-140.2813613683633,-140.2813613683633,-140.2813613683633,0.0,0.0,0.0,-6.661820589855167,-6.661820589855167,-6.661820589855167,-146.9431819582185,-146.9431819582185,-146.9431819582185,0.0,0.0,0.0,0.0,0.0,0.0,717.2520499465462
2021-06-30,863.9052406968008,507.1808285158105,981.5835502255954,863.9052406968008,863.9052406968008,0.0,0.0,0.0,0.0,0.0,0.0,0.0,0.0,0.0,0.0,0.0,0.0,0.0,0.0,0.0,0.0,0.0,0.0,0.0,0.0,0.0,0.0,0.0,0.0,0.0,0.0,0.0,0.0,0.0,0.0,-142.75817305396748,-142.75817305396748,-142.75817305396748,0.0,0.0,0.0,28.090393645446014,28.090393645446014,28.090393645446014,-114.66777940852148,-114.66777940852148,-114.66777940852148,0.0,0.0,0.0,0.0,0.0,0.0,749.2374612882793
2021-07-01,863.6152494888369,566.1737929638416,1024.4307002382652,863.6152494888369,863.6152494888369,0.0,0.0,0.0,0.0,0.0,0.0,0.0,0.0,0.0,0.0,0.0,0.0,0.0,0.0,0.0,0.0,0.0,0.0,0.0,0.0,0.0,0.0,0.0,0.0,0.0,0.0,0.0,0.0,0.0,0.0,-138.76371482019795,-138.76371482019795,-138.76371482019795,0.0,0.0,0.0,65.99358106484355,65.99358106484355,65.99358106484355,-72.77013375535444,-72.77013375535444,-72.77013375535444,0.0,0.0,0.0,0.0,0.0,0.0,790.8451157334824
2021-07-02,863.325258280873,654.1063878609216,1112.9800012575504,863.325258280873,863.325258280873,0.0,0.0,0.0,0.0,0.0,0.0,0.0,0.0,0.0,0.0,0.0,0.0,0.0,0.0,0.0,0.0,0.0,0.0,0.0,0.0,0.0,0.0,0.0,0.0,0.0,0.0,0.0,0.0,0.0,0.0,-69.41011264782396,-69.41011264782396,-69.41011264782396,0.0,0.0,0.0,106.5440592625045,106.5440592625045,106.5440592625045,37.1339466146805,37.1339466146805,37.1339466146805,0.0,0.0,0.0,0.0,0.0,0.0,900.4592048955535
2021-07-03,863.0352670729089,923.974621378804,1394.7057346466718,863.0352670729089,863.0352670729089,0.0,0.0,0.0,0.0,0.0,0.0,0.0,0.0,0.0,0.0,0.0,0.0,0.0,0.0,0.0,0.0,0.0,0.0,0.0,0.0,0.0,0.0,0.0,0.0,0.0,0.0,0.0,0.0,0.0,0.0,139.09579758876973,139.09579758876973,139.09579758876973,0.0,0.0,0.0,149.18019240224805,149.18019240224805,149.18019240224805,288.2759899910178,288.2759899910178,288.2759899910178,0.0,0.0,0.0,0.0,0.0,0.0,1151.3112570639269
2021-07-04,862.745300413806,1260.710225210379,1750.4409804355087,862.745300413806,862.745300413806,0.0,0.0,0.0,0.0,0.0,0.0,0.0,0.0,0.0,0.0,0.0,0.0,0.0,0.0,0.0,0.0,0.0,0.0,0.0,0.0,0.0,0.0,0.0,0.0,0.0,0.0,0.0,0.0,0.0,0.0,452.5724344125177,452.5724344125177,452.5724344125177,0.0,0.0,0.0,193.2973029732297,193.2973029732297,193.2973029732297,645.8697373857472,645.8697373857472,645.8697373857472,0.0,0.0,0.0,0.0,0.0,0.0,1508.6150377995532
2021-07-05,862.4553337547034,757.0520907984868,1247.1604681211363,862.4553337547034,862.4553337547034,0.0,0.0,0.0,0.0,0.0,0.0,0.0,0.0,0.0,0.0,0.0,0.0,0.0,0.0,0.0,0.0,0.0,0.0,0.0,0.0,0.0,0.0,0.0,0.0,0.0,0.0,0.0,0.0,0.0,0.0,-100.45487011234064,-100.45487011234064,-100.45487011234064,0.0,0.0,0.0,238.26405680526187,238.26405680526187,238.26405680526187,137.8091866929213,137.8091866929213,137.8091866929213,0.0,0.0,0.0,0.0,0.0,0.0,1000.2645204476246
2021-07-06,862.1653670956006,770.9073078609986,1246.5563772945334,862.1653670956006,862.1653670956006,0.0,0.0,0.0,0.0,0.0,0.0,0.0,0.0,0.0,0.0,0.0,0.0,0.0,0.0,0.0,0.0,0.0,0.0,0.0,0.0,0.0,0.0,0.0,0.0,0.0,0.0,0.0,0.0,0.0,0.0,-140.28136136791028,-140.28136136791028,-140.28136136791028,0.0,0.0,0.0,283.43981794294285,283.43981794294285,283.43981794294285,143.15845657503257,143.15845657503257,143.15845657503257,0.0,0.0,0.0,0.0,0.0,0.0,1005.3238236706331
2021-07-07,861.8754004364979,802.2770966974449,1271.7666092925651,861.8754004364979,861.8754004364979,0.0,0.0,0.0,0.0,0.0,0.0,0.0,0.0,0.0,0.0,0.0,0.0,0.0,0.0,0.0,0.0,0.0,0.0,0.0,0.0,0.0,0.0,0.0,0.0,0.0,0.0,0.0,0.0,0.0,0.0,-142.75817305397211,-142.75817305397211,-142.75817305397211,0.0,0.0,0.0,328.1924299262104,328.1924299262104,328.1924299262104,185.43425687223834,185.43425687223834,185.43425687223834,0.0,0.0,0.0,0.0,0.0,0.0,1047.3096573087362
2021-07-08,861.585433777395,863.2114645115596,1323.0538503591492,861.585433777395,861.585433777395,0.0,0.0,0.0,0.0,0.0,0.0,0.0,0.0,0.0,0.0,0.0,0.0,0.0,0.0,0.0,0.0,0.0,0.0,0.0,0.0,0.0,0.0,0.0,0.0,0.0,0.0,0.0,0.0,0.0,0.0,-138.76371481955346,-138.76371481955346,-138.76371481955346,0.0,0.0,0.0,371.9158576181982,371.9158576181982,371.9158576181982,233.15214279864472,233.15214279864472,233.15214279864472,0.0,0.0,0.0,0.0,0.0,0.0,1094.7375765760398
2021-07-09,861.2954671182923,979.6034919222546,1431.8949465624526,861.2954671182923,861.2954671182923,0.0,0.0,0.0,0.0,0.0,0.0,0.0,0.0,0.0,0.0,0.0,0.0,0.0,0.0,0.0,0.0,0.0,0.0,0.0,0.0,0.0,0.0,0.0,0.0,0.0,0.0,0.0,0.0,0.0,0.0,-69.41011264782401,-69.41011264782401,-69.41011264782401,0.0,0.0,0.0,414.04711994491123,414.04711994491123,414.04711994491123,344.6370072970871,344.6370072970871,344.6370072970871,0.0,0.0,0.0,0.0,0.0,0.0,1205.9324744153794
2021-07-10,861.0055004591894,1219.7201514853573,1692.5804375337264,861.0055004591894,861.0055004591894,0.0,0.0,0.0,0.0,0.0,0.0,0.0,0.0,0.0,0.0,0.0,0.0,0.0,0.0,0.0,0.0,0.0,0.0,0.0,0.0,0.0,0.0,0.0,0.0,0.0,0.0,0.0,0.0,0.0,0.0,139.09579758935757,139.09579758935757,139.09579758935757,0.0,0.0,0.0,454.08195917864373,454.08195917864373,454.08195917864373,593.1777567680012,593.1777567680012,593.1777567680012,0.0,0.0,0.0,0.0,0.0,0.0,1454.1832572271906
2021-07-11,860.7155338000866,1572.6601583199006,2048.2945533044945,860.7155338000866,860.7155338000866,0.0,0.0,0.0,0.0,0.0,0.0,0.0,0.0,0.0,0.0,0.0,0.0,0.0,0.0,0.0,0.0,0.0,0.0,0.0,0.0,0.0,0.0,0.0,0.0,0.0,0.0,0.0,0.0,0.0,0.0,452.57243441302205,452.57243441302205,452.57243441302205,0.0,0.0,0.0,491.58872641879645,491.58872641879645,491.58872641879645,944.1611608318184,944.1611608318184,944.1611608318184,0.0,0.0,0.0,0.0,0.0,0.0,1804.8766946319051
2021-07-12,860.425567140984,1050.9459368523833,1531.6126865481547,860.425567140984,860.425567140984,0.0,0.0,0.0,0.0,0.0,0.0,0.0,0.0,0.0,0.0,0.0,0.0,0.0,0.0,0.0,0.0,0.0,0.0,0.0,0.0,0.0,0.0,0.0,0.0,0.0,0.0,0.0,0.0,0.0,0.0,-100.45487011220781,-100.45487011220781,-100.45487011220781,0.0,0.0,0.0,526.2200148200171,526.2200148200171,526.2200148200171,425.7651447078095,425.7651447078095,425.7651447078095,0.0,0.0,0.0,0.0,0.0,0.0,1286.1907118487934
2021-07-13,860.135600481881,1088.0563032637988,1551.7657599277823,860.135600481881,860.135600481881,0.0,0.0,0.0,0.0,0.0,0.0,0.0,0.0,0.0,0.0,0.0,0.0,0.0,0.0,0.0,0.0,0.0,0.0,0.0,0.0,0.0,41.31592637,41.31592637,41.31592637,0.0,0.0,0.0,0.0,0.0,0.0,-140.28136136849392,-140.28136136849392,-140.28136136849392,0.0,0.0,0.0,557.7216403427843,557.7216403427843,557.7216403427843,458.75620534429044,458.75620534429044,458.75620534429044,41.31592637,41.31592637,41.31592637,0.0,0.0,0.0,1318.8918058261715
2021-07-14,859.8456338227784,1739.1156902343407,2201.563862864907,859.8456338227784,859.8456338227784,0.0,0.0,0.0,0.0,0.0,0.0,0.0,0.0,0.0,0.0,0.0,0.0,0.0,0.0,0.0,0.0,0.0,0.0,0.0,0.0,0.0,667.1421842999999,667.1421842999999,667.1421842999999,0.0,0.0,0.0,0.0,0.0,0.0,-142.75817305479484,-142.75817305479484,-142.75817305479484,0.0,0.0,0.0,585.9386522783946,585.9386522783946,585.9386522783946,1110.3226635235997,1110.3226635235997,1110.3226635235997,667.1421842999999,667.1421842999999,667.1421842999999,0.0,0.0,0.0,1970.168297346378
2021-07-15,859.5556671636756,1086.2058634816913,1570.0071159601998,859.5556671636756,859.5556671636756,0.0,0.0,0.0,0.0,0.0,0.0,0.0,0.0,0.0,0.0,0.0,0.0,0.0,0.0,0.0,0.0,0.0,0.0,0.0,0.0,0.0,0.0,0.0,0.0,0.0,0.0,0.0,0.0,0.0,0.0,-138.76371482036862,-138.76371482036862,-138.76371482036862,0.0,0.0,0.0,610.8181499169951,610.8181499169951,610.8181499169951,472.05443509662655,472.05443509662655,472.05443509662655,0.0,0.0,0.0,0.0,0.0,0.0,1331.610102260302
2021-07-16,859.2657005045729,1188.4310799037241,1663.5292847842168,859.2657005045729,859.2657005045729,0.0,0.0,0.0,0.0,0.0,0.0,0.0,0.0,0.0,0.0,0.0,0.0,0.0,0.0,0.0,0.0,0.0,0.0,0.0,0.0,0.0,0.0,0.0,0.0,0.0,0.0,0.0,0.0,0.0,0.0,-69.41011264714925,-69.41011264714925,-69.41011264714925,0.0,0.0,0.0,632.4087844554313,632.4087844554313,632.4087844554313,562.9986718082819,562.9986718082819,562.9986718082819,0.0,0.0,0.0,0.0,0.0,0.0,1422.264372312855
2021-07-17,858.97573384547,1420.1219171502144,1895.3826639052884,858.97573384547,858.97573384547,0.0,0.0,0.0,0.0,0.0,0.0,0.0,0.0,0.0,0.0,0.0,0.0,0.0,0.0,0.0,0.0,0.0,0.0,0.0,0.0,0.0,0.0,0.0,0.0,0.0,0.0,0.0,0.0,0.0,0.0,139.09579759015213,139.09579759015213,139.09579759015213,0.0,0.0,0.0,650.8569332364629,650.8569332364629,650.8569332364629,789.9527308266149,789.9527308266149,789.9527308266149,0.0,0.0,0.0,0.0,0.0,0.0,1648.9284646720848
2021-07-18,858.6857671863673,1739.2524508286592,2219.6588410541876,858.6857671863673,858.6857671863673,0.0,0.0,0.0,0.0,0.0,0.0,0.0,0.0,0.0,0.0,0.0,0.0,0.0,0.0,0.0,0.0,0.0,0.0,0.0,0.0,0.0,0.0,0.0,0.0,0.0,0.0,0.0,0.0,0.0,0.0,452.5724344127506,452.5724344127506,452.5724344127506,0.0,0.0,0.0,666.3996431073169,666.3996431073169,666.3996431073169,1118.9720775200676,1118.9720775200676,1118.9720775200676,0.0,0.0,0.0,0.0,0.0,0.0,1977.6578447064348
2021-07-19,858.3958005272644,1215.8987422652249,1701.0800194021133,858.3958005272644,858.3958005272644,0.0,0.0,0.0,0.0,0.0,0.0,0.0,0.0,0.0,0.0,0.0,0.0,0.0,0.0,0.0,0.0,0.0,0.0,0.0,0.0,0.0,0.0,0.0,0.0,0.0,0.0,0.0,0.0,0.0,0.0,-100.45487011096759,-100.45487011096759,-100.45487011096759,0.0,0.0,0.0,679.3545474205624,679.3545474205624,679.3545474205624,578.8996773095948,578.8996773095948,578.8996773095948,0.0,0.0,0.0,0.0,0.0,0.0,1437.2954778368594
2021-07-20,858.1058338681618,1152.6132414328256,1633.84851987213,858.1058338681618,858.1058338681618,0.0,0.0,0.0,0.0,0.0,0.0,0.0,0.0,0.0,0.0,0.0,0.0,0.0,0.0,0.0,0.0,0.0,0.0,0.0,0.0,0.0,0.0,0.0,0.0,0.0,0.0,0.0,0.0,0.0,0.0,-140.28136136804085,-140.28136136804085,-140.28136136804085,0.0,0.0,0.0,690.1070633524959,690.1070633524959,690.1070633524959,549.825701984455,549.825701984455,549.825701984455,0.0,0.0,0.0,0.0,0.0,0.0,1407.931535852617
2021-07-21,857.815867209059,1163.862673426306,1654.5256704025426,857.815867209059,857.815867209059,0.0,0.0,0.0,0.0,0.0,0.0,0.0,0.0,0.0,0.0,0.0,0.0,0.0,0.0,0.0,0.0,0.0,0.0,0.0,0.0,0.0,0.0,0.0,0.0,0.0,0.0,0.0,0.0,0.0,0.0,-142.758173054315,-142.758173054315,-142.758173054315,0.0,0.0,0.0,699.0952693052519,699.0952693052519,699.0952693052519,556.337096250937,556.337096250937,556.337096250937,0.0,0.0,0.0,0.0,0.0,0.0,1414.152963459996
2021-07-22,857.5259005499561,1205.9332405799746,1665.0173821343028,857.5259005499561,857.5259005499561,0.0,0.0,0.0,0.0,0.0,0.0,0.0,0.0,0.0,0.0,0.0,0.0,0.0,0.0,0.0,0.0,0.0,0.0,0.0,0.0,0.0,0.0,0.0,0.0,0.0,0.0,0.0,0.0,0.0,0.0,-138.76371482009057,-138.76371482009057,-138.76371482009057,0.0,0.0,0.0,706.7929429844083,706.7929429844083,706.7929429844083,568.0292281643176,568.0292281643176,568.0292281643176,0.0,0.0,0.0,0.0,0.0,0.0,1425.5551287142737
2021-07-23,857.2359338908534,1265.449835746314,1733.010005811806,857.2359338908534,857.2359338908534,0.0,0.0,0.0,0.0,0.0,0.0,0.0,0.0,0.0,0.0,0.0,0.0,0.0,0.0,0.0,0.0,0.0,0.0,0.0,0.0,0.0,0.0,0.0,0.0,0.0,0.0,0.0,0.0,0.0,0.0,-69.41011264714932,-69.41011264714932,-69.41011264714932,0.0,0.0,0.0,713.6913064828855,713.6913064828855,713.6913064828855,644.2811938357363,644.2811938357363,644.2811938357363,0.0,0.0,0.0,0.0,0.0,0.0,1501.5171277265897
2021-07-24,856.9459672317507,1477.0431266077264,1962.8104133276845,856.9459672317507,856.9459672317507,0.0,0.0,0.0,0.0,0.0,0.0,0.0,0.0,0.0,0.0,0.0,0.0,0.0,0.0,0.0,0.0,0.0,0.0,0.0,0.0,0.0,0.0,0.0,0.0,0.0,0.0,0.0,0.0,0.0,0.0,139.09579758972058,139.09579758972058,139.09579758972058,0.0,0.0,0.0,720.2800730221672,720.2800730221672,720.2800730221672,859.3758706118879,859.3758706118879,859.3758706118879,0.0,0.0,0.0,0.0,0.0,0.0,1716.3218378436386
2021-07-25,856.8250148000262,1800.0191354016179,2274.9894174046563,856.8250148000262,856.8250148000262,0.0,0.0,0.0,0.0,0.0,0.0,0.0,0.0,0.0,0.0,0.0,0.0,0.0,0.0,0.0,0.0,0.0,0.0,0.0,0.0,0.0,0.0,0.0,0.0,0.0,0.0,0.0,0.0,0.0,0.0,452.57243441326136,452.57243441326136,452.57243441326136,0.0,0.0,0.0,727.0284191154984,727.0284191154984,727.0284191154984,1179.6008535287597,1179.6008535287597,1179.6008535287597,0.0,0.0,0.0,0.0,0.0,0.0,2036.4258683287858
2021-07-26,856.704062368302,1252.6821003335779,1745.4000202952107,856.704062368302,856.704062368302,0.0,0.0,0.0,0.0,0.0,0.0,0.0,0.0,0.0,0.0,0.0,0.0,0.0,0.0,0.0,0.0,0.0,0.0,0.0,0.0,0.0,0.0,0.0,0.0,0.0,0.0,0.0,0.0,0.0,0.0,-100.45487011156072,-100.45487011156072,-100.45487011156072,0.0,0.0,0.0,734.3665146922289,734.3665146922289,734.3665146922289,633.9116445806682,633.9116445806682,633.9116445806682,0.0,0.0,0.0,0.0,0.0,0.0,1490.61570694897
2021-07-27,856.5831099365774,1220.8987777846155,1677.2408750732136,856.5831099365774,856.5831099365774,0.0,0.0,0.0,0.0,0.0,0.0,0.0,0.0,0.0,0.0,0.0,0.0,0.0,0.0,0.0,0.0,0.0,0.0,0.0,0.0,0.0,0.0,0.0,0.0,0.0,0.0,0.0,0.0,0.0,0.0,-140.2813613688747,-140.2813613688747,-140.2813613688747,0.0,0.0,0.0,742.6682316731101,742.6682316731101,742.6682316731101,602.3868703042352,602.3868703042352,602.3868703042352,0.0,0.0,0.0,0.0,0.0,0.0,1458.9699802408127
2021-07-28,856.4621575048529,1223.4940120668016,1699.3203259515567,856.4621575048529,856.4621575048529,0.0,0.0,0.0,0.0,0.0,0.0,0.0,0.0,0.0,0.0,0.0,0.0,0.0,0.0,0.0,0.0,0.0,0.0,0.0,0.0,0.0,0.0,0.0,0.0,0.0,0.0,0.0,0.0,0.0,0.0,-142.7581730541773,-142.7581730541773,-142.7581730541773,0.0,0.0,0.0,752.2356188365574,752.2356188365574,752.2356188365574,609.4774457823804,609.4774457823804,609.4774457823804,0.0,0.0,0.0,0.0,0.0,0.0,1465.9396032872332
2021-07-29,856.3412050731287,1243.4480914390062,1732.551514405607,856.3412050731287,856.3412050731287,0.0,0.0,0.0,0.0,0.0,0.0,0.0,0.0,0.0,0.0,0.0,0.0,0.0,0.0,0.0,0.0,0.0,0.0,0.0,0.0,0.0,0.0,0.0,0.0,0.0,0.0,0.0,0.0,0.0,0.0,-138.76371482044829,-138.76371482044829,-138.76371482044829,0.0,0.0,0.0,763.2856784720059,763.2856784720059,763.2856784720059,624.5219636515576,624.5219636515576,624.5219636515576,0.0,0.0,0.0,0.0,0.0,0.0,1480.8631687246861
2021-07-30,856.2202526414042,1321.2148487519341,1802.090723807222,856.2202526414042,856.2202526414042,0.0,0.0,0.0,0.0,0.0,0.0,0.0,0.0,0.0,0.0,0.0,0.0,0.0,0.0,0.0,0.0,0.0,0.0,0.0,0.0,0.0,0.0,0.0,0.0,0.0,0.0,0.0,0.0,0.0,0.0,-69.41011264821812,-69.41011264821812,-69.41011264821812,0.0,0.0,0.0,775.9399098547187,775.9399098547187,775.9399098547187,706.5297972065006,706.5297972065006,706.5297972065006,0.0,0.0,0.0,0.0,0.0,0.0,1562.7500498479048
2021-07-31,856.0993002096797,1559.985982186902,2011.7152733682724,856.0993002096797,856.0993002096797,0.0,0.0,0.0,0.0,0.0,0.0,0.0,0.0,0.0,0.0,0.0,0.0,0.0,0.0,0.0,0.0,0.0,0.0,0.0,0.0,0.0,0.0,0.0,0.0,0.0,0.0,0.0,0.0,0.0,0.0,139.09579759051516,139.09579759051516,139.09579759051516,0.0,0.0,0.0,790.2169981780197,790.2169981780197,790.2169981780197,929.3127957685349,929.3127957685349,929.3127957685349,0.0,0.0,0.0,0.0,0.0,0.0,1785.4120959782144
2021-08-01,855.9783477779553,1882.872676603102,2352.694483333422,855.9783477779553,855.9783477779553,0.0,0.0,0.0,0.0,0.0,0.0,0.0,0.0,0.0,0.0,0.0,0.0,0.0,0.0,0.0,0.0,0.0,0.0,0.0,0.0,0.0,0.0,0.0,0.0,0.0,0.0,0.0,0.0,0.0,0.0,452.57243441257503,452.57243441257503,452.57243441257503,0.0,0.0,0.0,806.0289279910374,806.0289279910374,806.0289279910374,1258.6013624036125,1258.6013624036125,1258.6013624036125,0.0,0.0,0.0,0.0,0.0,0.0,2114.579710181568
2021-08-02,855.8573953462308,1338.5558849702002,1809.303433171505,855.8573953462308,855.8573953462308,0.0,0.0,0.0,0.0,0.0,0.0,0.0,0.0,0.0,0.0,0.0,0.0,0.0,0.0,0.0,0.0,0.0,0.0,0.0,0.0,0.0,0.0,0.0,0.0,0.0,0.0,0.0,0.0,0.0,0.0,-100.45487011131928,-100.45487011131928,-100.45487011131928,0.0,0.0,0.0,823.1806905933385,823.1806905933385,823.1806905933385,722.7258204820192,722.7258204820192,722.7258204820192,0.0,0.0,0.0,0.0,0.0,0.0,1578.58321582825
2021-08-03,855.7364429145065,1315.893354277205,1794.7647339745406,855.7364429145065,855.7364429145065,0.0,0.0,0.0,0.0,0.0,0.0,0.0,0.0,0.0,0.0,0.0,0.0,0.0,0.0,0.0,0.0,0.0,0.0,0.0,0.0,0.0,0.0,0.0,0.0,0.0,0.0,0.0,0.0,0.0,0.0,-140.2813613692082,-140.2813613692082,-140.2813613692082,0.0,0.0,0.0,841.3736387873274,841.3736387873274,841.3736387873274,701.0922774181195,701.0922774181195,701.0922774181195,0.0,0.0,0.0,0.0,0.0,0.0,1556.8287203326258
2021-08-04,855.615490482782,1364.5020121600176,1820.7248926941866,855.615490482782,855.615490482782,0.0,0.0,0.0,0.0,0.0,0.0,0.0,0.0,0.0,0.0,0.0,0.0,0.0,0.0,0.0,0.0,0.0,0.0,0.0,0.0,0.0,0.0,0.0,0.0,0.0,0.0,0.0,0.0,0.0,0.0,-142.758173054182,-142.758173054182,-142.758173054182,0.0,0.0,0.0,860.2124236653005,860.2124236653005,860.2124236653005,717.4542506111185,717.4542506111185,717.4542506111185,0.0,0.0,0.0,0.0,0.0,0.0,1573.0697410939006
2021-08-05,855.4945380510575,1363.3314985116106,1819.8204725156113,855.4945380510575,855.4945380510575,0.0,0.0,0.0,0.0,0.0,0.0,0.0,0.0,0.0,0.0,0.0,0.0,0.0,0.0,0.0,0.0,0.0,0.0,0.0,0.0,0.0,0.0,0.0,0.0,0.0,0.0,0.0,0.0,0.0,0.0,-138.76371482080592,-138.76371482080592,-138.76371482080592,0.0,0.0,0.0,879.215330606125,879.215330606125,879.215330606125,740.4516157853192,740.4516157853192,740.4516157853192,0.0,0.0,0.0,0.0,0.0,0.0,1595.9461538363767
2021-08-06,855.3735856193331,1441.2625129693677,1925.3423689881345,855.3735856193331,855.3735856193331,0.0,0.0,0.0,0.0,0.0,0.0,0.0,0.0,0.0,0.0,0.0,0.0,0.0,0.0,0.0,0.0,0.0,0.0,0.0,0.0,0.0,0.0,0.0,0.0,0.0,0.0,0.0,0.0,0.0,0.0,-69.41011264790005,-69.41011264790005,-69.41011264790005,0.0,0.0,0.0,897.8277192508552,897.8277192508552,897.8277192508552,828.4176066029552,828.4176066029552,828.4176066029552,0.0,0.0,0.0,0.0,0.0,0.0,1683.7911922222884
2021-08-07,855.2526331876087,1662.7356906777238,2142.8853288040973,855.2526331876087,855.2526331876087,0.0,0.0,0.0,0.0,0.0,0.0,0.0,0.0,0.0,0.0,0.0,0.0,0.0,0.0,0.0,0.0,0.0,0.0,0.0,0.0,0.0,0.0,0.0,0.0,0.0,0.0,0.0,0.0,0.0,0.0,139.09579758987687,139.09579758987687,139.09579758987687,0.0,0.0,0.0,915.4381686498168,915.4381686498168,915.4381686498168,1054.5339662396937,1054.5339662396937,1054.5339662396937,0.0,0.0,0.0,0.0,0.0,0.0,1909.7865994273025
2021-08-08,855.1316807558842,1998.9478151267083,2465.4050437339843,855.1316807558842,855.1316807558842,0.0,0.0,0.0,0.0,0.0,0.0,0.0,0.0,0.0,0.0,0.0,0.0,0.0,0.0,0.0,0.0,0.0,0.0,0.0,0.0,0.0,0.0,0.0,0.0,0.0,0.0,0.0,0.0,0.0,0.0,452.5724344123036,452.5724344123036,452.5724344123036,0.0,0.0,0.0,931.396837480172,931.396837480172,931.396837480172,1383.9692718924755,1383.9692718924755,1383.9692718924755,0.0,0.0,0.0,0.0,0.0,0.0,2239.1009526483595
2021-08-09,855.0107283241598,1464.3938770189984,1951.4091019821612,855.0107283241598,855.0107283241598,0.0,0.0,0.0,0.0,0.0,0.0,0.0,0.0,0.0,0.0,0.0,0.0,0.0,0.0,0.0,0.0,0.0,0.0,0.0,0.0,0.0,0.0,0.0,0.0,0.0,0.0,0.0,0.0,0.0,0.0,-100.454870112021,-100.454870112021,-100.454870112021,0.0,0.0,0.0,945.0354732845074,945.0354732845074,945.0354732845074,844.5806031724863,844.5806031724863,844.5806031724863,0.0,0.0,0.0,0.0,0.0,0.0,1699.591331496646
2021-08-10,854.8897758924353,1440.0326448148069,1930.326036317457,854.8897758924353,854.8897758924353,0.0,0.0,0.0,0.0,0.0,0.0,0.0,0.0,0.0,0.0,0.0,0.0,0.0,0.0,0.0,0.0,0.0,0.0,0.0,0.0,0.0,0.0,0.0,0.0,0.0,0.0,0.0,0.0,0.0,0.0,-140.28136136895708,-140.28136136895708,-140.28136136895708,0.0,0.0,0.0,955.6884466583977,955.6884466583977,955.6884466583977,815.4070852894406,815.4070852894406,815.4070852894406,0.0,0.0,0.0,0.0,0.0,0.0,1670.296861181876
2021-08-11,854.7688234607108,1439.1453452884357,1913.0050602089834,854.7688234607108,854.7688234607108,0.0,0.0,0.0,0.0,0.0,0.0,0.0,0.0,0.0,0.0,0.0,0.0,0.0,0.0,0.0,0.0,0.0,0.0,0.0,0.0,0.0,0.0,0.0,0.0,0.0,0.0,0.0,0.0,0.0,0.0,-142.75817305404433,-142.75817305404433,-142.75817305404433,0.0,0.0,0.0,962.714148203624,962.714148203624,962.714148203624,819.9559751495796,819.9559751495796,819.9559751495796,0.0,0.0,0.0,0.0,0.0,0.0,1674.7247986102902
2021-08-12,854.6478710289865,1433.8527891515582,1920.4806690635492,854.6478710289865,854.6478710289865,0.0,0.0,0.0,0.0,0.0,0.0,0.0,0.0,0.0,0.0,0.0,0.0,0.0,0.0,0.0,0.0,0.0,0.0,0.0,0.0,0.0,0.0,0.0,0.0,0.0,0.0,0.0,0.0,0.0,0.0,-138.7637148205279,-138.7637148205279,-138.7637148205279,0.0,0.0,0.0,965.5160692092674,965.5160692092674,965.5160692092674,826.7523543887394,826.7523543887394,826.7523543887394,0.0,0.0,0.0,0.0,0.0,0.0,1681.4002254177258
2021-08-13,854.526918597262,1504.6857460452468,1988.5618819734386,854.526918597262,854.526918597262,0.0,0.0,0.0,0.0,0.0,0.0,0.0,0.0,0.0,0.0,0.0,0.0,0.0,0.0,0.0,0.0,0.0,0.0,0.0,0.0,0.0,0.0,0.0,0.0,0.0,0.0,0.0,0.0,0.0,0.0,-69.41011264754341,-69.41011264754341,-69.41011264754341,0.0,0.0,0.0,963.5628920701032,963.5628920701032,963.5628920701032,894.1527794225597,894.1527794225597,894.1527794225597,0.0,0.0,0.0,0.0,0.0,0.0,1748.6796980198217
2021-08-14,854.5413019122878,2170.08382751881,2635.496288990669,854.5413019122878,854.5413019122878,0.0,0.0,0.0,0.0,0.0,0.0,0.0,0.0,0.0,446.25479909999996,446.25479909999996,446.25479909999996,0.0,0.0,0.0,0.0,0.0,0.0,0.0,0.0,0.0,0.0,0.0,0.0,0.0,0.0,0.0,0.0,0.0,0.0,139.09579759067142,139.09579759067142,139.09579759067142,0.0,0.0,0.0,956.4069433308359,956.4069433308359,956.4069433308359,1541.7575400215073,1541.7575400215073,1541.7575400215073,446.25479909999996,446.25479909999996,446.25479909999996,0.0,0.0,0.0,2396.2988419337953
2021-08-15,854.5556852273139,2547.1402770601776,3013.07990033987,854.5556852273139,854.5556852273139,0.0,0.0,0.0,0.0,0.0,0.0,0.0,0.0,0.0,527.5671608,527.5671608,527.5671608,0.0,0.0,0.0,0.0,0.0,0.0,0.0,0.0,0.0,0.0,0.0,0.0,0.0,0.0,0.0,0.0,0.0,0.0,452.57243441281423,452.57243441281423,452.57243441281423,0.0,0.0,0.0,943.7004101577874,943.7004101577874,943.7004101577874,1923.8400053706011,1923.8400053706011,1923.8400053706011,527.5671608,527.5671608,527.5671608,0.0,0.0,0.0,2778.395690597915
2021-08-16,854.5700685423399,1439.0919111484238,1901.9673198804253,854.5700685423399,854.5700685423399,0.0,0.0,0.0,0.0,0.0,0.0,0.0,0.0,0.0,0.0,0.0,0.0,0.0,0.0,0.0,0.0,0.0,0.0,0.0,0.0,0.0,0.0,0.0,0.0,0.0,0.0,0.0,0.0,0.0,0.0,-100.45487011272277,-100.45487011272277,-100.45487011272277,0.0,0.0,0.0,925.2087885029832,925.2087885029832,925.2087885029832,824.7539183902605,824.7539183902605,824.7539183902605,0.0,0.0,0.0,0.0,0.0,0.0,1679.3239869326003
2021-08-17,854.5844518573657,1385.8338649205864,1850.6049713164402,854.5844518573657,854.5844518573657,0.0,0.0,0.0,0.0,0.0,0.0,0.0,0.0,0.0,0.0,0.0,0.0,0.0,0.0,0.0,0.0,0.0,0.0,0.0,0.0,0.0,0.0,0.0,0.0,0.0,0.0,0.0,0.0,0.0,0.0,-140.28136136875426,-140.28136136875426,-140.28136136875426,0.0,0.0,0.0,900.8211161041969,900.8211161041969,900.8211161041969,760.5397547354427,760.5397547354427,760.5397547354427,0.0,0.0,0.0,0.0,0.0,0.0,1615.1242065928084
2021-08-18,854.5988351723918,1311.5559632502127,1812.683484657857,854.5988351723918,854.5988351723918,0.0,0.0,0.0,0.0,0.0,0.0,0.0,0.0,0.0,0.0,0.0,0.0,0.0,0.0,0.0,0.0,0.0,0.0,0.0,0.0,0.0,0.0,0.0,0.0,0.0,0.0,0.0,0.0,0.0,0.0,-142.7581730541826,-142.7581730541826,-142.7581730541826,0.0,0.0,0.0,870.5566430432381,870.5566430432381,870.5566430432381,727.7984699890554,727.7984699890554,727.7984699890554,0.0,0.0,0.0,0.0,0.0,0.0,1582.397305161447
2021-08-19,854.6132184874176,1316.2987596796497,1798.7040202296057,854.6132184874176,854.6132184874176,0.0,0.0,0.0,0.0,0.0,0.0,0.0,0.0,0.0,0.0,0.0,0.0,0.0,0.0,0.0,0.0,0.0,0.0,0.0,0.0,0.0,0.0,0.0,0.0,0.0,0.0,0.0,0.0,0.0,0.0,-138.76371482125205,-138.76371482125205,-138.76371482125205,0.0,0.0,0.0,834.5677036670909,834.5677036670909,834.5677036670909,695.8039888458386,695.8039888458386,695.8039888458386,0.0,0.0,0.0,0.0,0.0,0.0,1550.417207333256
2021-08-20,854.6276018024437,1335.8029206169933,1805.0565821773598,854.6276018024437,854.6276018024437,0.0,0.0,0.0,0.0,0.0,0.0,0.0,0.0,0.0,0.0,0.0,0.0,0.0,0.0,0.0,0.0,0.0,0.0,0.0,0.0,0.0,0.0,0.0,0.0,0.0,0.0,0.0,0.0,0.0,0.0,-69.41011264754346,-69.41011264754346,-69.41011264754346,0.0,0.0,0.0,793.1386726754889,793.1386726754889,793.1386726754889,723.7285600279454,723.7285600279454,723.7285600279454,0.0,0.0,0.0,0.0,0.0,0.0,1578.356161830389
2021-08-21,854.6419851174696,1495.8388086574057,1980.0602325430248,854.6419851174696,854.6419851174696,0.0,0.0,0.0,0.0,0.0,0.0,0.0,0.0,0.0,0.0,0.0,0.0,0.0,0.0,0.0,0.0,0.0,0.0,0.0,0.0,0.0,0.0,0.0,0.0,0.0,0.0,0.0,0.0,0.0,0.0,139.09579758866033,139.09579758866033,139.09579758866033,0.0,0.0,0.0,746.6810112443845,746.6810112443845,746.6810112443845,885.7768088330448,885.7768088330448,885.7768088330448,0.0,0.0,0.0,0.0,0.0,0.0,1740.4187939505146
2021-08-22,854.6563684324955,1758.1151144500948,2234.850041355054,854.6563684324955,854.6563684324955,0.0,0.0,0.0,0.0,0.0,0.0,0.0,0.0,0.0,0.0,0.0,0.0,0.0,0.0,0.0,0.0,0.0,0.0,0.0,0.0,0.0,0.0,0.0,0.0,0.0,0.0,0.0,0.0,0.0,0.0,452.57243441290353,452.57243441290353,452.57243441290353,0.0,0.0,0.0,695.7245322038606,695.7245322038606,695.7245322038606,1148.2969666167642,1148.2969666167642,1148.2969666167642,0.0,0.0,0.0,0.0,0.0,0.0,2002.9533350492597
2021-08-23,854.6707517475215,1183.292195103037,1646.3076720597803,854.6707517475215,854.6707517475215,0.0,0.0,0.0,0.0,0.0,0.0,0.0,0.0,0.0,0.0,0.0,0.0,0.0,0.0,0.0,0.0,0.0,0.0,0.0,0.0,0.0,0.0,0.0,0.0,0.0,0.0,0.0,0.0,0.0,0.0,-100.4548701124813,-100.4548701124813,-100.4548701124813,0.0,0.0,0.0,640.9051325257365,640.9051325257365,640.9051325257365,540.4502624132551,540.4502624132551,540.4502624132551,0.0,0.0,0.0,0.0,0.0,0.0,1395.1210141607767
2021-08-24,854.6851350625475,1069.7908382333549,1536.2334159127056,854.6851350625475,854.6851350625475,0.0,0.0,0.0,0.0,0.0,0.0,0.0,0.0,0.0,0.0,0.0,0.0,0.0,0.0,0.0,0.0,0.0,0.0,0.0,0.0,0.0,0.0,0.0,0.0,0.0,0.0,0.0,0.0,0.0,0.0,-140.2813613693379,-140.2813613693379,-140.2813613693379,0.0,0.0,0.0,582.9493528375411,582.9493528375411,582.9493528375411,442.6679914682033,442.6679914682033,442.6679914682033,0.0,0.0,0.0,0.0,0.0,0.0,1297.3531265307508
2021-08-25,854.6995183775736,991.8065795385872,1459.538349248995,854.6995183775736,854.6995183775736,0.0,0.0,0.0,0.0,0.0,0.0,0.0,0.0,0.0,0.0,0.0,0.0,0.0,0.0,0.0,0.0,0.0,0.0,0.0,0.0,0.0,0.0,0.0,0.0,0.0,0.0,0.0,0.0,0.0,0.0,-142.758173054045,-142.758173054045,-142.758173054045,0.0,0.0,0.0,522.6562237437983,522.6562237437983,522.6562237437983,379.89805068975323,379.89805068975323,379.89805068975323,0.0,0.0,0.0,0.0,0.0,0.0,1234.5975690673267
2021-08-26,854.7139016925994,939.3990801447126,1410.1831822011309,854.7139016925994,854.7139016925994,0.0,0.0,0.0,0.0,0.0,0.0,0.0,0.0,0.0,0.0,0.0,0.0,0.0,0.0,0.0,0.0,0.0,0.0,0.0,0.0,0.0,0.0,0.0,0.0,0.0,0.0,0.0,0.0,0.0,0.0,-138.76371481932995,-138.76371481932995,-138.76371481932995,0.0,0.0,0.0,460.87694417948666,460.87694417948666,460.87694417948666,322.1132293601567,322.1132293601567,322.1132293601567,0.0,0.0,0.0,0.0,0.0,0.0,1176.8271310527562
2021-08-27,854.7282850076253,962.4534969652988,1420.3414157372724,854.7282850076253,854.7282850076253,0.0,0.0,0.0,0.0,0.0,0.0,0.0,0.0,0.0,0.0,0.0,0.0,0.0,0.0,0.0,0.0,0.0,0.0,0.0,0.0,0.0,0.0,0.0,0.0,0.0,0.0,0.0,0.0,0.0,0.0,-69.41011264754351,-69.41011264754351,-69.41011264754351,0.0,0.0,0.0,398.49300507217595,398.49300507217595,398.49300507217595,329.08289242463235,329.08289242463235,329.08289242463235,0.0,0.0,0.0,0.0,0.0,0.0,1183.8111774322576
2021-08-28,854.7426683226513,1097.4432949426252,1575.524853414944,854.7426683226513,854.7426683226513,0.0,0.0,0.0,0.0,0.0,0.0,0.0,0.0,0.0,0.0,0.0,0.0,0.0,0.0,0.0,0.0,0.0,0.0,0.0,0.0,0.0,0.0,0.0,0.0,0.0,0.0,0.0,0.0,0.0,0.0,139.09579759026747,139.09579759026747,139.09579759026747,0.0,0.0,0.0,336.39342006137457,336.39342006137457,336.39342006137457,475.4892176516419,475.4892176516419,475.4892176516419,0.0,0.0,0.0,0.0,0.0,0.0,1330.2318859742932
2021-08-29,854.7570516376773,1329.2684970647322,1806.1579428252346,854.7570516376773,854.7570516376773,0.0,0.0,0.0,0.0,0.0,0.0,0.0,0.0,0.0,0.0,0.0,0.0,0.0,0.0,0.0,0.0,0.0,0.0,0.0,0.0,0.0,0.0,0.0,0.0,0.0,0.0,0.0,0.0,0.0,0.0,452.5724344131018,452.5724344131018,452.5724344131018,0.0,0.0,0.0,275.4517523846619,275.4517523846619,275.4517523846619,728.0241867977638,728.0241867977638,728.0241867977638,0.0,0.0,0.0,0.0,0.0,0.0,1582.781238435441
2021-08-30,854.7714349527031,724.0943378880021,1226.0593811503238,854.7714349527031,854.7714349527031,0.0,0.0,0.0,0.0,0.0,0.0,0.0,0.0,0.0,0.0,0.0,0.0,0.0,0.0,0.0,0.0,0.0,0.0,0.0,0.0,0.0,0.0,0.0,0.0,0.0,0.0,0.0,0.0,0.0,0.0,-100.4548701130745,-100.4548701130745,-100.4548701130745,0.0,0.0,0.0,216.50363242226405,216.50363242226405,216.50363242226405,116.0487623091895,116.0487623091895,116.0487623091895,0.0,0.0,0.0,0.0,0.0,0.0,970.8201972618926
2021-08-31,854.7858182677292,632.7670931484885,1096.6469903021436,854.7858182677292,854.7858182677292,0.0,0.0,0.0,0.0,0.0,0.0,0.0,0.0,0.0,0.0,0.0,0.0,0.0,0.0,0.0,0.0,0.0,0.0,0.0,0.0,0.0,0.0,0.0,0.0,0.0,0.0,0.0,0.0,0.0,0.0,-140.2813613688849,-140.2813613688849,-140.2813613688849,0.0,0.0,0.0,160.3254436678293,160.3254436678293,160.3254436678293,20.044082298944424,20.044082298944424,20.044082298944424,0.0,0.0,0.0,0.0,0.0,0.0,874.8299005666736
2021-09-01,854.8002015827551,592.6325592057012,1047.9016613058636,854.8002015827551,854.8002015827551,0.0,0.0,0.0,0.0,0.0,0.0,0.0,0.0,0.0,0.0,0.0,0.0,0.0,0.0,0.0,0.0,0.0,0.0,0.0,0.0,0.0,0.0,0.0,0.0,0.0,0.0,0.0,0.0,0.0,0.0,-142.75817305404965,-142.75817305404965,-142.75817305404965,0.0,0.0,0.0,107.61481666455093,107.61481666455093,107.61481666455093,-35.143356389498756,-35.143356389498756,-35.143356389498756,0.0,0.0,0.0,0.0,0.0,0.0,819.6568451932563
2021-09-02,854.8145848977812,540.9717193861488,1014.2613363356928,854.8145848977812,854.8145848977812,0.0,0.0,0.0,0.0,0.0,0.0,0.0,0.0,0.0,0.0,0.0,0.0,0.0,0.0,0.0,0.0,0.0,0.0,0.0,0.0,0.0,0.0,0.0,0.0,0.0,0.0,0.0,0.0,0.0,0.0,-138.76371481968764,-138.76371481968764,-138.76371481968764,0.0,0.0,0.0,58.973511982079074,58.973511982079074,58.973511982079074,-79.79020283760853,-79.79020283760853,-79.79020283760853,0.0,0.0,0.0,0.0,0.0,0.0,775.0243820601727
2021-09-03,854.8633038076988,555.6342810357359,1029.6672356496347,854.8633038076988,854.8633038076988,0.0,0.0,0.0,0.0,0.0,0.0,0.0,0.0,0.0,0.0,0.0,0.0,0.0,0.0,0.0,0.0,0.0,0.0,0.0,0.0,0.0,0.0,0.0,0.0,0.0,0.0,0.0,0.0,0.0,0.0,-69.41011264718688,-69.41011264718688,-69.41011264718688,0.0,0.0,0.0,14.89319658959658,14.89319658959658,14.89319658959658,-54.516916057590265,-54.516916057590265,-54.516916057590265,0.0,0.0,0.0,0.0,0.0,0.0,800.3463877501085
2021-09-04,854.9120227176165,737.2909183474385,1221.1618585979077,854.9120227176165,854.9120227176165,0.0,0.0,0.0,0.0,0.0,0.0,0.0,0.0,0.0,0.0,0.0,0.0,0.0,0.0,0.0,0.0,0.0,0.0,0.0,0.0,0.0,0.0,0.0,0.0,0.0,0.0,0.0,0.0,0.0,0.0,139.09579759085526,139.09579759085526,139.09579759085526,0.0,0.0,0.0,-24.2554744905918,-24.2554744905918,-24.2554744905918,114.84032310026346,114.84032310026346,114.84032310026346,0.0,0.0,0.0,0.0,0.0,0.0,969.75234581788
2021-09-05,854.960741627534,999.3280266210302,1481.7247437054048,854.960741627534,854.960741627534,0.0,0.0,0.0,0.0,0.0,0.0,0.0,0.0,0.0,0.0,0.0,0.0,0.0,0.0,0.0,0.0,0.0,0.0,0.0,0.0,0.0,0.0,0.0,0.0,0.0,0.0,0.0,0.0,0.0,0.0,452.5724344127761,452.5724344127761,452.5724344127761,0.0,0.0,0.0,-58.23016450415592,-58.23016450415592,-58.23016450415592,394.3422699086202,394.3422699086202,394.3422699086202,0.0,0.0,0.0,0.0,0.0,0.0,1249.3030115361544
2021-09-06,855.0094605374518,422.6659818109734,897.8913256702203,855.0094605374518,855.0094605374518,0.0,0.0,0.0,0.0,0.0,0.0,0.0,0.0,0.0,0.0,0.0,0.0,0.0,0.0,0.0,0.0,0.0,0.0,0.0,0.0,0.0,0.0,0.0,0.0,0.0,0.0,0.0,0.0,0.0,0.0,-100.45487011183425,-100.45487011183425,-100.45487011183425,0.0,0.0,0.0,-86.92035690712082,-86.92035690712082,-86.92035690712082,-187.3752270189551,-187.3752270189551,-187.3752270189551,0.0,0.0,0.0,0.0,0.0,0.0,667.6342335184967
2021-09-07,855.0581794473693,362.51627203203464,840.3086489354881,855.0581794473693,855.0581794473693,0.0,0.0,0.0,0.0,0.0,0.0,0.0,0.0,0.0,0.0,0.0,0.0,0.0,0.0,0.0,0.0,0.0,0.0,0.0,0.0,0.0,0.0,0.0,0.0,0.0,0.0,0.0,0.0,0.0,0.0,-140.28136136843182,-140.28136136843182,-140.28136136843182,0.0,0.0,0.0,-110.34698046631266,-110.34698046631266,-110.34698046631266,-250.62834183474445,-250.62834183474445,-250.62834183474445,0.0,0.0,0.0,0.0,0.0,0.0,604.4298376126249
2021-09-08,855.106898357287,342.202764341196,830.8097473946721,855.106898357287,855.106898357287,0.0,0.0,0.0,0.0,0.0,0.0,0.0,0.0,0.0,0.0,0.0,0.0,0.0,0.0,0.0,0.0,0.0,0.0,0.0,0.0,0.0,0.0,0.0,0.0,0.0,0.0,0.0,0.0,0.0,0.0,-142.75817305391197,-142.75817305391197,-142.75817305391197,0.0,0.0,0.0,-128.65820654816469,-128.65820654816469,-128.65820654816469,-271.4163796020766,-271.4163796020766,-271.4163796020766,0.0,0.0,0.0,0.0,0.0,0.0,583.6905187552104
2021-09-09,855.1556172672048,344.91449687790833,807.7069514968866,855.1556172672048,855.1556172672048,0.0,0.0,0.0,0.0,0.0,0.0,0.0,0.0,0.0,0.0,0.0,0.0,0.0,0.0,0.0,0.0,0.0,0.0,0.0,0.0,0.0,0.0,0.0,0.0,0.0,0.0,0.0,0.0,0.0,0.0,-138.76371481977608,-138.76371481977608,-138.76371481977608,0.0,0.0,0.0,-142.1215867948501,-142.1215867948501,-142.1215867948501,-280.8853016146261,-280.8853016146261,-280.8853016146261,0.0,0.0,0.0,0.0,0.0,0.0,574.2703156525787
2021-09-10,855.2043361771223,390.0786404488275,864.0707322153108,855.2043361771223,855.2043361771223,0.0,0.0,0.0,0.0,0.0,0.0,0.0,0.0,0.0,0.0,0.0,0.0,0.0,0.0,0.0,0.0,0.0,0.0,0.0,0.0,0.0,0.0,0.0,0.0,0.0,0.0,0.0,0.0,0.0,0.0,-69.41011264686882,-69.41011264686882,-69.41011264686882,0.0,0.0,0.0,-151.11281239109036,-151.11281239109036,-151.11281239109036,-220.52292503795917,-220.52292503795917,-220.52292503795917,0.0,0.0,0.0,0.0,0.0,0.0,634.6814111391632
2021-09-11,855.2530550870399,618.8874190876155,1064.4964011186757,855.2530550870399,855.2530550870399,0.0,0.0,0.0,0.0,0.0,0.0,0.0,0.0,0.0,0.0,0.0,0.0,0.0,0.0,0.0,0.0,0.0,0.0,0.0,0.0,0.0,0.0,0.0,0.0,0.0,0.0,0.0,0.0,0.0,0.0,139.09579758986345,139.09579758986345,139.09579758986345,0.0,0.0,0.0,-156.10147935465716,-156.10147935465716,-156.10147935465716,-17.005681764793724,-17.005681764793724,-17.005681764793724,0.0,0.0,0.0,0.0,0.0,0.0,838.2473733222462
2021-09-12,855.3017739969575,903.2354647136233,1386.7008169625983,855.3017739969575,855.3017739969575,0.0,0.0,0.0,0.0,0.0,0.0,0.0,0.0,0.0,0.0,0.0,0.0,0.0,0.0,0.0,0.0,0.0,0.0,0.0,0.0,0.0,0.0,0.0,0.0,0.0,0.0,0.0,0.0,0.0,0.0,452.5724344129198,452.5724344129198,452.5724344129198,0.0,0.0,0.0,-157.63433446573006,-157.63433446573006,-157.63433446573006,294.9380999471897,294.9380999471897,294.9380999471897,0.0,0.0,0.0,0.0,0.0,0.0,1150.2398739441473
2021-09-13,855.3504929068752,369.8431157115037,823.3855231951371,855.3504929068752,855.3504929068752,0.0,0.0,0.0,0.0,0.0,0.0,0.0,0.0,0.0,0.0,0.0,0.0,0.0,0.0,0.0,0.0,0.0,0.0,0.0,0.0,0.0,0.0,0.0,0.0,0.0,0.0,0.0,0.0,0.0,0.0,-100.45487011170142,-100.45487011170142,-100.45487011170142,0.0,0.0,0.0,-156.31655075854178,-156.31655075854178,-156.31655075854178,-256.77142087024316,-256.77142087024316,-256.77142087024316,0.0,0.0,0.0,0.0,0.0,0.0,598.5790720366319
2021-09-14,855.3992118167929,340.10093861778694,816.7077159264154,855.3992118167929,855.3992118167929,0.0,0.0,0.0,0.0,0.0,0.0,0.0,0.0,0.0,0.0,0.0,0.0,0.0,0.0,0.0,0.0,0.0,0.0,0.0,0.0,0.0,0.0,0.0,0.0,0.0,0.0,0.0,0.0,0.0,0.0,-140.2813613684309,-140.2813613684309,-140.2813613684309,0.0,0.0,0.0,-152.79163765258326,-152.79163765258326,-152.79163765258326,-293.0729990210142,-293.0729990210142,-293.0729990210142,0.0,0.0,0.0,0.0,0.0,0.0,562.3262127957787
2021-09-15,855.4479307267104,327.2837889703956,783.506417012309,855.4479307267104,855.4479307267104,0.0,0.0,0.0,0.0,0.0,0.0,0.0,0.0,0.0,0.0,0.0,0.0,0.0,0.0,0.0,0.0,0.0,0.0,0.0,0.0,0.0,0.0,0.0,0.0,0.0,0.0,0.0,0.0,0.0,0.0,-142.75817305343205,-142.75817305343205,-142.75817305343205,0.0,0.0,0.0,-147.72062711439477,-147.72062711439477,-147.72062711439477,-290.4788001678269,-290.4788001678269,-290.4788001678269,0.0,0.0,0.0,0.0,0.0,0.0,564.9691305588835
2021-09-16,855.4966496366281,343.750295036064,800.9232523102627,855.4966496366281,855.4966496366281,0.0,0.0,0.0,0.0,0.0,0.0,0.0,0.0,0.0,0.0,0.0,0.0,0.0,0.0,0.0,0.0,0.0,0.0,0.0,0.0,0.0,0.0,0.0,0.0,0.0,0.0,0.0,0.0,0.0,0.0,-138.76371482013374,-138.76371482013374,-138.76371482013374,0.0,0.0,0.0,-141.76119271028472,-141.76119271028472,-141.76119271028472,-280.5249075304185,-280.5249075304185,-280.5249075304185,0.0,0.0,0.0,0.0,0.0,0.0,574.9717421062096
2021-09-17,855.5453685465459,410.8014219979266,882.0432654607038,855.5453685465459,855.5453685465459,0.0,0.0,0.0,0.0,0.0,0.0,0.0,0.0,0.0,0.0,0.0,0.0,0.0,0.0,0.0,0.0,0.0,0.0,0.0,0.0,0.0,0.0,0.0,0.0,0.0,0.0,0.0,0.0,0.0,0.0,-69.41011264793764,-69.41011264793764,-69.41011264793764,0.0,0.0,0.0,-135.54735270238405,-135.54735270238405,-135.54735270238405,-204.9574653503217,-204.9574653503217,-204.9574653503217,0.0,0.0,0.0,0.0,0.0,0.0,650.5879031962241
2021-09-18,855.5940874564634,614.2036016912836,1106.154860418834,855.5940874564634,855.5940874564634,0.0,0.0,0.0,0.0,0.0,0.0,0.0,0.0,0.0,0.0,0.0,0.0,0.0,0.0,0.0,0.0,0.0,0.0,0.0,0.0,0.0,0.0,0.0,0.0,0.0,0.0,0.0,0.0,0.0,0.0,139.09579758943198,139.09579758943198,139.09579758943198,0.0,0.0,0.0,-129.6703818364394,-129.6703818364394,-129.6703818364394,9.425415752992594,9.425415752992594,9.425415752992594,0.0,0.0,0.0,0.0,0.0,0.0,865.019503209456
2021-09-19,855.642806366381,940.0353640022153,1426.0399360539784,855.642806366381,855.642806366381,0.0,0.0,0.0,0.0,0.0,0.0,0.0,0.0,0.0,0.0,0.0,0.0,0.0,0.0,0.0,0.0,0.0,0.0,0.0,0.0,0.0,0.0,0.0,0.0,0.0,0.0,0.0,0.0,0.0,0.0,452.5724344125939,452.5724344125939,452.5724344125939,0.0,0.0,0.0,-124.66151021578482,-124.66151021578482,-124.66151021578482,327.9109241968091,327.9109241968091,327.9109241968091,0.0,0.0,0.0,0.0,0.0,0.0,1183.5537305631901
2021-09-20,855.6915252762986,407.47072358531454,875.341061055631,855.6915252762986,855.6915252762986,0.0,0.0,0.0,0.0,0.0,0.0,0.0,0.0,0.0,0.0,0.0,0.0,0.0,0.0,0.0,0.0,0.0,0.0,0.0,0.0,0.0,0.0,0.0,0.0,0.0,0.0,0.0,0.0,0.0,0.0,-100.45487011135137,-100.45487011135137,-100.45487011135137,0.0,0.0,0.0,-120.97692334756152,-120.97692334756152,-120.97692334756152,-221.4317934589128,-221.4317934589128,-221.4317934589128,0.0,0.0,0.0,0.0,0.0,0.0,634.2597318173858
2021-09-21,855.7402441862163,384.15729637916525,831.9406466069945,855.7402441862163,855.7402441862163,0.0,0.0,0.0,0.0,0.0,0.0,0.0,0.0,0.0,0.0,0.0,0.0,0.0,0.0,0.0,0.0,0.0,0.0,0.0,0.0,0.0,0.0,0.0,0.0,0.0,0.0,0.0,0.0,0.0,0.0,-140.28136136847826,-140.28136136847826,-140.28136136847826,0.0,0.0,0.0,-118.98549735511989,-118.98549735511989,-118.98549735511989,-259.2668587235981,-259.2668587235981,-259.2668587235981,0.0,0.0,0.0,0.0,0.0,0.0,596.4733854626181
2021-09-22,855.788963096134,349.5518998285288,843.4878067182357,855.788963096134,855.788963096134,0.0,0.0,0.0,0.0,0.0,0.0,0.0,0.0,0.0,0.0,0.0,0.0,0.0,0.0,0.0,0.0,0.0,0.0,0.0,0.0,0.0,0.0,0.0,0.0,0.0,0.0,0.0,0.0,0.0,0.0,-142.75817305425483,-142.75817305425483,-142.75817305425483,0.0,0.0,0.0,-118.95961023499551,-118.95961023499551,-118.95961023499551,-261.7177832892504,-261.7177832892504,-261.7177832892504,0.0,0.0,0.0,0.0,0.0,0.0,594.0711798068836
2021-09-23,855.8376820060515,339.1461668202569,842.2770546941439,855.8376820060515,855.8376820060515,0.0,0.0,0.0,0.0,0.0,0.0,0.0,0.0,0.0,0.0,0.0,0.0,0.0,0.0,0.0,0.0,0.0,0.0,0.0,0.0,0.0,0.0,0.0,0.0,0.0,0.0,0.0,0.0,0.0,0.0,-138.76371481985572,-138.76371481985572,-138.76371481985572,0.0,0.0,0.0,-121.0692670818844,-121.0692670818844,-121.0692670818844,-259.8329819017401,-259.8329819017401,-259.8329819017401,0.0,0.0,0.0,0.0,0.0,0.0,596.0047001043115
2021-09-24,855.8866409066347,413.83756328171626,915.6300446069612,855.8866409066347,855.8866409066347,0.0,0.0,0.0,0.0,0.0,0.0,0.0,0.0,0.0,0.0,0.0,0.0,0.0,0.0,0.0,0.0,0.0,0.0,0.0,0.0,0.0,0.0,0.0,0.0,0.0,0.0,0.0,0.0,0.0,0.0,-69.41011264793765,-69.41011264793765,-69.41011264793765,0.0,0.0,0.0,-125.37966785678755,-125.37966785678755,-125.37966785678755,-194.78978050472514,-194.78978050472514,-194.78978050472514,0.0,0.0,0.0,0.0,0.0,0.0,661.0968604019096
2021-09-25,855.935599807218,619.3786683850115,1109.255535327798,855.935599807218,855.935599807218,0.0,0.0,0.0,0.0,0.0,0.0,0.0,0.0,0.0,0.0,0.0,0.0,0.0,0.0,0.0,0.0,0.0,0.0,0.0,0.0,0.0,0.0,0.0,0.0,0.0,0.0,0.0,0.0,0.0,0.0,139.09579758920717,139.09579758920717,139.09579758920717,0.0,0.0,0.0,-131.85223418194386,-131.85223418194386,-131.85223418194386,7.243563407263255,7.243563407263255,7.243563407263255,0.0,0.0,0.0,0.0,0.0,0.0,863.1791632144813
2021-09-26,855.9845587078013,946.8356261927261,1407.6277023057235,855.9845587078013,855.9845587078013,0.0,0.0,0.0,0.0,0.0,0.0,0.0,0.0,0.0,0.0,0.0,0.0,0.0,0.0,0.0,0.0,0.0,0.0,0.0,0.0,0.0,0.0,0.0,0.0,0.0,0.0,0.0,0.0,0.0,0.0,452.5724344123226,452.5724344123226,452.5724344123226,0.0,0.0,0.0,-140.34900049923024,-140.34900049923024,-140.34900049923024,312.2234339130924,312.2234339130924,312.2234339130924,0.0,0.0,0.0,0.0,0.0,0.0,1168.2079926208937
2021-09-27,856.0335176083845,384.210919467963,853.6389765649674,856.0335176083845,856.0335176083845,0.0,0.0,0.0,0.0,0.0,0.0,0.0,0.0,0.0,0.0,0.0,0.0,0.0,0.0,0.0,0.0,0.0,0.0,0.0,0.0,0.0,0.0,0.0,0.0,0.0,0.0,0.0,0.0,0.0,0.0,-100.45487011205314,-100.45487011205314,-100.45487011205314,0.0,0.0,0.0,-150.6401683406297,-150.6401683406297,-150.6401683406297,-251.09503845268287,-251.09503845268287,-251.09503845268287,0.0,0.0,0.0,0.0,0.0,0.0,604.9384791557017
2021-09-28,856.0824765089676,324.9799380817776,799.59759141046,856.0824765089676,856.0824765089676,0.0,0.0,0.0,0.0,0.0,0.0,0.0,0.0,0.0,0.0,0.0,0.0,0.0,0.0,0.0,0.0,0.0,0.0,0.0,0.0,0.0,0.0,0.0,0.0,0.0,0.0,0.0,0.0,0.0,0.0,-140.2813613688117,-140.2813613688117,-140.2813613688117,0.0,0.0,0.0,-162.4145238688792,-162.4145238688792,-162.4145238688792,-302.6958852376909,-302.6958852376909,-302.6958852376909,0.0,0.0,0.0,0.0,0.0,0.0,553.3865912712768
2021-09-29,856.1314354095508,291.2032714315629,765.228497373608,856.1314354095508,856.1314354095508,0.0,0.0,0.0,0.0,0.0,0.0,0.0,0.0,0.0,0.0,0.0,0.0,0.0,0.0,0.0,0.0,0.0,0.0,0.0,0.0,0.0,0.0,0.0,0.0,0.0,0.0,0.0,0.0,0.0,0.0,-142.75817305377495,-142.75817305377495,-142.75817305377495,0.0,0.0,0.0,-175.29233137009368,-175.29233137009368,-175.29233137009368,-318.0505044238687,-318.0505044238687,-318.0505044238687,0.0,0.0,0.0,0.0,0.0,0.0,538.0809309856821
2021-09-30,856.180394310134,305.99951128668454,767.8098796323261,856.180394310134,856.180394310134,0.0,0.0,0.0,0.0,0.0,0.0,0.0,0.0,0.0,0.0,0.0,0.0,0.0,0.0,0.0,0.0,0.0,0.0,0.0,0.0,0.0,0.0,0.0,0.0,0.0,0.0,0.0,0.0,0.0,0.0,-138.76371482021338,-138.76371482021338,-138.76371482021338,0.0,0.0,0.0,-188.84024174568918,-188.84024174568918,-188.84024174568918,-327.60395656590254,-327.60395656590254,-327.60395656590254,0.0,0.0,0.0,0.0,0.0,0.0,528.5764377442315
2021-10-01,856.2293532107172,352.6176756338424,800.4434994496419,856.2293532107172,856.2293532107172,0.0,0.0,0.0,0.0,0.0,0.0,0.0,0.0,0.0,0.0,0.0,0.0,0.0,0.0,0.0,0.0,0.0,0.0,0.0,0.0,0.0,0.0,0.0,0.0,0.0,0.0,0.0,0.0,0.0,0.0,-69.41011264730146,-69.41011264730146,-69.41011264730146,0.0,0.0,0.0,-202.58769748839896,-202.58769748839896,-202.58769748839896,-271.99781013570043,-271.99781013570043,-271.99781013570043,0.0,0.0,0.0,0.0,0.0,0.0,584.2315430750168
2021-10-02,856.2783121113004,541.9985243260601,1023.8534496873054,856.2783121113004,856.2783121113004,0.0,0.0,0.0,0.0,0.0,0.0,0.0,0.0,0.0,0.0,0.0,0.0,0.0,0.0,0.0,0.0,0.0,0.0,0.0,0.0,0.0,0.0,0.0,0.0,0.0,0.0,0.0,0.0,0.0,0.0,139.09579758958822,139.09579758958822,139.09579758958822,0.0,0.0,0.0,-216.044275803402,-216.044275803402,-216.044275803402,-76.94847821381384,-76.94847821381384,-76.94847821381384,0.0,0.0,0.0,0.0,0.0,0.0,779.3298338974865
2021-10-03,856.3272710118838,843.6490098332818,1310.717536870273,856.3272710118838,856.3272710118838,0.0,0.0,0.0,0.0,0.0,0.0,0.0,0.0,0.0,0.0,0.0,0.0,0.0,0.0,0.0,0.0,0.0,0.0,0.0,0.0,0.0,0.0,0.0,0.0,0.0,0.0,0.0,0.0,0.0,0.0,452.5724344128333,452.5724344128333,452.5724344128333,0.0,0.0,0.0,-228.71739051766693,-228.71739051766693,-228.71739051766693,223.85504389516635,223.85504389516635,223.85504389516635,0.0,0.0,0.0,0.0,0.0,0.0,1080.18231490705
2021-10-04,856.3762299124669,283.97974102519447,744.9926062990775,856.3762299124669,856.3762299124669,0.0,0.0,0.0,0.0,0.0,0.0,0.0,0.0,0.0,0.0,0.0,0.0,0.0,0.0,0.0,0.0,0.0,0.0,0.0,0.0,0.0,0.0,0.0,0.0,0.0,0.0,0.0,0.0,0.0,0.0,-100.45487011181167,-100.45487011181167,-100.45487011181167,0.0,0.0,0.0,-240.12977162656762,-240.12977162656762,-240.12977162656762,-340.5846417383793,-340.5846417383793,-340.5846417383793,0.0,0.0,0.0,0.0,0.0,0.0,515.7915881740876
2021-10-05,856.4251888130501,227.68713689311673,695.1888828764049,856.4251888130501,856.4251888130501,0.0,0.0,0.0,0.0,0.0,0.0,0.0,0.0,0.0,0.0,0.0,0.0,0.0,0.0,0.0,0.0,0.0,0.0,0.0,0.0,0.0,0.0,0.0,0.0,0.0,0.0,0.0,0.0,0.0,0.0,-140.2813613683587,-140.2813613683587,-140.2813613683587,0.0,0.0,0.0,-249.83615853854369,-249.83615853854369,-249.83615853854369,-390.1175199069024,-390.1175199069024,-390.1175199069024,0.0,0.0,0.0,0.0,0.0,0.0,466.30766890614774
2021-10-06,856.4741477136333,219.18098739138327,699.985798482058,856.4741477136333,856.4741477136333,0.0,0.0,0.0,0.0,0.0,0.0,0.0,0.0,0.0,0.0,0.0,0.0,0.0,0.0,0.0,0.0,0.0,0.0,0.0,0.0,0.0,0.0,0.0,0.0,0.0,0.0,0.0,0.0,0.0,0.0,-142.75817305460643,-142.75817305460643,-142.75817305460643,0.0,0.0,0.0,-257.438678440703,-257.438678440703,-257.438678440703,-400.1968514953095,-400.1968514953095,-400.1968514953095,0.0,0.0,0.0,0.0,0.0,0.0,456.27729621832384
2021-10-07,856.5231066142165,225.44950648923714,690.0797877345223,856.5231066142165,856.5231066142165,0.0,0.0,0.0,0.0,0.0,0.0,0.0,0.0,0.0,0.0,0.0,0.0,0.0,0.0,0.0,0.0,0.0,0.0,0.0,0.0,0.0,0.0,0.0,0.0,0.0,0.0,0.0,0.0,0.0,0.0,-138.7637148209375,-138.7637148209375,-138.7637148209375,0.0,0.0,0.0,-262.60043328211685,-262.60043328211685,-262.60043328211685,-401.3641481030544,-401.3641481030544,-401.3641481030544,0.0,0.0,0.0,0.0,0.0,0.0,455.15895851116215
2021-10-08,856.5720655147996,293.28754212132503,749.2888875199817,856.5720655147996,856.5720655147996,0.0,0.0,0.0,0.0,0.0,0.0,0.0,0.0,0.0,0.0,0.0,0.0,0.0,0.0,0.0,0.0,0.0,0.0,0.0,0.0,0.0,0.0,0.0,0.0,0.0,0.0,0.0,0.0,0.0,0.0,-69.41011264876553,-69.41011264876553,-69.41011264876553,0.0,0.0,0.0,-265.0568856693884,-265.0568856693884,-265.0568856693884,-334.46699831815397,-334.46699831815397,-334.46699831815397,0.0,0.0,0.0,0.0,0.0,0.0,522.1050671966457
2021-10-09,856.6210244153829,489.26609334698725,984.1072164381626,856.6210244153829,856.6210244153829,0.0,0.0,0.0,0.0,0.0,0.0,0.0,0.0,0.0,0.0,0.0,0.0,0.0,0.0,0.0,0.0,0.0,0.0,0.0,0.0,0.0,0.0,0.0,0.0,0.0,0.0,0.0,0.0,0.0,0.0,139.09579758936343,139.09579758936343,139.09579758936343,0.0,0.0,0.0,-264.6247130509811,-264.6247130509811,-264.6247130509811,-125.52891546161766,-125.52891546161766,-125.52891546161766,0.0,0.0,0.0,0.0,0.0,0.0,731.0921089537652
2021-10-10,856.6699833159661,811.6259751438103,1280.3903833345043,856.6699833159661,856.6699833159661,0.0,0.0,0.0,0.0,0.0,0.0,0.0,0.0,0.0,0.0,0.0,0.0,0.0,0.0,0.0,0.0,0.0,0.0,0.0,0.0,0.0,0.0,0.0,0.0,0.0,0.0,0.0,0.0,0.0,0.0,452.57243441297703,452.57243441297703,452.57243441297703,0.0,0.0,0.0,-261.2078881092579,-261.2078881092579,-261.2078881092579,191.36454630371907,191.36454630371907,191.36454630371907,0.0,0.0,0.0,0.0,0.0,0.0,1048.0345296196851
2021-10-11,856.7189422165494,275.6372878759464,720.2191751856091,856.7189422165494,856.7189422165494,0.0,0.0,0.0,0.0,0.0,0.0,0.0,0.0,0.0,0.0,0.0,0.0,0.0,0.0,0.0,0.0,0.0,0.0,0.0,0.0,0.0,0.0,0.0,0.0,0.0,0.0,0.0,0.0,0.0,0.0,-100.45487011140605,-100.45487011140605,-100.45487011140605,0.0,0.0,0.0,-254.80083819100113,-254.80083819100113,-254.80083819100113,-355.2557083024072,-355.2557083024072,-355.2557083024072,0.0,0.0,0.0,0.0,0.0,0.0,501.4632339141422
2021-10-12,856.7679011171326,249.75462305905657,692.4067456251386,856.7679011171326,856.7679011171326,0.0,0.0,0.0,0.0,0.0,0.0,0.0,0.0,0.0,0.0,0.0,0.0,0.0,0.0,0.0,0.0,0.0,0.0,0.0,0.0,0.0,0.0,0.0,0.0,0.0,0.0,0.0,0.0,0.0,0.0,-140.28136136894238,-140.28136136894238,-140.28136136894238,0.0,0.0,0.0,-245.48863462569975,-245.48863462569975,-245.48863462569975,-385.76999599464204,-385.76999599464204,-385.76999599464204,0.0,0.0,0.0,0.0,0.0,0.0,470.9979051224906
2021-10-13,856.8168600177158,243.96686934126734,717.2356786900009,856.8168600177158,856.8168600177158,0.0,0.0,0.0,0.0,0.0,0.0,0.0,0.0,0.0,0.0,0.0,0.0,0.0,0.0,0.0,0.0,0.0,0.0,0.0,0.0,0.0,0.0,0.0,0.0,0.0,0.0,0.0,0.0,0.0,0.0,-142.75817305378433,-142.75817305378433,-142.75817305378433,0.0,0.0,0.0,-233.4442605906792,-233.4442605906792,-233.4442605906792,-376.2024336444635,-376.2024336444635,-376.2024336444635,0.0,0.0,0.0,0.0,0.0,0.0,480.61442637325234
2021-10-14,856.8659795039088,262.6003178293093,728.6814429397173,856.8659795039088,856.8659795039088,0.0,0.0,0.0,0.0,0.0,0.0,0.0,0.0,0.0,0.0,0.0,0.0,0.0,0.0,0.0,0.0,0.0,0.0,0.0,0.0,0.0,0.0,0.0,0.0,0.0,0.0,0.0,0.0,0.0,0.0,-138.7637148200176,-138.7637148200176,-138.7637148200176,0.0,0.0,0.0,-218.92310053208803,-218.92310053208803,-218.92310053208803,-357.68681535210567,-357.68681535210567,-357.68681535210567,0.0,0.0,0.0,0.0,0.0,0.0,499.1791641518031
2021-10-15,856.9150989901017,366.88305830209777,833.7344982194726,856.9150989901017,856.9150989901017,0.0,0.0,0.0,0.0,0.0,0.0,0.0,0.0,0.0,0.0,0.0,0.0,0.0,0.0,0.0,0.0,0.0,0.0,0.0,0.0,0.0,0.0,0.0,0.0,0.0,0.0,0.0,0.0,0.0,0.0,-69.41011264812933,-69.41011264812933,-69.41011264812933,0.0,0.0,0.0,-202.2548819513184,-202.2548819513184,-202.2548819513184,-271.66499459944777,-271.66499459944777,-271.66499459944777,0.0,0.0,0.0,0.0,0.0,0.0,585.2501043906539
2021-10-16,856.9642184762947,557.6572252200848,1046.0050028942737,856.9642184762947,856.9642184762947,0.0,0.0,0.0,0.0,0.0,0.0,0.0,0.0,0.0,0.0,0.0,0.0,0.0,0.0,0.0,0.0,0.0,0.0,0.0,0.0,0.0,0.0,0.0,0.0,0.0,0.0,0.0,0.0,0.0,0.0,139.09579759015804,139.09579759015804,139.09579759015804,0.0,0.0,0.0,-183.83337880478544,-183.83337880478544,-183.83337880478544,-44.73758121462742,-44.73758121462742,-44.73758121462742,0.0,0.0,0.0,0.0,0.0,0.0,812.2266372616673
2021-10-17,857.0133379624876,897.4665393974414,1368.864515684052,857.0133379624876,857.0133379624876,0.0,0.0,0.0,0.0,0.0,0.0,0.0,0.0,0.0,0.0,0.0,0.0,0.0,0.0,0.0,0.0,0.0,0.0,0.0,0.0,0.0,0.0,0.0,0.0,0.0,0.0,0.0,0.0,0.0,0.0,452.5724344130664,452.5724344130664,452.5724344130664,0.0,0.0,0.0,-164.10425239099735,-164.10425239099735,-164.10425239099735,288.4681820220691,288.4681820220691,288.4681820220691,0.0,0.0,0.0,0.0,0.0,0.0,1145.4815199845566
2021-10-18,857.0624574486806,374.7574779563238,854.7773663364486,857.0624574486806,857.0624574486806,0.0,0.0,0.0,0.0,0.0,0.0,0.0,0.0,0.0,0.0,0.0,0.0,0.0,0.0,0.0,0.0,0.0,0.0,0.0,0.0,0.0,0.0,0.0,0.0,0.0,0.0,0.0,0.0,0.0,0.0,-100.45487011199921,-100.45487011199921,-100.45487011199921,0.0,0.0,0.0,-143.5514584010858,-143.5514584010858,-143.5514584010858,-244.00632851308498,-244.00632851308498,-244.00632851308498,0.0,0.0,0.0,0.0,0.0,0.0,613.0561289355956
2021-10-19,857.1115769348737,345.5145531883995,819.6093920943474,857.1115769348737,857.1115769348737,0.0,0.0,0.0,0.0,0.0,0.0,0.0,0.0,0.0,0.0,0.0,0.0,0.0,0.0,0.0,0.0,0.0,0.0,0.0,0.0,0.0,0.0,0.0,0.0,0.0,0.0,0.0,0.0,0.0,0.0,-140.2813613676546,-140.2813613676546,-140.2813613676546,0.0,0.0,0.0,-122.68268628170193,-122.68268628170193,-122.68268628170193,-262.96404764935653,-262.96404764935653,-262.96404764935653,0.0,0.0,0.0,0.0,0.0,0.0,594.1475292855172
2021-10-20,857.1606964210666,373.96291720634844,824.9325730921686,857.1606964210666,857.1606964210666,0.0,0.0,0.0,0.0,0.0,0.0,0.0,0.0,0.0,0.0,0.0,0.0,0.0,0.0,0.0,0.0,0.0,0.0,0.0,0.0,0.0,0.0,0.0,0.0,0.0,0.0,0.0,0.0,0.0,0.0,-142.75817305413122,-142.75817305413122,-142.75817305413122,0.0,0.0,0.0,-102.01431824426751,-102.01431824426751,-102.01431824426751,-244.77249129839868,-244.77249129839868,-244.77249129839868,0.0,0.0,0.0,0.0,0.0,0.0,612.388205122668
2021-10-21,857.2098159072596,417.5149360727549,883.1383870985112,857.2098159072596,857.2098159072596,0.0,0.0,0.0,0.0,0.0,0.0,0.0,0.0,0.0,0.0,0.0,0.0,0.0,0.0,0.0,0.0,0.0,0.0,0.0,0.0,0.0,0.0,0.0,0.0,0.0,0.0,0.0,0.0,0.0,0.0,-138.76371482074174,-138.76371482074174,-138.76371482074174,0.0,0.0,0.0,-82.0563997591189,-82.0563997591189,-82.0563997591189,-220.82011457986067,-220.82011457986067,-220.82011457986067,0.0,0.0,0.0,0.0,0.0,0.0,636.3897013273988
2021-10-22,857.2589353934525,478.64188598896516,953.9071953711128,857.2589353934525,857.2589353934525,0.0,0.0,0.0,0.0,0.0,0.0,0.0,0.0,0.0,0.0,0.0,0.0,0.0,0.0,0.0,0.0,0.0,0.0,0.0,0.0,0.0,0.0,0.0,0.0,0.0,0.0,0.0,0.0,0.0,0.0,-69.41011264809082,-69.41011264809082,-69.41011264809082,0.0,0.0,0.0,-63.298101388591284,-63.298101388591284,-63.298101388591284,-132.70821403668214,-132.70821403668214,-132.70821403668214,0.0,0.0,0.0,0.0,0.0,0.0,724.5507213567703
2021-10-23,857.3080548796455,693.5503525361238,1181.047828754732,857.3080548796455,857.3080548796455,0.0,0.0,0.0,0.0,0.0,0.0,0.0,0.0,0.0,0.0,0.0,0.0,0.0,0.0,0.0,0.0,0.0,0.0,0.0,0.0,0.0,0.0,0.0,0.0,0.0,0.0,0.0,0.0,0.0,0.0,139.0957975897265,139.0957975897265,139.0957975897265,0.0,0.0,0.0,-46.194124082029305,-46.194124082029305,-46.194124082029305,92.90167350769715,92.90167350769715,92.90167350769715,0.0,0.0,0.0,0.0,0.0,0.0,950.2097283873427
2021-10-24,857.3571743658384,1037.7709303006923,1516.1262924925147,857.3571743658384,857.3571743658384,0.0,0.0,0.0,0.0,0.0,0.0,0.0,0.0,0.0,0.0,0.0,0.0,0.0,0.0,0.0,0.0,0.0,0.0,0.0,0.0,0.0,0.0,0.0,0.0,0.0,0.0,0.0,0.0,0.0,0.0,452.57243441284953,452.57243441284953,452.57243441284953,0.0,0.0,0.0,-31.152457851357152,-31.152457851357152,-31.152457851357152,421.4199765614924,421.4199765614924,421.4199765614924,0.0,0.0,0.0,0.0,0.0,0.0,1278.7771509273307
2021-10-25,857.4062938520314,499.61000160191816,989.415259943991,857.4062938520314,857.4062938520314,0.0,0.0,0.0,0.0,0.0,0.0,0.0,0.0,0.0,0.0,0.0,0.0,0.0,0.0,0.0,0.0,0.0,0.0,0.0,0.0,0.0,0.0,0.0,0.0,0.0,0.0,0.0,0.0,0.0,0.0,-100.45487011175776,-100.45487011175776,-100.45487011175776,0.0,0.0,0.0,-18.52384880531953,-18.52384880531953,-18.52384880531953,-118.9787189170773,-118.9787189170773,-118.9787189170773,0.0,0.0,0.0,0.0,0.0,0.0,738.427574934954
2021-10-26,857.4554133382245,469.211006986841,960.2551385000061,857.4554133382245,857.4554133382245,0.0,0.0,0.0,0.0,0.0,0.0,0.0,0.0,0.0,0.0,0.0,0.0,0.0,0.0,0.0,0.0,0.0,0.0,0.0,0.0,0.0,0.0,0.0,0.0,0.0,0.0,0.0,0.0,0.0,0.0,-140.28136136770192,-140.28136136770192,-140.28136136770192,0.0,0.0,0.0,-8.59326400013389,-8.59326400013389,-8.59326400013389,-148.87462536783582,-148.87462536783582,-148.87462536783582,0.0,0.0,0.0,0.0,0.0,0.0,708.5807879703887
2021-10-27,857.5045328244174,481.60554328035784,942.4444559579283,857.5045328244174,857.5045328244174,0.0,0.0,0.0,0.0,0.0,0.0,0.0,0.0,0.0,0.0,0.0,0.0,0.0,0.0,0.0,0.0,0.0,0.0,0.0,0.0,0.0,0.0,0.0,0.0,0.0,0.0,0.0,0.0,0.0,0.0,-142.75817305399354,-142.75817305399354,-142.75817305399354,0.0,0.0,0.0,-1.5735699199392863,-1.5735699199392863,-1.5735699199392863,-144.33174297393288,-144.33174297393288,-144.33174297393288,0.0,0.0,0.0,0.0,0.0,0.0,713.1727898504846
2021-10-28,857.5536523106103,465.677650595922,967.8973760295809,857.5536523106103,857.5536523106103,0.0,0.0,0.0,0.0,0.0,0.0,0.0,0.0,0.0,0.0,0.0,0.0,0.0,0.0,0.0,0.0,0.0,0.0,0.0,0.0,0.0,0.0,0.0,0.0,0.0,0.0,0.0,0.0,0.0,0.0,-138.76371482046372,-138.76371482046372,-138.76371482046372,0.0,0.0,0.0,2.3984386578035473,2.3984386578035473,2.3984386578035473,-136.36527616266022,-136.36527616266022,-136.36527616266022,0.0,0.0,0.0,0.0,0.0,0.0,721.1883761479501
2021-10-29,857.6027717968034,565.0523609567608,1031.6342019431863,857.6027717968034,857.6027717968034,0.0,0.0,0.0,0.0,0.0,0.0,0.0,0.0,0.0,0.0,0.0,0.0,0.0,0.0,0.0,0.0,0.0,0.0,0.0,0.0,0.0,0.0,0.0,0.0,0.0,0.0,0.0,0.0,0.0,0.0,-69.41011264773417,-69.41011264773417,-69.41011264773417,0.0,0.0,0.0,3.2636042986017757,3.2636042986017757,3.2636042986017757,-66.14650834913239,-66.14650834913239,-66.14650834913239,0.0,0.0,0.0,0.0,0.0,0.0,791.456263447671
2021-10-30,857.6518912829963,772.6713226405958,1260.0069348708173,857.6518912829963,857.6518912829963,0.0,0.0,0.0,0.0,0.0,0.0,0.0,0.0,0.0,0.0,0.0,0.0,0.0,0.0,0.0,0.0,0.0,0.0,0.0,0.0,0.0,0.0,0.0,0.0,0.0,0.0,0.0,0.0,0.0,0.0,139.09579758996085,139.09579758996085,139.09579758996085,0.0,0.0,0.0,1.0395933004154425,1.0395933004154425,1.0395933004154425,140.1353908903763,140.1353908903763,140.1353908903763,0.0,0.0,0.0,0.0,0.0,0.0,997.7872821733727
2021-10-31,857.7010107691892,1292.5201645150669,1736.1094083938983,857.7010107691892,857.7010107691892,206.66910505999996,206.66910505999996,206.66910505999996,0.0,0.0,0.0,0.0,0.0,0.0,0.0,0.0,0.0,0.0,0.0,0.0,0.0,0.0,0.0,0.0,0.0,0.0,0.0,0.0,0.0,0.0,0.0,0.0,0.0,0.0,0.0,452.5724344129388,452.5724344129388,452.5724344129388,0.0,0.0,0.0,-4.182192631597298,-4.182192631597298,-4.182192631597298,655.0593468413414,655.0593468413414,655.0593468413414,206.66910505999996,206.66910505999996,206.66910505999996,0.0,0.0,0.0,1512.7603576105307
2021-11-01,857.7501302553824,1124.3340380360037,1606.675013936541,857.7501302553824,857.7501302553824,631.8878291,631.8878291,631.8878291,0.0,0.0,0.0,0.0,0.0,0.0,0.0,0.0,0.0,0.0,0.0,0.0,0.0,0.0,0.0,0.0,0.0,0.0,0.0,0.0,0.0,0.0,0.0,0.0,0.0,0.0,0.0,-100.4548701123509,-100.4548701123509,-100.4548701123509,0.0,0.0,0.0,-12.241802315381818,-12.241802315381818,-12.241802315381818,519.1911566722672,519.1911566722672,519.1911566722672,631.8878291,631.8878291,631.8878291,0.0,0.0,0.0,1376.9412869276496
2021-11-02,857.7992497415751,472.0498136725991,911.411121598205,857.7992497415751,857.7992497415751,0.0,0.0,0.0,0.0,0.0,0.0,0.0,0.0,0.0,0.0,0.0,0.0,0.0,0.0,0.0,0.0,0.0,0.0,0.0,0.0,0.0,0.0,0.0,0.0,0.0,0.0,0.0,0.0,0.0,0.0,-140.2813613688219,-140.2813613688219,-140.2813613688219,0.0,0.0,0.0,-22.917777035850804,-22.917777035850804,-22.917777035850804,-163.19913840467262,-163.19913840467262,-163.19913840467262,0.0,0.0,0.0,0.0,0.0,0.0,694.6001113369025
2021-11-03,857.8483932562764,456.9079836671485,925.9665577158833,857.8483932562764,857.8483932562764,0.0,0.0,0.0,0.0,0.0,0.0,0.0,0.0,0.0,0.0,0.0,0.0,0.0,0.0,0.0,0.0,0.0,0.0,0.0,0.0,0.0,0.0,0.0,0.0,0.0,0.0,0.0,0.0,0.0,0.0,-142.75817305399823,-142.75817305399823,-142.75817305399823,0.0,0.0,0.0,-35.93575255017628,-35.93575255017628,-35.93575255017628,-178.6939256041745,-178.6939256041745,-178.6939256041745,0.0,0.0,0.0,0.0,0.0,0.0,679.1544676521019
2021-11-04,857.8975367709776,452.7203060778194,903.4856171450509,857.8975367709776,857.8975367709776,0.0,0.0,0.0,0.0,0.0,0.0,0.0,0.0,0.0,0.0,0.0,0.0,0.0,0.0,0.0,0.0,0.0,0.0,0.0,0.0,0.0,0.0,0.0,0.0,0.0,0.0,0.0,0.0,0.0,0.0,-138.76371482054597,-138.76371482054597,-138.76371482054597,0.0,0.0,0.0,-50.97828262956651,-50.97828262956651,-50.97828262956651,-189.74199745011245,-189.74199745011245,-189.74199745011245,0.0,0.0,0.0,0.0,0.0,0.0,668.1555393208652
2021-11-05,857.9466802856787,478.646122166207,953.2439145371869,857.9466802856787,857.9466802856787,0.0,0.0,0.0,0.0,0.0,0.0,0.0,0.0,0.0,0.0,0.0,0.0,0.0,0.0,0.0,0.0,0.0,0.0,0.0,0.0,0.0,0.0,0.0,0.0,0.0,0.0,0.0,0.0,0.0,0.0,-69.41011264737756,-69.41011264737756,-69.41011264737756,0.0,0.0,0.0,-67.69551599776534,-67.69551599776534,-67.69551599776534,-137.10562864514287,-137.10562864514287,-137.10562864514287,0.0,0.0,0.0,0.0,0.0,0.0,720.8410516405359
2021-11-06,857.99582380038,671.4423854350044,1133.5943230454982,857.99582380038,857.99582380038,0.0,0.0,0.0,0.0,0.0,0.0,0.0,0.0,0.0,0.0,0.0,0.0,0.0,0.0,0.0,0.0,0.0,0.0,0.0,0.0,0.0,0.0,0.0,0.0,0.0,0.0,0.0,0.0,0.0,0.0,139.09579759034185,139.09579759034185,139.09579759034185,0.0,0.0,0.0,-85.71634260223531,-85.71634260223531,-85.71634260223531,53.379454988106545,53.379454988106545,53.379454988106545,0.0,0.0,0.0,0.0,0.0,0.0,911.3752787884865
2021-11-07,858.0449673150812,959.7461429052879,1441.0690783529033,858.0449673150812,858.0449673150812,0.0,0.0,0.0,0.0,0.0,0.0,0.0,0.0,0.0,0.0,0.0,0.0,0.0,0.0,0.0,0.0,0.0,0.0,0.0,0.0,0.0,0.0,0.0,0.0,0.0,0.0,0.0,0.0,0.0,0.0,452.572434412613,452.572434412613,452.572434412613,0.0,0.0,0.0,-104.65962311544473,-104.65962311544473,-104.65962311544473,347.9128112971683,347.9128112971683,347.9128112971683,0.0,0.0,0.0,0.0,0.0,0.0,1205.9577786122495
2021-11-08,858.0941108297825,393.9222404869916,887.7580652808366,858.0941108297825,858.0941108297825,0.0,0.0,0.0,0.0,0.0,0.0,0.0,0.0,0.0,0.0,0.0,0.0,0.0,0.0,0.0,0.0,0.0,0.0,0.0,0.0,0.0,0.0,0.0,0.0,0.0,0.0,0.0,0.0,0.0,0.0,-100.45487011221807,-100.45487011221807,-100.45487011221807,0.0,0.0,0.0,-124.14512712589583,-124.14512712589583,-124.14512712589583,-224.59999723811393,-224.59999723811393,-224.59999723811393,0.0,0.0,0.0,0.0,0.0,0.0,633.4941135916686
2021-11-09,858.1432543444836,336.7242080241245,800.8561463139364,858.1432543444836,858.1432543444836,0.0,0.0,0.0,0.0,0.0,0.0,0.0,0.0,0.0,0.0,0.0,0.0,0.0,0.0,0.0,0.0,0.0,0.0,0.0,0.0,0.0,0.0,0.0,0.0,0.0,0.0,0.0,0.0,0.0,0.0,-140.281361368619,-140.281361368619,-140.281361368619,0.0,0.0,0.0,-143.80382988171786,-143.80382988171786,-143.80382988171786,-284.08519125033695,-284.08519125033695,-284.08519125033695,0.0,0.0,0.0,0.0,0.0,0.0,574.0580630941466
2021-11-10,858.1923978591848,372.94960058023844,817.4510877464811,858.1923978591848,858.1923978591848,0.0,0.0,0.0,37.455205119999995,37.455205119999995,37.455205119999995,0.0,0.0,0.0,0.0,0.0,0.0,0.0,0.0,0.0,0.0,0.0,0.0,0.0,0.0,0.0,0.0,0.0,0.0,0.0,0.0,0.0,0.0,0.0,0.0,-142.75817305467862,-142.75817305467862,-142.75817305467862,0.0,0.0,0.0,-163.28725347075337,-163.28725347075337,-163.28725347075337,-268.5902214054319,-268.5902214054319,-268.5902214054319,37.455205119999995,37.455205119999995,37.455205119999995,0.0,0.0,0.0,589.6021764537529
2021-11-11,858.2415413738861,502.56894193873075,979.6873827577979,858.2415413738861,858.2415413738861,0.0,0.0,0.0,204.15111878,204.15111878,204.15111878,0.0,0.0,0.0,0.0,0.0,0.0,0.0,0.0,0.0,0.0,0.0,0.0,0.0,0.0,0.0,0.0,0.0,0.0,0.0,0.0,0.0,0.0,0.0,0.0,-138.76371481990148,-138.76371481990148,-138.76371481990148,0.0,0.0,0.0,-182.2755843752328,-182.2755843752328,-182.2755843752328,-116.88818041513426,-116.88818041513426,-116.88818041513426,204.15111878,204.15111878,204.15111878,0.0,0.0,0.0,741.3533609587519
2021-11-12,858.2906848885872,343.3623948204437,827.6855944763201,858.2906848885872,858.2906848885872,0.0,0.0,0.0,0.0,0.0,0.0,0.0,0.0,0.0,0.0,0.0,0.0,0.0,0.0,0.0,0.0,0.0,0.0,0.0,0.0,0.0,0.0,0.0,0.0,0.0,0.0,0.0,0.0,0.0,0.0,-69.41011264705946,-69.41011264705946,-69.41011264705946,0.0,0.0,0.0,-200.48435348677856,-200.48435348677856,-200.48435348677856,-269.894466133838,-269.894466133838,-269.894466133838,0.0,0.0,0.0,0.0,0.0,0.0,588.3962187547492
2021-11-13,858.3398284032884,546.9382573444647,1025.4103681310419,858.3398284032884,858.3398284032884,0.0,0.0,0.0,0.0,0.0,0.0,0.0,0.0,0.0,0.0,0.0,0.0,0.0,0.0,0.0,0.0,0.0,0.0,0.0,0.0,0.0,0.0,0.0,0.0,0.0,0.0,0.0,0.0,0.0,0.0,139.09579759011706,139.09579759011706,139.09579759011706,0.0,0.0,0.0,-217.66952474480016,-217.66952474480016,-217.66952474480016,-78.57372715468303,-78.57372715468303,-78.57372715468303,0.0,0.0,0.0,0.0,0.0,0.0,779.7661012486053
2021-11-14,858.3889719179897,856.4992911582109,1307.6918790441603,858.3889719179897,858.3889719179897,0.0,0.0,0.0,0.0,0.0,0.0,0.0,0.0,0.0,0.0,0.0,0.0,0.0,0.0,0.0,0.0,0.0,0.0,0.0,0.0,0.0,0.0,0.0,0.0,0.0,0.0,0.0,0.0,0.0,0.0,452.572434412348,452.572434412348,452.572434412348,0.0,0.0,0.0,-233.63090221975878,-233.63090221975878,-233.63090221975878,218.9415321925892,218.9415321925892,218.9415321925892,0.0,0.0,0.0,0.0,0.0,0.0,1077.3305041105789
2021-11-15,858.4381154326909,280.2969042515759,758.1538547241299,858.4381154326909,858.4381154326909,0.0,0.0,0.0,0.0,0.0,0.0,0.0,0.0,0.0,0.0,0.0,0.0,0.0,0.0,0.0,0.0,0.0,0.0,0.0,0.0,0.0,0.0,0.0,0.0,0.0,0.0,0.0,0.0,0.0,0.0,-100.45487011181243,-100.45487011181243,-100.45487011181243,0.0,0.0,0.0,-248.21383028111586,-248.21383028111586,-248.21383028111586,-348.66870039292826,-348.66870039292826,-348.66870039292826,0.0,0.0,0.0,0.0,0.0,0.0,509.76941503976263
2021-11-16,858.487258947392,237.90419031923227,696.3824950241137,858.487258947392,858.487258947392,0.0,0.0,0.0,0.0,0.0,0.0,0.0,0.0,0.0,0.0,0.0,0.0,0.0,0.0,0.0,0.0,0.0,0.0,0.0,0.0,0.0,0.0,0.0,0.0,0.0,0.0,0.0,0.0,0.0,0.0,-140.2813613692027,-140.2813613692027,-140.2813613692027,0.0,0.0,0.0,-261.30922506655196,-261.30922506655196,-261.30922506655196,-401.59058643575474,-401.59058643575474,-401.59058643575474,0.0,0.0,0.0,0.0,0.0,0.0,456.89667251163723
2021-11-17,858.5364024620933,205.1201151912015,681.8505182567133,858.5364024620933,858.5364024620933,0.0,0.0,0.0,0.0,0.0,0.0,0.0,0.0,0.0,0.0,0.0,0.0,0.0,0.0,0.0,0.0,0.0,0.0,0.0,0.0,0.0,0.0,0.0,0.0,0.0,0.0,0.0,0.0,0.0,0.0,-142.75817305385652,-142.75817305385652,-142.75817305385652,0.0,0.0,0.0,-272.8520354858484,-272.8520354858484,-272.8520354858484,-415.6102085397049,-415.6102085397049,-415.6102085397049,0.0,0.0,0.0,0.0,0.0,0.0,442.9261939223884
2021-11-18,858.5855459767945,189.09054945512577,681.3238206411525,858.5855459767945,858.5855459767945,0.0,0.0,0.0,0.0,0.0,0.0,0.0,0.0,0.0,0.0,0.0,0.0,0.0,0.0,0.0,0.0,0.0,0.0,0.0,0.0,0.0,0.0,0.0,0.0,0.0,0.0,0.0,0.0,0.0,0.0,-138.76371482099208,-138.76371482099208,-138.76371482099208,0.0,0.0,0.0,-282.8182863260143,-282.8182863260143,-282.8182863260143,-421.58200114700634,-421.58200114700634,-421.58200114700634,0.0,0.0,0.0,0.0,0.0,0.0,437.00354482978815
2021-11-19,858.6346894914956,258.6434556424814,721.9809765744321,858.6346894914956,858.6346894914956,0.0,0.0,0.0,0.0,0.0,0.0,0.0,0.0,0.0,0.0,0.0,0.0,0.0,0.0,0.0,0.0,0.0,0.0,0.0,0.0,0.0,0.0,0.0,0.0,0.0,0.0,0.0,0.0,0.0,0.0,-69.41011264702092,-69.41011264702092,-69.41011264702092,0.0,0.0,0.0,-291.2209028006186,-291.2209028006186,-291.2209028006186,-360.6310154476396,-360.6310154476396,-360.6310154476396,0.0,0.0,0.0,0.0,0.0,0.0,498.003674043856
2021-11-20,858.6838330061969,457.9049378905469,927.1389525994717,858.6838330061969,858.6838330061969,0.0,0.0,0.0,0.0,0.0,0.0,0.0,0.0,0.0,0.0,0.0,0.0,0.0,0.0,0.0,0.0,0.0,0.0,0.0,0.0,0.0,0.0,0.0,0.0,0.0,0.0,0.0,0.0,0.0,0.0,139.09579758968556,139.09579758968556,139.09579758968556,0.0,0.0,0.0,-298.10455355800093,-298.10455355800093,-298.10455355800093,-159.0087559683154,-159.0087559683154,-159.0087559683154,0.0,0.0,0.0,0.0,0.0,0.0,699.6750770378815
2021-11-21,858.7329765208981,774.2765065131438,1234.3727639596711,858.7329765208981,858.7329765208981,0.0,0.0,0.0,0.0,0.0,0.0,0.0,0.0,0.0,0.0,0.0,0.0,0.0,0.0,0.0,0.0,0.0,0.0,0.0,0.0,0.0,0.0,0.0,0.0,0.0,0.0,0.0,0.0,0.0,0.0,452.5724344128523,452.5724344128523,452.5724344128523,0.0,0.0,0.0,-303.53977654574385,-303.53977654574385,-303.53977654574385,149.03265786710853,149.03265786710853,149.03265786710853,0.0,0.0,0.0,0.0,0.0,0.0,1007.7656343880067
2021-11-22,858.7821200355994,217.98684167782343,678.1223419785492,858.7821200355994,858.7821200355994,0.0,0.0,0.0,0.0,0.0,0.0,0.0,0.0,0.0,0.0,0.0,0.0,0.0,0.0,0.0,0.0,0.0,0.0,0.0,0.0,0.0,0.0,0.0,0.0,0.0,0.0,0.0,0.0,0.0,0.0,-100.45487011167957,-100.45487011167957,-100.45487011167957,0.0,0.0,0.0,-307.6166684612535,-307.6166684612535,-307.6166684612535,-408.07153857293315,-408.07153857293315,-408.07153857293315,0.0,0.0,0.0,0.0,0.0,0.0,450.71058146266625
2021-11-23,858.8312635503007,186.41384349297448,657.5354287069378,858.8312635503007,858.8312635503007,0.0,0.0,0.0,0.0,0.0,0.0,0.0,0.0,0.0,0.0,0.0,0.0,0.0,0.0,0.0,0.0,0.0,0.0,0.0,0.0,0.0,0.0,0.0,0.0,0.0,0.0,0.0,0.0,0.0,0.0,-140.28136136899985,-140.28136136899985,-140.28136136899985,0.0,0.0,0.0,-310.4384234545224,-310.4384234545224,-310.4384234545224,-450.71978482352233,-450.71978482352233,-450.71978482352233,0.0,0.0,0.0,0.0,0.0,0.0,408.1114787267784
2021-11-24,858.8804720731271,153.64170602025965,633.9385996258098,858.8804720731271,858.8804720731271,0.0,0.0,0.0,0.0,0.0,0.0,0.0,0.0,0.0,0.0,0.0,0.0,0.0,0.0,0.0,0.0,0.0,0.0,0.0,0.0,0.0,0.0,0.0,0.0,0.0,0.0,0.0,0.0,0.0,0.0,-142.75817305468797,-142.75817305468797,-142.75817305468797,0.0,0.0,0.0,-312.1150003938771,-312.1150003938771,-312.1150003938771,-454.87317344856507,-454.87317344856507,-454.87317344856507,0.0,0.0,0.0,0.0,0.0,0.0,404.007298624562
2021-11-25,858.9296805959534,163.1874502051601,642.657638160232,858.9296805959534,858.9296805959534,0.0,0.0,0.0,0.0,0.0,0.0,0.0,0.0,0.0,0.0,0.0,0.0,0.0,0.0,0.0,0.0,0.0,0.0,0.0,0.0,0.0,0.0,0.0,0.0,0.0,0.0,0.0,0.0,0.0,0.0,-138.7637148193454,-138.7637148193454,-138.7637148193454,0.0,0.0,0.0,-312.75718087671623,-312.75718087671623,-312.75718087671623,-451.5208956960617,-451.5208956960617,-451.5208956960617,0.0,0.0,0.0,0.0,0.0,0.0,407.4087848998917
2021-11-26,858.9788891187799,249.6988894053073,704.3060106385052,858.9788891187799,858.9788891187799,0.0,0.0,0.0,0.0,0.0,0.0,0.0,0.0,0.0,0.0,0.0,0.0,0.0,0.0,0.0,0.0,0.0,0.0,0.0,0.0,0.0,0.0,0.0,0.0,0.0,0.0,0.0,0.0,0.0,0.0,-69.41011264816689,-69.41011264816689,-69.41011264816689,0.0,0.0,0.0,-312.4712531862553,-312.4712531862553,-312.4712531862553,-381.88136583442207,-381.88136583442207,-381.88136583442207,0.0,0.0,0.0,0.0,0.0,0.0,477.0975232843578
2021-11-27,859.0280976416062,444.92190265123446,935.0928088643209,859.0280976416062,859.0280976416062,0.0,0.0,0.0,0.0,0.0,0.0,0.0,0.0,0.0,0.0,0.0,0.0,0.0,0.0,0.0,0.0,0.0,0.0,0.0,0.0,0.0,0.0,0.0,0.0,0.0,0.0,0.0,0.0,0.0,0.0,139.09579758925398,139.09579758925398,139.09579758925398,0.0,0.0,0.0,-311.3545218440904,-311.3545218440904,-311.3545218440904,-172.2587242548364,-172.2587242548364,-172.2587242548364,0.0,0.0,0.0,0.0,0.0,0.0,686.7693733867698
2021-11-28,859.0773061644325,754.6420627280199,1231.1110275781077,859.0773061644325,859.0773061644325,0.0,0.0,0.0,0.0,0.0,0.0,0.0,0.0,0.0,0.0,0.0,0.0,0.0,0.0,0.0,0.0,0.0,0.0,0.0,0.0,0.0,0.0,0.0,0.0,0.0,0.0,0.0,0.0,0.0,0.0,452.57243441263546,452.57243441263546,452.57243441263546,0.0,0.0,0.0,-309.49179986101984,-309.49179986101984,-309.49179986101984,143.08063455161562,143.08063455161562,143.08063455161562,0.0,0.0,0.0,0.0,0.0,0.0,1002.1579407160481
2021-11-29,859.1265146872588,230.89565238619605,691.5951380733045,859.1265146872588,859.1265146872588,0.0,0.0,0.0,0.0,0.0,0.0,0.0,0.0,0.0,0.0,0.0,0.0,0.0,0.0,0.0,0.0,0.0,0.0,0.0,0.0,0.0,0.0,0.0,0.0,0.0,0.0,0.0,0.0,0.0,0.0,-100.45487011216414,-100.45487011216414,-100.45487011216414,0.0,0.0,0.0,-306.95299307034963,-306.95299307034963,-306.95299307034963,-407.40786318251384,-407.40786318251384,-407.40786318251384,0.0,0.0,0.0,0.0,0.0,0.0,451.71865150474497
2021-11-30,859.1757232100852,166.050561315629,645.0309940239863,859.1757232100852,859.1757232100852,0.0,0.0,0.0,0.0,0.0,0.0,0.0,0.0,0.0,0.0,0.0,0.0,0.0,0.0,0.0,0.0,0.0,0.0,0.0,0.0,0.0,0.0,0.0,0.0,0.0,0.0,0.0,0.0,0.0,0.0,-140.28136136933333,-140.28136136933333,-140.28136136933333,0.0,0.0,0.0,-303.79183502472966,-303.79183502472966,-303.79183502472966,-444.07319639406296,-444.07319639406296,-444.07319639406296,0.0,0.0,0.0,0.0,0.0,0.0,415.1025268160222
2021-12-01,859.2249317329116,171.74065456592373,642.92298402721,859.2249317329116,859.2249317329116,0.0,0.0,0.0,0.0,0.0,0.0,0.0,0.0,0.0,0.0,0.0,0.0,0.0,0.0,0.0,0.0,0.0,0.0,0.0,0.0,0.0,0.0,0.0,0.0,0.0,0.0,0.0,0.0,0.0,0.0,-142.75817305419937,-142.75817305419937,-142.75817305419937,0.0,0.0,0.0,-300.04577891916114,-300.04577891916114,-300.04577891916114,-442.8039519733604,-442.8039519733604,-442.8039519733604,0.0,0.0,0.0,0.0,0.0,0.0,416.4209797595512
2021-12-02,859.274140255738,182.93760160131293,641.185840070458,859.274140255738,859.274140255738,0.0,0.0,0.0,0.0,0.0,0.0,0.0,0.0,0.0,0.0,0.0,0.0,0.0,0.0,0.0,0.0,0.0,0.0,0.0,0.0,0.0,0.0,0.0,0.0,0.0,0.0,0.0,0.0,0.0,0.0,-138.7637148197031,-138.7637148197031,-138.7637148197031,0.0,0.0,0.0,-295.7370019544273,-295.7370019544273,-295.7370019544273,-434.50071677413035,-434.50071677413035,-434.50071677413035,0.0,0.0,0.0,0.0,0.0,0.0,424.7734234816076
2021-12-03,859.3233487785643,261.7524814747571,727.1255357083229,859.3233487785643,859.3233487785643,0.0,0.0,0.0,0.0,0.0,0.0,0.0,0.0,0.0,0.0,0.0,0.0,0.0,0.0,0.0,0.0,0.0,0.0,0.0,0.0,0.0,0.0,0.0,0.0,0.0,0.0,0.0,0.0,0.0,0.0,-69.4101126481284,-69.4101126481284,-69.4101126481284,0.0,0.0,0.0,-290.8744294957105,-290.8744294957105,-290.8744294957105,-360.2845421438389,-360.2845421438389,-360.2845421438389,0.0,0.0,0.0,0.0,0.0,0.0,499.0388066347254
2021-12-04,859.3725573013908,501.2989298161183,960.7052925104266,859.3725573013908,859.3725573013908,0.0,0.0,0.0,0.0,0.0,0.0,0.0,0.0,0.0,0.0,0.0,0.0,0.0,0.0,0.0,0.0,0.0,0.0,0.0,0.0,0.0,0.0,0.0,0.0,0.0,0.0,0.0,0.0,0.0,0.0,139.0957975898418,139.0957975898418,139.0957975898418,0.0,0.0,0.0,-285.45664315553745,-285.45664315553745,-285.45664315553745,-146.36084556569563,-146.36084556569563,-146.36084556569563,0.0,0.0,0.0,0.0,0.0,0.0,713.0117117356951
2021-12-05,859.4217658242171,804.5539939255149,1282.7096820031995,859.4217658242171,859.4217658242171,0.0,0.0,0.0,0.0,0.0,0.0,0.0,0.0,0.0,0.0,0.0,0.0,0.0,0.0,0.0,0.0,0.0,0.0,0.0,0.0,0.0,0.0,0.0,0.0,0.0,0.0,0.0,0.0,0.0,0.0,452.5724344127248,452.5724344127248,452.5724344127248,0.0,0.0,0.0,-279.47550021055133,-279.47550021055133,-279.47550021055133,173.09693420217346,173.09693420217346,173.09693420217346,0.0,0.0,0.0,0.0,0.0,0.0,1032.5187000263907
2021-12-06,859.4709743470435,259.9250378077461,732.4830218878974,859.4709743470435,859.4709743470435,0.0,0.0,0.0,0.0,0.0,0.0,0.0,0.0,0.0,0.0,0.0,0.0,0.0,0.0,0.0,0.0,0.0,0.0,0.0,0.0,0.0,0.0,0.0,0.0,0.0,0.0,0.0,0.0,0.0,0.0,-100.45487011286592,-100.45487011286592,-100.45487011286592,0.0,0.0,0.0,-272.9202628984114,-272.9202628984114,-272.9202628984114,-373.3751330112774,-373.3751330112774,-373.3751330112774,0.0,0.0,0.0,0.0,0.0,0.0,486.09584133576607
2021-12-07,859.5201828698699,223.47344418834558,687.4972184039292,859.5201828698699,859.5201828698699,0.0,0.0,0.0,0.0,0.0,0.0,0.0,0.0,0.0,0.0,0.0,0.0,0.0,0.0,0.0,0.0,0.0,0.0,0.0,0.0,0.0,0.0,0.0,0.0,0.0,0.0,0.0,0.0,0.0,0.0,-140.28136136829576,-140.28136136829576,-140.28136136829576,0.0,0.0,0.0,-265.7820161925794,-265.7820161925794,-265.7820161925794,-406.0633775608751,-406.0633775608751,-406.0633775608751,0.0,0.0,0.0,0.0,0.0,0.0,453.45680530899483
2021-12-08,859.5693913926963,220.92335506600926,696.2464616081053,859.5693913926963,859.5693913926963,0.0,0.0,0.0,0.0,0.0,0.0,0.0,0.0,0.0,0.0,0.0,0.0,0.0,0.0,0.0,0.0,0.0,0.0,0.0,0.0,0.0,0.0,0.0,0.0,0.0,0.0,0.0,0.0,0.0,0.0,-142.75817305454623,-142.75817305454623,-142.75817305454623,0.0,0.0,0.0,-258.058142291113,-258.058142291113,-258.058142291113,-400.8163153456593,-400.8163153456593,-400.8163153456593,0.0,0.0,0.0,0.0,0.0,0.0,458.753076047037
2021-12-09,859.6185999155226,241.12948469849485,709.1889131012817,859.6185999155226,859.6185999155226,0.0,0.0,0.0,0.0,0.0,0.0,0.0,0.0,0.0,0.0,0.0,0.0,0.0,0.0,0.0,0.0,0.0,0.0,0.0,0.0,0.0,0.0,0.0,0.0,0.0,0.0,0.0,0.0,0.0,0.0,-138.7637148207937,-138.7637148207937,-138.7637148207937,0.0,0.0,0.0,-249.7566195864021,-249.7566195864021,-249.7566195864021,-388.5203344071958,-388.5203344071958,-388.5203344071958,0.0,0.0,0.0,0.0,0.0,0.0,471.09826550832685
2021-12-10,859.6678084383491,317.0529849221846,791.7106759040712,859.6678084383491,859.6678084383491,0.0,0.0,0.0,0.0,0.0,0.0,0.0,0.0,0.0,0.0,0.0,0.0,0.0,0.0,0.0,0.0,0.0,0.0,0.0,0.0,0.0,0.0,0.0,0.0,0.0,0.0,0.0,0.0,0.0,0.0,-69.41011264749217,-69.41011264749217,-69.41011264749217,0.0,0.0,0.0,-240.89992320572102,-240.89992320572102,-240.89992320572102,-310.31003585321315,-310.31003585321315,-310.31003585321315,0.0,0.0,0.0,0.0,0.0,0.0,549.357772585136
2021-12-11,859.7170169611754,531.7953524188637,993.5613376860429,859.7170169611754,859.7170169611754,0.0,0.0,0.0,0.0,0.0,0.0,0.0,0.0,0.0,0.0,0.0,0.0,0.0,0.0,0.0,0.0,0.0,0.0,0.0,0.0,0.0,0.0,0.0,0.0,0.0,0.0,0.0,0.0,0.0,0.0,139.0957975898694,139.0957975898694,139.0957975898694,0.0,0.0,0.0,-231.52832284668767,-231.52832284668767,-231.52832284668767,-92.43252525681828,-92.43252525681828,-92.43252525681828,0.0,0.0,0.0,0.0,0.0,0.0,767.2844917043572
2021-12-12,859.7662254840018,852.9066388878879,1341.313030611428,859.7662254840018,859.7662254840018,0.0,0.0,0.0,0.0,0.0,0.0,0.0,0.0,0.0,0.0,0.0,0.0,0.0,0.0,0.0,0.0,0.0,0.0,0.0,0.0,0.0,0.0,0.0,0.0,0.0,0.0,0.0,0.0,0.0,0.0,452.57243441282037,452.57243441282037,452.57243441282037,0.0,0.0,0.0,-221.70240074150004,-221.70240074150004,-221.70240074150004,230.87003367132027,230.87003367132027,230.87003367132027,0.0,0.0,0.0,0.0,0.0,0.0,1090.636259155322
2021-12-13,859.815434006828,314.7460202776944,777.124777143182,859.815434006828,859.815434006828,0.0,0.0,0.0,0.0,0.0,0.0,0.0,0.0,0.0,0.0,0.0,0.0,0.0,0.0,0.0,0.0,0.0,0.0,0.0,0.0,0.0,0.0,0.0,0.0,0.0,0.0,0.0,0.0,0.0,0.0,-100.45487011189846,-100.45487011189846,-100.45487011189846,0.0,0.0,0.0,-211.50464699282554,-211.50464699282554,-211.50464699282554,-311.959517104724,-311.959517104724,-311.959517104724,0.0,0.0,0.0,0.0,0.0,0.0,547.855916902104
2021-12-14,859.8647618589256,294.314719588364,755.949374031953,859.8647618589256,859.8647618589256,0.0,0.0,0.0,0.0,0.0,0.0,0.0,0.0,0.0,0.0,0.0,0.0,0.0,0.0,0.0,0.0,0.0,0.0,0.0,0.0,0.0,0.0,0.0,0.0,0.0,0.0,0.0,0.0,0.0,0.0,-140.2813613686292,-140.2813613686292,-140.2813613686292,0.0,0.0,0.0,-201.04002978801358,-201.04002978801358,-201.04002978801358,-341.32139115664285,-341.32139115664285,-341.32139115664285,0.0,0.0,0.0,0.0,0.0,0.0,518.5433707022828
2021-12-15,859.9140897110229,292.5644919281117,756.3391555645621,859.9140897110229,859.9140897110229,0.0,0.0,0.0,0.0,0.0,0.0,0.0,0.0,0.0,0.0,0.0,0.0,0.0,0.0,0.0,0.0,0.0,0.0,0.0,0.0,0.0,0.0,0.0,0.0,0.0,0.0,0.0,0.0,0.0,0.0,-142.7581730540664,-142.7581730540664,-142.7581730540664,0.0,0.0,0.0,-190.4354824522757,-190.4354824522757,-190.4354824522757,-333.19365550634205,-333.19365550634205,-333.19365550634205,0.0,0.0,0.0,0.0,0.0,0.0,526.7204342046809
2021-12-16,859.9634175631204,317.07116369823297,761.8863485697376,859.9634175631204,859.9634175631204,0.0,0.0,0.0,0.0,0.0,0.0,0.0,0.0,0.0,0.0,0.0,0.0,0.0,0.0,0.0,0.0,0.0,0.0,0.0,0.0,0.0,0.0,0.0,0.0,0.0,0.0,0.0,0.0,0.0,0.0,-138.76371482014923,-138.76371482014923,-138.76371482014923,0.0,0.0,0.0,-179.8382961174564,-179.8382961174564,-179.8382961174564,-318.6020109376057,-318.6020109376057,-318.6020109376057,0.0,0.0,0.0,0.0,0.0,0.0,541.3614066255147
2021-12-17,860.0127454152178,368.51816992243084,850.1576288383651,860.0127454152178,860.0127454152178,0.0,0.0,0.0,0.0,0.0,0.0,0.0,0.0,0.0,0.0,0.0,0.0,0.0,0.0,0.0,0.0,0.0,0.0,0.0,0.0,0.0,0.0,0.0,0.0,0.0,0.0,0.0,0.0,0.0,0.0,-69.41011264741509,-69.41011264741509,-69.41011264741509,0.0,0.0,0.0,-169.41345406321923,-169.41345406321923,-169.41345406321923,-238.8235667106344,-238.8235667106344,-238.8235667106344,0.0,0.0,0.0,0.0,0.0,0.0,621.1891787045834
2021-12-18,860.0620732673152,609.0916474346635,1076.193006355361,860.0620732673152,860.0620732673152,0.0,0.0,0.0,0.0,0.0,0.0,0.0,0.0,0.0,0.0,0.0,0.0,0.0,0.0,0.0,0.0,0.0,0.0,0.0,0.0,0.0,0.0,0.0,0.0,0.0,0.0,0.0,0.0,0.0,0.0,139.09579758943784,139.09579758943784,139.09579758943784,0.0,0.0,0.0,-159.33998961622427,-159.33998961622427,-159.33998961622427,-20.244192026786365,-20.244192026786365,-20.244192026786365,0.0,0.0,0.0,0.0,0.0,0.0,839.8178812405289
2021-12-19,860.1114011194126,928.6263548896038,1401.5357302375603,860.1114011194126,860.1114011194126,0.0,0.0,0.0,0.0,0.0,0.0,0.0,0.0,0.0,0.0,0.0,0.0,0.0,0.0,0.0,0.0,0.0,0.0,0.0,0.0,0.0,0.0,0.0,0.0,0.0,0.0,0.0,0.0,0.0,0.0,452.5724344129096,452.5724344129096,452.5724344129096,0.0,0.0,0.0,-149.8064920299958,-149.8064920299958,-149.8064920299958,302.76594238291386,302.76594238291386,302.76594238291386,0.0,0.0,0.0,0.0,0.0,0.0,1162.8773435023263
2021-12-20,860.16072897151,395.3058452168943,843.8024555392295,860.16072897151,860.16072897151,0.0,0.0,0.0,0.0,0.0,0.0,0.0,0.0,0.0,0.0,0.0,0.0,0.0,0.0,0.0,0.0,0.0,0.0,0.0,0.0,0.0,0.0,0.0,0.0,0.0,0.0,0.0,0.0,0.0,0.0,-100.45487011238302,-100.45487011238302,-100.45487011238302,0.0,0.0,0.0,-141.00592230088697,-141.00592230088697,-141.00592230088697,-241.46079241327004,-241.46079241327004,-241.46079241327004,0.0,0.0,0.0,0.0,0.0,0.0,618.69993655824
2021-12-21,860.2100568236076,360.202311556774,828.7849481122504,860.2100568236076,860.2100568236076,0.0,0.0,0.0,0.0,0.0,0.0,0.0,0.0,0.0,0.0,0.0,0.0,0.0,0.0,0.0,0.0,0.0,0.0,0.0,0.0,0.0,0.0,0.0,0.0,0.0,0.0,0.0,0.0,0.0,0.0,-140.28136136867653,-140.28136136867653,-140.28136136867653,0.0,0.0,0.0,-133.12993190710685,-133.12993190710685,-133.12993190710685,-273.4112932757834,-273.4112932757834,-273.4112932757834,0.0,0.0,0.0,0.0,0.0,0.0,586.7987635478241
2021-12-22,860.259384675705,357.6392604933258,833.59423811632,860.259384675705,860.259384675705,0.0,0.0,0.0,0.0,0.0,0.0,0.0,0.0,0.0,0.0,0.0,0.0,0.0,0.0,0.0,0.0,0.0,0.0,0.0,0.0,0.0,0.0,0.0,0.0,0.0,0.0,0.0,0.0,0.0,0.0,-142.7581730540711,-142.7581730540711,-142.7581730540711,0.0,0.0,0.0,-126.36290074278851,-126.36290074278851,-126.36290074278851,-269.1210737968596,-269.1210737968596,-269.1210737968596,0.0,0.0,0.0,0.0,0.0,0.0,591.1383108788453
2021-12-23,860.3087125278024,359.6860532205385,832.512976150598,860.3087125278024,860.3087125278024,0.0,0.0,0.0,0.0,0.0,0.0,0.0,0.0,0.0,0.0,0.0,0.0,0.0,0.0,0.0,0.0,0.0,0.0,0.0,0.0,0.0,0.0,0.0,0.0,0.0,0.0,0.0,0.0,0.0,0.0,-138.76371482023146,-138.76371482023146,-138.76371482023146,0.0,0.0,0.0,-120.87592512523646,-120.87592512523646,-120.87592512523646,-259.63963994546793,-259.63963994546793,-259.63963994546793,0.0,0.0,0.0,0.0,0.0,0.0,600.6690725823345
2021-12-24,860.3580403798998,1590.441676752305,2064.9348539652,860.3580403798998,860.3580403798998,0.0,0.0,0.0,0.0,0.0,0.0,0.0,0.0,0.0,0.0,0.0,0.0,1160.4547973,1160.4547973,1160.4547973,0.0,0.0,0.0,0.0,0.0,0.0,0.0,0.0,0.0,0.0,0.0,0.0,0.0,0.0,0.0,-69.41011264741515,-69.41011264741515,-69.41011264741515,0.0,0.0,0.0,-116.8209920928356,-116.8209920928356,-116.8209920928356,974.2236925597493,974.2236925597493,974.2236925597493,1160.4547973,1160.4547973,1160.4547973,0.0,0.0,0.0,1834.581732939649
2021-12-25,860.4073682319972,751.0265036253664,1223.516998930845,860.4073682319972,860.4073682319972,0.0,0.0,0.0,0.0,0.0,0.0,0.0,0.0,0.0,0.0,0.0,0.0,113.12693367000001,113.12693367000001,113.12693367000001,0.0,0.0,0.0,0.0,0.0,0.0,0.0,0.0,0.0,0.0,0.0,0.0,0.0,0.0,0.0,139.09579758921305,139.09579758921305,139.09579758921305,0.0,0.0,0.0,-114.32557205807505,-114.32557205807505,-114.32557205807505,137.897159201138,137.897159201138,137.897159201138,113.12693367000001,113.12693367000001,113.12693367000001,0.0,0.0,0.0,998.3045274331353
2021-12-26,860.4566960840946,954.7626145296875,1437.3260579289476,860.4566960840946,860.4566960840946,0.0,0.0,0.0,0.0,0.0,0.0,0.0,0.0,0.0,0.0,0.0,0.0,0.0,0.0,0.0,0.0,0.0,0.0,0.0,0.0,0.0,0.0,0.0,0.0,0.0,0.0,0.0,0.0,0.0,0.0,452.57243441263836,452.57243441263836,452.57243441263836,0.0,0.0,0.0,-113.4878483884938,-113.4878483884938,-113.4878483884938,339.0845860241445,339.0845860241445,339.0845860241445,0.0,0.0,0.0,0.0,0.0,0.0,1199.541282108239
2021-12-27,860.5060239361919,379.9093556689719,872.8217109410518,860.5060239361919,860.5060239361919,0.0,0.0,0.0,0.0,0.0,0.0,0.0,0.0,0.0,0.0,0.0,0.0,0.0,0.0,0.0,0.0,0.0,0.0,0.0,0.0,0.0,0.0,0.0,0.0,0.0,0.0,0.0,0.0,0.0,0.0,-100.45487011225018,-100.45487011225018,-100.45487011225018,0.0,0.0,0.0,-114.37278017118783,-114.37278017118783,-114.37278017118783,-214.82765028343798,-214.82765028343798,-214.82765028343798,0.0,0.0,0.0,0.0,0.0,0.0,645.678373652754
2021-12-28,860.5553517882895,377.01313605505544,831.3255938213872,860.5553517882895,860.5553517882895,0.0,0.0,0.0,0.0,0.0,0.0,0.0,0.0,0.0,0.0,0.0,0.0,0.0,0.0,0.0,0.0,0.0,0.0,0.0,0.0,0.0,0.0,0.0,0.0,0.0,0.0,0.0,0.0,0.0,0.0,-140.2813613676389,-140.2813613676389,-140.2813613676389,0.0,0.0,0.0,-117.00916414057649,-117.00916414057649,-117.00916414057649,-257.2905255082153,-257.2905255082153,-257.2905255082153,0.0,0.0,0.0,0.0,0.0,0.0,603.2648262800742
2021-12-29,860.604679640387,357.52189011925634,832.1772442687818,860.604679640387,860.604679640387,0.0,0.0,0.0,0.0,0.0,0.0,0.0,0.0,0.0,0.0,0.0,0.0,0.0,0.0,0.0,0.0,0.0,0.0,0.0,0.0,0.0,0.0,0.0,0.0,0.0,0.0,0.0,0.0,0.0,0.0,-142.75817305359118,-142.75817305359118,-142.75817305359118,0.0,0.0,0.0,-121.38782469120243,-121.38782469120243,-121.38782469120243,-264.14599774479365,-264.14599774479365,-264.14599774479365,0.0,0.0,0.0,0.0,0.0,0.0,596.4586818955934
2021-12-30,860.6540074924843,356.6381347808735,823.2560006260437,860.6540074924843,860.6540074924843,0.0,0.0,0.0,0.0,0.0,0.0,0.0,0.0,0.0,0.0,0.0,0.0,0.0,0.0,0.0,0.0,0.0,0.0,0.0,0.0,0.0,0.0,0.0,0.0,0.0,0.0,0.0,0.0,0.0,0.0,-138.76371481958697,-138.76371481958697,-138.76371481958697,0.0,0.0,0.0,-127.46101849660528,-127.46101849660528,-127.46101849660528,-266.2247333161923,-266.2247333161923,-266.2247333161923,0.0,0.0,0.0,0.0,0.0,0.0,594.429274176292
2021-12-31,860.7033353445818,1404.13658241902,1860.9035457215705,860.7033353445818,860.7033353445818,0.0,0.0,0.0,0.0,0.0,0.0,0.0,0.0,0.0,0.0,0.0,0.0,0.0,0.0,0.0,0.0,0.0,0.0,0.0,0.0,0.0,0.0,0.0,0.0,974.4014660999999,974.4014660999999,974.4014660999999,0.0,0.0,0.0,-69.41011264677891,-69.41011264677891,-69.41011264677891,0.0,0.0,0.0,-135.1430941708447,-135.1430941708447,-135.1430941708447,769.8482592823763,769.8482592823763,769.8482592823763,974.4014660999999,974.4014660999999,974.4014660999999,0.0,0.0,0.0,1630.551594626958
2022-01-01,860.7526631966791,1756.1382130478662,2218.611347769235,860.7526631966791,860.7526631966791,0.0,0.0,0.0,0.0,0.0,0.0,0.0,0.0,0.0,0.0,0.0,0.0,0.0,0.0,0.0,0.0,0.0,0.0,0.0,0.0,0.0,0.0,0.0,0.0,1138.6214236,1138.6214236,1138.6214236,0.0,0.0,0.0,139.0957975895941,139.0957975895941,139.0957975895941,0.0,0.0,0.0,-144.31239943694536,-144.31239943694536,-144.31239943694536,1133.4048217526488,1133.4048217526488,1133.4048217526488,1138.6214236,1138.6214236,1138.6214236,0.0,0.0,0.0,1994.157484949328
2022-01-02,860.8019910487766,912.5558347141543,1400.3354601603776,860.8019910487766,860.8019910487766,0.0,0.0,0.0,0.0,0.0,0.0,0.0,0.0,0.0,0.0,0.0,0.0,0.0,0.0,0.0,0.0,0.0,0.0,0.0,0.0,0.0,0.0,0.0,0.0,0.0,0.0,0.0,0.0,0.0,0.0,452.57243441278206,452.57243441278206,452.57243441278206,0.0,0.0,0.0,-154.81438028643234,-154.81438028643234,-154.81438028643234,297.75805412634975,297.75805412634975,297.75805412634975,0.0,0.0,0.0,0.0,0.0,0.0,1158.5600451751263
2022-01-03,860.8514275746569,353.43965427813174,850.1289933918476,860.8514275746569,860.8514275746569,0.0,0.0,0.0,0.0,0.0,0.0,0.0,0.0,0.0,0.0,0.0,0.0,0.0,0.0,0.0,0.0,0.0,0.0,0.0,0.0,0.0,0.0,0.0,0.0,0.0,0.0,0.0,0.0,0.0,0.0,-100.45487011184454,-100.45487011184454,-100.45487011184454,0.0,0.0,0.0,-166.46577050703587,-166.46577050703587,-166.46577050703587,-266.9206406188805,-266.9206406188805,-266.9206406188805,0.0,0.0,0.0,0.0,0.0,0.0,593.9307869557764
2022-01-04,860.9008641005372,302.0664456703518,768.6573491559768,860.9008641005372,860.9008641005372,0.0,0.0,0.0,0.0,0.0,0.0,0.0,0.0,0.0,0.0,0.0,0.0,0.0,0.0,0.0,0.0,0.0,0.0,0.0,0.0,0.0,0.0,0.0,0.0,0.0,0.0,0.0,0.0,0.0,0.0,-140.2813613682226,-140.2813613682226,-140.2813613682226,0.0,0.0,0.0,-179.05972753636573,-179.05972753636573,-179.05972753636573,-319.34108890458833,-319.34108890458833,-319.34108890458833,0.0,0.0,0.0,0.0,0.0,0.0,541.5597751959489
2022-01-05,860.9503006264175,287.8032720399239,760.9501496827768,860.9503006264175,860.9503006264175,0.0,0.0,0.0,0.0,0.0,0.0,0.0,0.0,0.0,0.0,0.0,0.0,0.0,0.0,0.0,0.0,0.0,0.0,0.0,0.0,0.0,0.0,0.0,0.0,0.0,0.0,0.0,0.0,0.0,0.0,-142.7581730544227,-142.7581730544227,-142.7581730544227,0.0,0.0,0.0,-192.3717335390375,-192.3717335390375,-192.3717335390375,-335.12990659346025,-335.12990659346025,-335.12990659346025,0.0,0.0,0.0,0.0,0.0,0.0,525.8203940329572
2022-01-06,860.9997371522977,297.05263089723235,749.5072241253944,860.9997371522977,860.9997371522977,0.0,0.0,0.0,0.0,0.0,0.0,0.0,0.0,0.0,0.0,0.0,0.0,0.0,0.0,0.0,0.0,0.0,0.0,0.0,0.0,0.0,0.0,0.0,0.0,0.0,0.0,0.0,0.0,0.0,0.0,-138.76371482031112,-138.76371482031112,-138.76371482031112,0.0,0.0,0.0,-206.1660503827574,-206.1660503827574,-206.1660503827574,-344.9297652030685,-344.9297652030685,-344.9297652030685,0.0,0.0,0.0,0.0,0.0,0.0,516.0699719492293
2022-01-07,861.0491736781781,340.0716697869517,799.7392886977769,861.0491736781781,861.0491736781781,0.0,0.0,0.0,0.0,0.0,0.0,0.0,0.0,0.0,0.0,0.0,0.0,0.0,0.0,0.0,0.0,0.0,0.0,0.0,0.0,0.0,0.0,0.0,0.0,0.0,0.0,0.0,0.0,0.0,0.0,-69.41011264674046,-69.41011264674046,-69.41011264674046,0.0,0.0,0.0,-220.20249500617658,-220.20249500617658,-220.20249500617658,-289.612607652917,-289.612607652917,-289.612607652917,0.0,0.0,0.0,0.0,0.0,0.0,571.4365660252611
2022-01-08,861.0986102040583,528.2459972692031,1000.869237683465,861.0986102040583,861.0986102040583,0.0,0.0,0.0,0.0,0.0,0.0,0.0,0.0,0.0,0.0,0.0,0.0,0.0,0.0,0.0,0.0,0.0,0.0,0.0,0.0,0.0,0.0,0.0,0.0,0.0,0.0,0.0,0.0,0.0,0.0,139.09579758982846,139.09579758982846,139.09579758982846,0.0,0.0,0.0,-234.24328844135988,-234.24328844135988,-234.24328844135988,-95.1474908515314,-95.1474908515314,-95.1474908515314,0.0,0.0,0.0,0.0,0.0,0.0,765.9511193525269
2022-01-09,861.1480467299388,842.4694078538416,1309.4412977573259,861.1480467299388,861.1480467299388,0.0,0.0,0.0,0.0,0.0,0.0,0.0,0.0,0.0,0.0,0.0,0.0,0.0,0.0,0.0,0.0,0.0,0.0,0.0,0.0,0.0,0.0,0.0,0.0,0.0,0.0,0.0,0.0,0.0,0.0,452.5724344129259,452.5724344129259,452.5724344129259,0.0,0.0,0.0,-248.05972802664874,-248.05972802664874,-248.05972802664874,204.5127063862772,204.5127063862772,204.5127063862772,0.0,0.0,0.0,0.0,0.0,0.0,1065.660753116216
2022-01-10,861.197483255819,269.67502468959674,729.5305241569492,861.197483255819,861.197483255819,0.0,0.0,0.0,0.0,0.0,0.0,0.0,0.0,0.0,0.0,0.0,0.0,0.0,0.0,0.0,0.0,0.0,0.0,0.0,0.0,0.0,0.0,0.0,0.0,0.0,0.0,0.0,0.0,0.0,0.0,-100.4548701117117,-100.4548701117117,-100.4548701117117,0.0,0.0,0.0,-261.4384383235299,-261.4384383235299,-261.4384383235299,-361.8933084352416,-361.8933084352416,-361.8933084352416,0.0,0.0,0.0,0.0,0.0,0.0,499.3041748205774
2022-01-11,861.2469197816994,207.58540065593203,678.3761546017199,861.2469197816994,861.2469197816994,0.0,0.0,0.0,0.0,0.0,0.0,0.0,0.0,0.0,0.0,0.0,0.0,0.0,0.0,0.0,0.0,0.0,0.0,0.0,0.0,0.0,0.0,0.0,0.0,0.0,0.0,0.0,0.0,0.0,0.0,-140.28136136776953,-140.28136136776953,-140.28136136776953,0.0,0.0,0.0,-274.18697174508367,-274.18697174508367,-274.18697174508367,-414.4683331128532,-414.4683331128532,-414.4683331128532,0.0,0.0,0.0,0.0,0.0,0.0,446.7785866688462
2022-01-12,861.2963563075796,217.66089235090354,665.9093753688071,861.2963563075796,861.2963563075796,0.0,0.0,0.0,0.0,0.0,0.0,0.0,0.0,0.0,0.0,0.0,0.0,0.0,0.0,0.0,0.0,0.0,0.0,0.0,0.0,0.0,0.0,0.0,0.0,0.0,0.0,0.0,0.0,0.0,0.0,-142.75817305360056,-142.75817305360056,-142.75817305360056,0.0,0.0,0.0,-286.13855437068077,-286.13855437068077,-286.13855437068077,-428.89672742428127,-428.89672742428127,-428.89672742428127,0.0,0.0,0.0,0.0,0.0,0.0,432.3996288832983
2022-01-13,861.34579283346,192.050113825694,671.5550530650567,861.34579283346,861.34579283346,0.0,0.0,0.0,0.0,0.0,0.0,0.0,0.0,0.0,0.0,0.0,0.0,0.0,0.0,0.0,0.0,0.0,0.0,0.0,0.0,0.0,0.0,0.0,0.0,0.0,0.0,0.0,0.0,0.0,0.0,-138.76371482003307,-138.76371482003307,-138.76371482003307,0.0,0.0,0.0,-297.1558049526713,-297.1558049526713,-297.1558049526713,-435.9195197727044,-435.9195197727044,-435.9195197727044,0.0,0.0,0.0,0.0,0.0,0.0,425.4262730607556
2022-01-14,861.3952293593402,241.0760417119595,721.3190747325172,861.3952293593402,861.3952293593402,0.0,0.0,0.0,0.0,0.0,0.0,0.0,0.0,0.0,0.0,0.0,0.0,0.0,0.0,0.0,0.0,0.0,0.0,0.0,0.0,0.0,0.0,0.0,0.0,0.0,0.0,0.0,0.0,0.0,0.0,-69.41011264760682,-69.41011264760682,-69.41011264760682,0.0,0.0,0.0,-307.13329451385755,-307.13329451385755,-307.13329451385755,-376.54340716146436,-376.54340716146436,-376.54340716146436,0.0,0.0,0.0,0.0,0.0,0.0,484.85182219787583
2022-01-15,861.4446658852206,463.0454794779755,899.2942183698889,861.4446658852206,861.4446658852206,0.0,0.0,0.0,0.0,0.0,0.0,0.0,0.0,0.0,0.0,0.0,0.0,0.0,0.0,0.0,0.0,0.0,0.0,0.0,0.0,0.0,0.0,0.0,0.0,0.0,0.0,0.0,0.0,0.0,0.0,139.09579758939688,139.09579758939688,139.09579758939688,0.0,0.0,0.0,-315.99885868362946,-315.99885868362946,-315.99885868362946,-176.9030610942326,-176.9030610942326,-176.9030610942326,0.0,0.0,0.0,0.0,0.0,0.0,684.541604790988
2022-01-16,861.4941024111008,772.0646255114015,1219.985438234567,861.4941024111008,861.4941024111008,0.0,0.0,0.0,0.0,0.0,0.0,0.0,0.0,0.0,0.0,0.0,0.0,0.0,0.0,0.0,0.0,0.0,0.0,0.0,0.0,0.0,0.0,0.0,0.0,0.0,0.0,0.0,0.0,0.0,0.0,452.5724344130151,452.5724344130151,452.5724344130151,0.0,0.0,0.0,-323.7136233443586,-323.7136233443586,-323.7136233443586,128.8588110686566,128.8588110686566,128.8588110686566,0.0,0.0,0.0,0.0,0.0,0.0,990.3529134797574
2022-01-17,861.5435389369812,199.4653671521815,653.1653239644289,861.5435389369812,861.5435389369812,0.0,0.0,0.0,0.0,0.0,0.0,0.0,0.0,0.0,0.0,0.0,0.0,0.0,0.0,0.0,0.0,0.0,0.0,0.0,0.0,0.0,0.0,0.0,0.0,0.0,0.0,0.0,0.0,0.0,0.0,-100.45487011230486,-100.45487011230486,-100.45487011230486,0.0,0.0,0.0,-330.27075438581454,-330.27075438581454,-330.27075438581454,-430.7256244981193,-430.7256244981193,-430.7256244981193,0.0,0.0,0.0,0.0,0.0,0.0,430.8179144388619
2022-01-18,861.5929754628614,146.01448717231142,625.3698900954735,861.5929754628614,861.5929754628614,0.0,0.0,0.0,0.0,0.0,0.0,0.0,0.0,0.0,0.0,0.0,0.0,0.0,0.0,0.0,0.0,0.0,0.0,0.0,0.0,0.0,0.0,0.0,0.0,0.0,0.0,0.0,0.0,0.0,0.0,-140.28136136810306,-140.28136136810306,-140.28136136810306,0.0,0.0,0.0,-335.6929924718241,-335.6929924718241,-335.6929924718241,-475.9743538399273,-475.9743538399273,-475.9743538399273,0.0,0.0,0.0,0.0,0.0,0.0,385.61862162293414
2022-01-19,861.6424119887417,132.80226414471142,620.2781736965413,861.6424119887417,861.6424119887417,0.0,0.0,0.0,0.0,0.0,0.0,0.0,0.0,0.0,0.0,0.0,0.0,0.0,0.0,0.0,0.0,0.0,0.0,0.0,0.0,0.0,0.0,0.0,0.0,0.0,0.0,0.0,0.0,0.0,0.0,-142.75817305428097,-142.75817305428097,-142.75817305428097,0.0,0.0,0.0,-340.0290817617205,-340.0290817617205,-340.0290817617205,-482.78725481600145,-482.78725481600145,-482.78725481600145,0.0,0.0,0.0,0.0,0.0,0.0,378.8551571727403
2022-01-20,861.691848514622,140.4253587919305,622.8770852809772,861.691848514622,861.691848514622,0.0,0.0,0.0,0.0,0.0,0.0,0.0,0.0,0.0,0.0,0.0,0.0,0.0,0.0,0.0,0.0,0.0,0.0,0.0,0.0,0.0,0.0,0.0,0.0,0.0,0.0,0.0,0.0,0.0,0.0,-138.7637148207572,-138.7637148207572,-138.7637148207572,0.0,0.0,0.0,-343.3492456251431,-343.3492456251431,-343.3492456251431,-482.11296044590046,-482.11296044590046,-482.11296044590046,0.0,0.0,0.0,0.0,0.0,0.0,379.5788880687216
2022-01-21,861.7412850405024,212.22266182620908,682.5946105406002,861.7412850405024,861.7412850405024,0.0,0.0,0.0,0.0,0.0,0.0,0.0,0.0,0.0,0.0,0.0,0.0,0.0,0.0,0.0,0.0,0.0,0.0,0.0,0.0,0.0,0.0,0.0,0.0,0.0,0.0,0.0,0.0,0.0,0.0,-69.4101126475683,-69.4101126475683,-69.4101126475683,0.0,0.0,0.0,-345.73990080403655,-345.73990080403655,-345.73990080403655,-415.1500134516048,-415.1500134516048,-415.1500134516048,0.0,0.0,0.0,0.0,0.0,0.0,446.59127158889754
2022-01-22,861.7907215663826,423.1142014866115,892.0870834215725,861.7907215663826,861.7907215663826,0.0,0.0,0.0,0.0,0.0,0.0,0.0,0.0,0.0,0.0,0.0,0.0,0.0,0.0,0.0,0.0,0.0,0.0,0.0,0.0,0.0,0.0,0.0,0.0,0.0,0.0,0.0,0.0,0.0,0.0,139.0957975901915,139.0957975901915,139.0957975901915,0.0,0.0,0.0,-347.2978326797527,-347.2978326797527,-347.2978326797527,-208.2020350895612,-208.2020350895612,-208.2020350895612,0.0,0.0,0.0,0.0,0.0,0.0,653.5886864768213
2022-01-23,861.8401580922629,732.9966637522098,1204.6685618765157,861.8401580922629,861.8401580922629,0.0,0.0,0.0,0.0,0.0,0.0,0.0,0.0,0.0,0.0,0.0,0.0,0.0,0.0,0.0,0.0,0.0,0.0,0.0,0.0,0.0,0.0,0.0,0.0,0.0,0.0,0.0,0.0,0.0,0.0,452.5724344127984,452.5724344127984,452.5724344127984,0.0,0.0,0.0,-348.1240770263646,-348.1240770263646,-348.1240770263646,104.44835738643373,104.44835738643373,104.44835738643373,0.0,0.0,0.0,0.0,0.0,0.0,966.2885154786966
2022-01-24,861.8905956951843,164.11489753414668,638.5674994293191,861.8905956951843,861.8905956951843,0.0,0.0,0.0,0.0,0.0,0.0,0.0,0.0,0.0,0.0,0.0,0.0,0.0,0.0,0.0,0.0,0.0,0.0,0.0,0.0,0.0,0.0,0.0,0.0,0.0,0.0,0.0,0.0,0.0,0.0,-100.45487011095601,-100.45487011095601,-100.45487011095601,0.0,0.0,0.0,-348.3177669236682,-348.3177669236682,-348.3177669236682,-448.7726370346244,-448.7726370346244,-448.7726370346244,0.0,0.0,0.0,0.0,0.0,0.0,413.1179586605599
2022-01-25,861.9410332981057,129.30703191913616,623.1133674951443,861.9410332981057,861.9410332981057,0.0,0.0,0.0,0.0,0.0,0.0,0.0,0.0,0.0,0.0,0.0,0.0,0.0,0.0,0.0,0.0,0.0,0.0,0.0,0.0,0.0,0.0,0.0,0.0,0.0,0.0,0.0,0.0,0.0,0.0,-140.28136136815039,-140.28136136815039,-140.28136136815039,0.0,0.0,0.0,-347.97020676273405,-347.97020676273405,-347.97020676273405,-488.2515681308843,-488.2515681308843,-488.2515681308843,0.0,0.0,0.0,0.0,0.0,0.0,373.6894651672214
2022-01-26,861.9914709010272,129.8109135912876,621.5538051036384,861.9914709010272,861.9914709010272,0.0,0.0,0.0,0.0,0.0,0.0,0.0,0.0,0.0,0.0,0.0,0.0,0.0,0.0,0.0,0.0,0.0,0.0,0.0,0.0,0.0,0.0,0.0,0.0,0.0,0.0,0.0,0.0,0.0,0.0,-142.75817305428563,-142.75817305428563,-142.75817305428563,0.0,0.0,0.0,-347.15942828766885,-347.15942828766885,-347.15942828766885,-489.91760134195465,-489.91760134195465,-489.91760134195465,0.0,0.0,0.0,0.0,0.0,0.0,372.0738695590726
2022-01-27,862.0419085039487,142.82617123477027,608.1422501448216,862.0419085039487,862.0419085039487,0.0,0.0,0.0,0.0,0.0,0.0,0.0,0.0,0.0,0.0,0.0,0.0,0.0,0.0,0.0,0.0,0.0,0.0,0.0,0.0,0.0,0.0,0.0,0.0,0.0,0.0,0.0,0.0,0.0,0.0,-138.76371481911053,-138.76371481911053,-138.76371481911053,0.0,0.0,0.0,-345.94546653960964,-345.94546653960964,-345.94546653960964,-484.70918135872,-484.70918135872,-484.70918135872,0.0,0.0,0.0,0.0,0.0,0.0,377.33272714522866
2022-01-28,862.09234610687,218.27556021222674,690.3727592951412,862.09234610687,862.09234610687,0.0,0.0,0.0,0.0,0.0,0.0,0.0,0.0,0.0,0.0,0.0,0.0,0.0,0.0,0.0,0.0,0.0,0.0,0.0,0.0,0.0,0.0,0.0,0.0,0.0,0.0,0.0,0.0,0.0,0.0,-69.41011264721168,-69.41011264721168,-69.41011264721168,0.0,0.0,0.0,-344.36656697062523,-344.36656697062523,-344.36656697062523,-413.7766796178368,-413.7766796178368,-413.7766796178368,0.0,0.0,0.0,0.0,0.0,0.0,448.31566648903316
2022-01-29,862.1427837097914,420.77285289550593,887.7529140365007,862.1427837097914,862.1427837097914,0.0,0.0,0.0,0.0,0.0,0.0,0.0,0.0,0.0,0.0,0.0,0.0,0.0,0.0,0.0,0.0,0.0,0.0,0.0,0.0,0.0,0.0,0.0,0.0,0.0,0.0,0.0,0.0,0.0,0.0,139.09579758996676,139.09579758996676,139.09579758996676,0.0,0.0,0.0,-342.4364997811545,-342.4364997811545,-342.4364997811545,-203.34070219118777,-203.34070219118777,-203.34070219118777,0.0,0.0,0.0,0.0,0.0,0.0,658.8020815186036
2022-01-30,862.1932213127129,748.4781659241906,1209.766507444368,862.1932213127129,862.1932213127129,0.0,0.0,0.0,0.0,0.0,0.0,0.0,0.0,0.0,0.0,0.0,0.0,0.0,0.0,0.0,0.0,0.0,0.0,0.0,0.0,0.0,0.0,0.0,0.0,0.0,0.0,0.0,0.0,0.0,0.0,452.57243441283936,452.57243441283936,452.57243441283936,0.0,0.0,0.0,-340.1431149826682,-340.1431149826682,-340.1431149826682,112.42931943017113,112.42931943017113,112.42931943017113,0.0,0.0,0.0,0.0,0.0,0.0,974.6225407428841
2022-01-31,862.2436589156343,197.9338713171614,659.7614175558426,862.2436589156343,862.2436589156343,0.0,0.0,0.0,0.0,0.0,0.0,0.0,0.0,0.0,0.0,0.0,0.0,0.0,0.0,0.0,0.0,0.0,0.0,0.0,0.0,0.0,0.0,0.0,0.0,0.0,0.0,0.0,0.0,0.0,0.0,-100.45487011154917,-100.45487011154917,-100.45487011154917,0.0,0.0,0.0,-337.4482233319859,-337.4482233319859,-337.4482233319859,-437.90309344353506,-437.90309344353506,-437.90309344353506,0.0,0.0,0.0,0.0,0.0,0.0,424.3405654720993
2022-02-01,862.2940965185558,150.98323314590272,629.3495896413008,862.2940965185558,862.2940965185558,0.0,0.0,0.0,0.0,0.0,0.0,0.0,0.0,0.0,0.0,0.0,0.0,0.0,0.0,0.0,0.0,0.0,0.0,0.0,0.0,0.0,0.0,0.0,0.0,0.0,0.0,0.0,0.0,0.0,0.0,-140.2813613692704,-140.2813613692704,-140.2813613692704,0.0,0.0,0.0,-334.2888359185533,-334.2888359185533,-334.2888359185533,-474.57019728782365,-474.57019728782365,-474.57019728782365,0.0,0.0,0.0,0.0,0.0,0.0,387.7238992307321
2022-02-02,862.3445341214771,159.95180313994396,626.7773660957956,862.3445341214771,862.3445341214771,0.0,0.0,0.0,0.0,0.0,0.0,0.0,0.0,0.0,0.0,0.0,0.0,0.0,0.0,0.0,0.0,0.0,0.0,0.0,0.0,0.0,0.0,0.0,0.0,0.0,0.0,0.0,0.0,0.0,0.0,-142.758173054148,-142.758173054148,-142.758173054148,0.0,0.0,0.0,-330.579740764026,-330.579740764026,-330.579740764026,-473.337913818174,-473.337913818174,-473.337913818174,0.0,0.0,0.0,0.0,0.0,0.0,389.00662030330307
2022-02-03,862.3949717243986,157.84585260030266,624.4699395340293,862.3949717243986,862.3949717243986,0.0,0.0,0.0,0.0,0.0,0.0,0.0,0.0,0.0,0.0,0.0,0.0,0.0,0.0,0.0,0.0,0.0,0.0,0.0,0.0,0.0,0.0,0.0,0.0,0.0,0.0,0.0,0.0,0.0,0.0,-138.76371482020116,-138.76371482020116,-138.76371482020116,0.0,0.0,0.0,-326.2173403680014,-326.2173403680014,-326.2173403680014,-464.9810551882025,-464.9810551882025,-464.9810551882025,0.0,0.0,0.0,0.0,0.0,0.0,397.4139165361961
2022-02-04,862.44540932732,232.49963848180874,710.2585424933594,862.44540932732,862.44540932732,0.0,0.0,0.0,0.0,0.0,0.0,0.0,0.0,0.0,0.0,0.0,0.0,0.0,0.0,0.0,0.0,0.0,0.0,0.0,0.0,0.0,0.0,0.0,0.0,0.0,0.0,0.0,0.0,0.0,0.0,-69.41011264831907,-69.41011264831907,-69.41011264831907,0.0,0.0,0.0,-321.084621779171,-321.084621779171,-321.084621779171,-390.4947344274901,-390.4947344274901,-390.4947344274901,0.0,0.0,0.0,0.0,0.0,0.0,471.95067489982995
2022-02-05,862.4958469302414,466.2492417797885,918.7873973001214,862.4958469302414,862.4958469302414,0.0,0.0,0.0,0.0,0.0,0.0,0.0,0.0,0.0,0.0,0.0,0.0,0.0,0.0,0.0,0.0,0.0,0.0,0.0,0.0,0.0,0.0,0.0,0.0,0.0,0.0,0.0,0.0,0.0,0.0,139.09579759034776,139.09579759034776,139.09579759034776,0.0,0.0,0.0,-315.057082512363,-315.057082512363,-315.057082512363,-175.9612849220152,-175.9612849220152,-175.9612849220152,0.0,0.0,0.0,0.0,0.0,0.0,686.5345620082262
2022-02-06,862.546284533163,773.0256077982917,1246.281120129902,862.546284533163,862.546284533163,0.0,0.0,0.0,0.0,0.0,0.0,0.0,0.0,0.0,0.0,0.0,0.0,0.0,0.0,0.0,0.0,0.0,0.0,0.0,0.0,0.0,0.0,0.0,0.0,0.0,0.0,0.0,0.0,0.0,0.0,452.5724344129831,452.5724344129831,452.5724344129831,0.0,0.0,0.0,-308.00939335030426,-308.00939335030426,-308.00939335030426,144.5630410626789,144.5630410626789,144.5630410626789,0.0,0.0,0.0,0.0,0.0,0.0,1007.1093255958419
2022-02-07,862.5967221360844,210.08631632183776,701.0279470196057,862.5967221360844,862.5967221360844,0.0,0.0,0.0,0.0,0.0,0.0,0.0,0.0,0.0,0.0,0.0,0.0,0.0,0.0,0.0,0.0,0.0,0.0,0.0,0.0,0.0,0.0,0.0,0.0,0.0,0.0,0.0,0.0,0.0,0.0,-100.45487011225093,-100.45487011225093,-100.45487011225093,0.0,0.0,0.0,-299.8225444553583,-299.8225444553583,-299.8225444553583,-400.2774145676093,-400.2774145676093,-400.2774145676093,0.0,0.0,0.0,0.0,0.0,0.0,462.3193075684751
2022-02-08,862.6471597390057,189.85264012153036,678.4159707079226,862.6471597390057,862.6471597390057,0.0,0.0,0.0,0.0,0.0,0.0,0.0,0.0,0.0,0.0,0.0,0.0,0.0,0.0,0.0,0.0,0.0,0.0,0.0,0.0,0.0,0.0,0.0,0.0,0.0,0.0,0.0,0.0,0.0,0.0,-140.28136136906755,-140.28136136906755,-140.28136136906755,0.0,0.0,0.0,-290.3911956890275,-290.3911956890275,-290.3911956890275,-430.67255705809515,-430.67255705809515,-430.67255705809515,0.0,0.0,0.0,0.0,0.0,0.0,431.97460268091055
2022-02-09,862.6975973419271,207.9052891081062,668.3722477837547,862.6975973419271,862.6975973419271,0.0,0.0,0.0,0.0,0.0,0.0,0.0,0.0,0.0,0.0,0.0,0.0,0.0,0.0,0.0,0.0,0.0,0.0,0.0,0.0,0.0,0.0,0.0,0.0,0.0,0.0,0.0,0.0,0.0,0.0,-142.75817305449488,-142.75817305449488,-142.75817305449488,0.0,0.0,0.0,-279.6309366855579,-279.6309366855579,-279.6309366855579,-422.38910974005285,-422.38910974005285,-422.38910974005285,0.0,0.0,0.0,0.0,0.0,0.0,440.3084876018743
2022-02-10,862.7480349448487,192.81839048751362,681.9468879405209,862.7480349448487,862.7480349448487,0.0,0.0,0.0,0.0,0.0,0.0,0.0,0.0,0.0,0.0,0.0,0.0,0.0,0.0,0.0,0.0,0.0,0.0,0.0,0.0,0.0,0.0,0.0,0.0,0.0,0.0,0.0,0.0,0.0,0.0,-138.76371482091912,-138.76371482091912,-138.76371482091912,0.0,0.0,0.0,-267.48515778429083,-267.48515778429083,-267.48515778429083,-406.2488726052099,-406.2488726052099,-406.2488726052099,0.0,0.0,0.0,0.0,0.0,0.0,456.49916233963876
2022-02-11,862.7984725477701,295.52644260643905,776.731483574352,862.7984725477701,862.7984725477701,0.0,0.0,0.0,0.0,0.0,0.0,0.0,0.0,0.0,0.0,0.0,0.0,0.0,0.0,0.0,0.0,0.0,0.0,0.0,0.0,0.0,0.0,0.0,0.0,0.0,0.0,0.0,0.0,0.0,0.0,-69.41011264800099,-69.41011264800099,-69.41011264800099,0.0,0.0,0.0,-253.93123971955083,-253.93123971955083,-253.93123971955083,-323.34135236755185,-323.34135236755185,-323.34135236755185,0.0,0.0,0.0,0.0,0.0,0.0,539.4571201802182
2022-02-12,862.8489101506914,513.6899872928916,1003.3122482173234,862.8489101506914,862.8489101506914,0.0,0.0,0.0,0.0,0.0,0.0,0.0,0.0,0.0,0.0,0.0,0.0,0.0,0.0,0.0,0.0,0.0,0.0,0.0,0.0,0.0,0.0,0.0,0.0,0.0,0.0,0.0,0.0,0.0,0.0,139.095797590123,139.095797590123,139.095797590123,0.0,0.0,0.0,-238.98578792082117,-238.98578792082117,-238.98578792082117,-99.88999033069824,-99.88999033069824,-99.88999033069824,0.0,0.0,0.0,0.0,0.0,0.0,762.9589198199932
2022-02-13,862.9478292001169,845.8542573227774,1321.5224899103384,862.9478292001169,862.9478292001169,0.0,0.0,0.0,0.0,0.0,0.0,0.0,0.0,0.0,0.0,0.0,0.0,0.0,0.0,0.0,0.0,0.0,0.0,0.0,0.0,0.0,0.0,0.0,0.0,0.0,0.0,0.0,0.0,0.0,0.0,452.5724344126574,452.5724344126574,452.5724344126574,0.0,0.0,0.0,-222.70866588354073,-222.70866588354073,-222.70866588354073,229.86376852911664,229.86376852911664,229.86376852911664,0.0,0.0,0.0,0.0,0.0,0.0,1092.8115977292334
2022-02-14,863.0467482495421,336.8650380036042,790.8016914313283,863.0467482495421,863.0467482495421,0.0,0.0,0.0,0.0,0.0,0.0,0.0,0.0,0.0,0.0,0.0,0.0,0.0,0.0,0.0,0.0,0.0,0.0,0.0,0.0,0.0,0.0,0.0,0.0,0.0,0.0,0.0,0.0,0.0,0.0,-100.45487011200949,-100.45487011200949,-100.45487011200949,0.0,0.0,0.0,-205.20562044766774,-205.20562044766774,-205.20562044766774,-305.6604905596772,-305.6604905596772,-305.6604905596772,0.0,0.0,0.0,0.0,0.0,0.0,557.3862576898649
2022-02-15,863.1456672989674,294.92816118146123,781.8276688816178,863.1456672989674,863.1456672989674,0.0,0.0,0.0,0.0,0.0,0.0,0.0,0.0,0.0,0.0,0.0,0.0,0.0,0.0,0.0,0.0,0.0,0.0,0.0,0.0,0.0,0.0,0.0,0.0,0.0,0.0,0.0,0.0,0.0,0.0,-140.28136136881645,-140.28136136881645,-140.28136136881645,0.0,0.0,0.0,-186.62933868938592,-186.62933868938592,-186.62933868938592,-326.9107000582024,-326.9107000582024,-326.9107000582024,0.0,0.0,0.0,0.0,0.0,0.0,536.234967240765
2022-02-16,863.2445863483929,333.6450662438579,800.6767142866515,863.2445863483929,863.2445863483929,0.0,0.0,0.0,0.0,0.0,0.0,0.0,0.0,0.0,0.0,0.0,0.0,0.0,0.0,0.0,0.0,0.0,0.0,0.0,0.0,0.0,0.0,0.0,0.0,0.0,0.0,0.0,0.0,0.0,0.0,-142.75817305367275,-142.75817305367275,-142.75817305367275,0.0,0.0,0.0,-167.1788299051003,-167.1788299051003,-167.1788299051003,-309.9370029587731,-309.9370029587731,-309.9370029587731,0.0,0.0,0.0,0.0,0.0,0.0,553.3075833896198
2022-02-17,863.3435053978183,342.98863227006547,815.7125886862805,863.3435053978183,863.3435053978183,0.0,0.0,0.0,0.0,0.0,0.0,0.0,0.0,0.0,0.0,0.0,0.0,0.0,0.0,0.0,0.0,0.0,0.0,0.0,0.0,0.0,0.0,0.0,0.0,0.0,0.0,0.0,0.0,0.0,0.0,-138.76371482100754,-138.76371482100754,-138.76371482100754,0.0,0.0,0.0,-147.0970849710987,-147.0970849710987,-147.0970849710987,-285.8607997921062,-285.8607997921062,-285.8607997921062,0.0,0.0,0.0,0.0,0.0,0.0,577.482705605712
2022-02-18,863.4424244472435,440.824881544035,891.1167941347215,863.4424244472435,863.4424244472435,0.0,0.0,0.0,0.0,0.0,0.0,0.0,0.0,0.0,0.0,0.0,0.0,0.0,0.0,0.0,0.0,0.0,0.0,0.0,0.0,0.0,0.0,0.0,0.0,0.0,0.0,0.0,0.0,0.0,0.0,-69.41011264800105,-69.41011264800105,-69.41011264800105,0.0,0.0,0.0,-126.66702712963809,-126.66702712963809,-126.66702712963809,-196.0771397776391,-196.0771397776391,-196.0771397776391,0.0,0.0,0.0,0.0,0.0,0.0,667.3652846696044
2022-02-19,863.5413434966688,686.9823888361079,1154.8951752193143,863.5413434966688,863.5413434966688,0.0,0.0,0.0,0.0,0.0,0.0,0.0,0.0,0.0,0.0,0.0,0.0,0.0,0.0,0.0,0.0,0.0,0.0,0.0,0.0,0.0,0.0,0.0,0.0,0.0,0.0,0.0,0.0,0.0,0.0,139.09579758969141,139.09579758969141,139.09579758969141,0.0,0.0,0.0,-106.2058307724851,-106.2058307724851,-106.2058307724851,32.88996681720636,32.88996681720636,32.88996681720636,0.0,0.0,0.0,0.0,0.0,0.0,896.4313103138752
2022-02-20,863.6402625460943,1005.289906642767,1462.7721025380897,863.6402625460943,863.6402625460943,0.0,0.0,0.0,0.0,0.0,0.0,0.0,0.0,0.0,0.0,0.0,0.0,0.0,0.0,0.0,0.0,0.0,0.0,0.0,0.0,0.0,0.0,0.0,0.0,0.0,0.0,0.0,0.0,0.0,0.0,452.57243441274665,452.57243441274665,452.57243441274665,0.0,0.0,0.0,-86.05774580373526,-86.05774580373526,-86.05774580373526,366.5146886090114,366.5146886090114,366.5146886090114,0.0,0.0,0.0,0.0,0.0,0.0,1230.1549511551057
2022-02-21,863.7391815955197,467.8010517532666,930.576549245145,863.7391815955197,863.7391815955197,0.0,0.0,0.0,0.0,0.0,0.0,0.0,0.0,0.0,0.0,0.0,0.0,0.0,0.0,0.0,0.0,0.0,0.0,0.0,0.0,0.0,0.0,0.0,0.0,0.0,0.0,0.0,0.0,0.0,0.0,-100.45487011271122,-100.45487011271122,-100.45487011271122,0.0,0.0,0.0,-66.58562243774479,-66.58562243774479,-66.58562243774479,-167.04049255045604,-167.04049255045604,-167.04049255045604,0.0,0.0,0.0,0.0,0.0,0.0,696.6986890450636
2022-02-22,863.8381006449449,423.2376678609927,903.46032597188,863.8381006449449,863.8381006449449,0.0,0.0,0.0,0.0,0.0,0.0,0.0,0.0,0.0,0.0,0.0,0.0,0.0,0.0,0.0,0.0,0.0,0.0,0.0,0.0,0.0,0.0,0.0,0.0,0.0,0.0,0.0,0.0,0.0,0.0,-140.28136136861355,-140.28136136861355,-140.28136136861355,0.0,0.0,0.0,-48.161382695751485,-48.161382695751485,-48.161382695751485,-188.44274406436506,-188.44274406436506,-188.44274406436506,0.0,0.0,0.0,0.0,0.0,0.0,675.3953565805798
2022-02-23,863.9370196943704,450.5213042379854,908.7899802048653,863.9370196943704,863.9370196943704,0.0,0.0,0.0,0.0,0.0,0.0,0.0,0.0,0.0,0.0,0.0,0.0,0.0,0.0,0.0,0.0,0.0,0.0,0.0,0.0,0.0,0.0,0.0,0.0,0.0,0.0,0.0,0.0,0.0,0.0,-142.75817305450425,-142.75817305450425,-142.75817305450425,0.0,0.0,0.0,-31.15572847405519,-31.15572847405519,-31.15572847405519,-173.91390152855948,-173.91390152855948,-173.91390152855948,0.0,0.0,0.0,0.0,0.0,0.0,690.023118165811
2022-02-24,864.0359387437957,484.2196172567361,942.1696863320825,864.0359387437957,864.0359387437957,0.0,0.0,0.0,0.0,0.0,0.0,0.0,0.0,0.0,0.0,0.0,0.0,0.0,0.0,0.0,0.0,0.0,0.0,0.0,0.0,0.0,0.0,0.0,0.0,0.0,0.0,0.0,0.0,0.0,0.0,-138.76371482036308,-138.76371482036308,-138.76371482036308,0.0,0.0,0.0,-15.927410189472054,-15.927410189472054,-15.927410189472054,-154.69112500983513,-154.69112500983513,-154.69112500983513,0.0,0.0,0.0,0.0,0.0,0.0,709.3448137339606
2022-02-25,864.134857793221,547.5399749199876,1021.9075004382141,864.134857793221,864.134857793221,0.0,0.0,0.0,0.0,0.0,0.0,0.0,0.0,0.0,0.0,0.0,0.0,0.0,0.0,0.0,0.0,0.0,0.0,0.0,0.0,0.0,0.0,0.0,0.0,0.0,0.0,0.0,0.0,0.0,0.0,-69.41011264764438,-69.41011264764438,-69.41011264764438,0.0,0.0,0.0,-2.8124033080217825,-2.8124033080217825,-2.8124033080217825,-72.22251595566621,-72.22251595566621,-72.22251595566621,0.0,0.0,0.0,0.0,0.0,0.0,791.9123418375548
2022-02-26,864.2337768426464,764.1117800036421,1255.2105320076907,864.2337768426464,864.2337768426464,0.0,0.0,0.0,0.0,0.0,0.0,0.0,0.0,0.0,0.0,0.0,0.0,0.0,0.0,0.0,0.0,0.0,0.0,0.0,0.0,0.0,0.0,0.0,0.0,0.0,0.0,0.0,0.0,0.0,0.0,139.0957975886997,139.0957975886997,139.0957975886997,0.0,0.0,0.0,7.886648446305005,7.886648446305005,7.886648446305005,146.98244603500473,146.98244603500473,146.98244603500473,0.0,0.0,0.0,0.0,0.0,0.0,1011.2162228776511
2022-02-27,864.3326958920718,1107.9541966296376,1554.1756995624708,864.3326958920718,864.3326958920718,0.0,0.0,0.0,0.0,0.0,0.0,0.0,0.0,0.0,0.0,0.0,0.0,0.0,0.0,0.0,0.0,0.0,0.0,0.0,0.0,0.0,0.0,0.0,0.0,0.0,0.0,0.0,0.0,0.0,0.0,452.57243441295117,452.57243441295117,452.57243441295117,0.0,0.0,0.0,15.91036529991573,15.91036529991573,15.91036529991573,468.4827997128669,468.4827997128669,468.4827997128669,0.0,0.0,0.0,0.0,0.0,0.0,1332.8154956049386
2022-02-28,864.4316149414971,557.5671045704032,1026.5638078142904,864.4316149414971,864.4316149414971,0.0,0.0,0.0,0.0,0.0,0.0,0.0,0.0,0.0,0.0,0.0,0.0,0.0,0.0,0.0,0.0,0.0,0.0,0.0,0.0,0.0,0.0,0.0,0.0,0.0,0.0,0.0,0.0,0.0,0.0,-100.45487011236119,-100.45487011236119,-100.45487011236119,0.0,0.0,0.0,21.05159455674829,21.05159455674829,21.05159455674829,-79.40327555561296,-79.40327555561296,-79.40327555561296,0.0,0.0,0.0,0.0,0.0,0.0,785.0283393858841
2022-03-01,864.5305339909224,510.50068535019983,977.913847664146,864.5305339909224,864.5305339909224,0.0,0.0,0.0,0.0,0.0,0.0,0.0,0.0,0.0,0.0,0.0,0.0,0.0,0.0,0.0,0.0,0.0,0.0,0.0,0.0,0.0,0.0,0.0,0.0,0.0,0.0,0.0,0.0,0.0,0.0,-140.2813613681605,-140.2813613681605,-140.2813613681605,0.0,0.0,0.0,23.163085750877716,23.163085750877716,23.163085750877716,-117.11827561728279,-117.11827561728279,-117.11827561728279,0.0,0.0,0.0,0.0,0.0,0.0,747.4122583736396
2022-03-02,864.6294530403478,514.7378663111534,986.0423208853583,864.6294530403478,864.6294530403478,0.0,0.0,0.0,0.0,0.0,0.0,0.0,0.0,0.0,0.0,0.0,0.0,0.0,0.0,0.0,0.0,0.0,0.0,0.0,0.0,0.0,0.0,0.0,0.0,0.0,0.0,0.0,0.0,0.0,0.0,-142.7581730540244,-142.7581730540244,-142.7581730540244,0.0,0.0,0.0,22.163595989182316,22.163595989182316,22.163595989182316,-120.59457706484213,-120.59457706484213,-120.59457706484213,0.0,0.0,0.0,0.0,0.0,0.0,744.0348759755057
2022-03-03,864.7283720897732,529.0116666003092,970.5851104647732,864.7283720897732,864.7283720897732,0.0,0.0,0.0,0.0,0.0,0.0,0.0,0.0,0.0,0.0,0.0,0.0,0.0,0.0,0.0,0.0,0.0,0.0,0.0,0.0,0.0,0.0,0.0,0.0,0.0,0.0,0.0,0.0,0.0,0.0,-138.76371481944312,-138.76371481944312,-138.76371481944312,0.0,0.0,0.0,18.042190992870868,18.042190992870868,18.042190992870868,-120.72152382657227,-120.72152382657227,-120.72152382657227,0.0,0.0,0.0,0.0,0.0,0.0,744.0068482632009
2022-03-04,864.8272911391985,570.0360678661945,1038.0174433671655,864.8272911391985,864.8272911391985,0.0,0.0,0.0,0.0,0.0,0.0,0.0,0.0,0.0,0.0,0.0,0.0,0.0,0.0,0.0,0.0,0.0,0.0,0.0,0.0,0.0,0.0,0.0,0.0,0.0,0.0,0.0,0.0,0.0,0.0,-69.41011264764445,-69.41011264764445,-69.41011264764445,0.0,0.0,0.0,10.86056343782118,10.86056343782118,10.86056343782118,-58.54954920982328,-58.54954920982328,-58.54954920982328,0.0,0.0,0.0,0.0,0.0,0.0,806.2777419293752
2022-03-05,864.9262101886239,758.646603808362,1229.4157357818938,864.9262101886239,864.9262101886239,0.0,0.0,0.0,0.0,0.0,0.0,0.0,0.0,0.0,0.0,0.0,0.0,0.0,0.0,0.0,0.0,0.0,0.0,0.0,0.0,0.0,0.0,0.0,0.0,0.0,0.0,0.0,0.0,0.0,0.0,139.09579758928749,139.09579758928749,139.09579758928749,0.0,0.0,0.0,0.7532531742485502,0.7532531742485502,0.7532531742485502,139.84905076353604,139.84905076353604,139.84905076353604,0.0,0.0,0.0,0.0,0.0,0.0,1004.77526095216
2022-03-06,865.1783954166834,1080.1877410549746,1547.2825755063966,865.1783954166834,865.1783954166834,0.0,0.0,0.0,0.0,0.0,0.0,0.0,0.0,0.0,0.0,0.0,0.0,0.0,0.0,0.0,0.0,0.0,0.0,0.0,0.0,0.0,0.0,0.0,0.0,0.0,0.0,0.0,0.0,0.0,0.0,452.5724344130949,452.5724344130949,452.5724344130949,0.0,0.0,0.0,-12.074278352584496,-12.074278352584496,-12.074278352584496,440.49815606051044,440.49815606051044,440.49815606051044,0.0,0.0,0.0,0.0,0.0,0.0,1305.676551477194
2022-03-07,865.4305806447431,513.4653308949813,982.0468471991134,865.4305806447431,865.4305806447431,0.0,0.0,0.0,0.0,0.0,0.0,0.0,0.0,0.0,0.0,0.0,0.0,0.0,0.0,0.0,0.0,0.0,0.0,0.0,0.0,0.0,0.0,0.0,0.0,0.0,0.0,0.0,0.0,0.0,0.0,-100.45487011306295,-100.45487011306295,-100.45487011306295,0.0,0.0,0.0,-27.349696958129474,-27.349696958129474,-27.349696958129474,-127.80456707119238,-127.80456707119238,-127.80456707119238,0.0,0.0,0.0,0.0,0.0,0.0,737.6260135735507
2022-03-08,865.6827658728026,452.49956956167597,913.7990259447861,865.6827658728026,865.6827658728026,0.0,0.0,0.0,0.0,0.0,0.0,0.0,0.0,0.0,0.0,0.0,0.0,0.0,0.0,0.0,0.0,0.0,0.0,0.0,0.0,0.0,0.0,0.0,0.0,0.0,0.0,0.0,0.0,0.0,0.0,-140.2813613687442,-140.2813613687442,-140.2813613687442,0.0,0.0,0.0,-44.73987508372888,-44.73987508372888,-44.73987508372888,-185.0212364524731,-185.0212364524731,-185.0212364524731,0.0,0.0,0.0,0.0,0.0,0.0,680.6615294203295
2022-03-09,865.9349511008621,432.439660942225,908.3944200387704,865.9349511008621,865.9349511008621,0.0,0.0,0.0,0.0,0.0,0.0,0.0,0.0,0.0,0.0,0.0,0.0,0.0,0.0,0.0,0.0,0.0,0.0,0.0,0.0,0.0,0.0,0.0,0.0,0.0,0.0,0.0,0.0,0.0,0.0,-142.75817305387798,-142.75817305387798,-142.75817305387798,0.0,0.0,0.0,-63.85884104859994,-63.85884104859994,-63.85884104859994,-206.61701410247795,-206.61701410247795,-206.61701410247795,0.0,0.0,0.0,0.0,0.0,0.0,659.3179369983842
2022-03-10,866.1871363289217,413.3273635456456,897.6805278577618,866.1871363289217,866.1871363289217,0.0,0.0,0.0,0.0,0.0,0.0,0.0,0.0,0.0,0.0,0.0,0.0,0.0,0.0,0.0,0.0,0.0,0.0,0.0,0.0,0.0,0.0,0.0,0.0,0.0,0.0,0.0,0.0,0.0,0.0,-138.76371482016728,-138.76371482016728,-138.76371482016728,0.0,0.0,0.0,-84.2773744617278,-84.2773744617278,-84.2773744617278,-223.04108928189513,-223.04108928189513,-223.04108928189513,0.0,0.0,0.0,0.0,0.0,0.0,643.1460470470266
2022-03-11,866.4393215569814,461.38656901557636,935.7771248150916,866.4393215569814,866.4393215569814,0.0,0.0,0.0,0.0,0.0,0.0,0.0,0.0,0.0,0.0,0.0,0.0,0.0,0.0,0.0,0.0,0.0,0.0,0.0,0.0,0.0,0.0,0.0,0.0,0.0,0.0,0.0,0.0,0.0,0.0,-69.4101126469697,-69.4101126469697,-69.4101126469697,0.0,0.0,0.0,-105.53396793223828,-105.53396793223828,-105.53396793223828,-174.944080579208,-174.944080579208,-174.944080579208,0.0,0.0,0.0,0.0,0.0,0.0,691.4952409777734
2022-03-12,866.6915067850409,643.2018663549425,1111.1081352060785,866.6915067850409,866.6915067850409,0.0,0.0,0.0,0.0,0.0,0.0,0.0,0.0,0.0,0.0,0.0,0.0,0.0,0.0,0.0,0.0,0.0,0.0,0.0,0.0,0.0,0.0,0.0,0.0,0.0,0.0,0.0,0.0,0.0,0.0,139.09579759008204,139.09579759008204,139.09579759008204,0.0,0.0,0.0,-127.14682803984972,-127.14682803984972,-127.14682803984972,11.948969550232361,11.948969550232361,11.948969550232361,0.0,0.0,0.0,0.0,0.0,0.0,878.6404763352733
2022-03-13,866.9436920131004,941.5047981831622,1415.7372645223222,866.9436920131004,866.9436920131004,0.0,0.0,0.0,0.0,0.0,0.0,0.0,0.0,0.0,0.0,0.0,0.0,0.0,0.0,0.0,0.0,0.0,0.0,0.0,0.0,0.0,0.0,0.0,0.0,0.0,0.0,0.0,0.0,0.0,0.0,452.57243441276916,452.57243441276916,452.57243441276916,0.0,0.0,0.0,-148.62655198586964,-148.62655198586964,-148.62655198586964,303.9458824268995,303.9458824268995,303.9458824268995,0.0,0.0,0.0,0.0,0.0,0.0,1170.88957444
2022-03-14,867.1958772411601,347.8915168241106,836.9404834642045,867.1958772411601,867.1958772411601,0.0,0.0,0.0,0.0,0.0,0.0,0.0,0.0,0.0,0.0,0.0,0.0,0.0,0.0,0.0,0.0,0.0,0.0,0.0,0.0,0.0,0.0,0.0,0.0,0.0,0.0,0.0,0.0,0.0,0.0,-100.45487011098807,-100.45487011098807,-100.45487011098807,0.0,0.0,0.0,-169.48909176861727,-169.48909176861727,-169.48909176861727,-269.94396187960535,-269.94396187960535,-269.94396187960535,0.0,0.0,0.0,0.0,0.0,0.0,597.2519153615548
2022-03-15,867.4480624692196,307.6304619183307,787.3972652470463,867.4480624692196,867.4480624692196,0.0,0.0,0.0,0.0,0.0,0.0,0.0,0.0,0.0,0.0,0.0,0.0,0.0,0.0,0.0,0.0,0.0,0.0,0.0,0.0,0.0,0.0,0.0,0.0,0.0,0.0,0.0,0.0,0.0,0.0,-140.28136136829116,-140.28136136829116,-140.28136136829116,0.0,0.0,0.0,-189.2686060231915,-189.2686060231915,-189.2686060231915,-329.54996739148265,-329.54996739148265,-329.54996739148265,0.0,0.0,0.0,0.0,0.0,0.0,537.898095077737
2022-03-16,867.7002476972792,285.50667218021016,767.9610219703555,867.7002476972792,867.7002476972792,0.0,0.0,0.0,0.0,0.0,0.0,0.0,0.0,0.0,0.0,0.0,0.0,0.0,0.0,0.0,0.0,0.0,0.0,0.0,0.0,0.0,0.0,0.0,0.0,0.0,0.0,0.0,0.0,0.0,0.0,-142.75817305388262,-142.75817305388262,-142.75817305388262,0.0,0.0,0.0,-207.52980130396338,-207.52980130396338,-207.52980130396338,-350.28797435784594,-350.28797435784594,-350.28797435784594,0.0,0.0,0.0,0.0,0.0,0.0,517.4122733394333
2022-03-17,867.9524329253387,275.3668495108576,738.4939949758511,867.9524329253387,867.9524329253387,0.0,0.0,0.0,0.0,0.0,0.0,0.0,0.0,0.0,0.0,0.0,0.0,0.0,0.0,0.0,0.0,0.0,0.0,0.0,0.0,0.0,0.0,0.0,0.0,0.0,0.0,0.0,0.0,0.0,0.0,-138.76371481988923,-138.76371481988923,-138.76371481988923,0.0,0.0,0.0,-223.8793795688897,-223.8793795688897,-223.8793795688897,-362.6430943887789,-362.6430943887789,-362.6430943887789,0.0,0.0,0.0,0.0,0.0,0.0,505.30933853655984
2022-03-18,868.2046181533984,326.4416477654808,784.3300372201876,868.2046181533984,868.2046181533984,0.0,0.0,0.0,0.0,0.0,0.0,0.0,0.0,0.0,0.0,0.0,0.0,0.0,0.0,0.0,0.0,0.0,0.0,0.0,0.0,0.0,0.0,0.0,0.0,0.0,0.0,0.0,0.0,0.0,0.0,-69.41011264693115,-69.41011264693115,-69.41011264693115,0.0,0.0,0.0,-237.97623648942167,-237.97623648942167,-237.97623648942167,-307.38634913635286,-307.38634913635286,-307.38634913635286,0.0,0.0,0.0,0.0,0.0,0.0,560.8182690170456
2022-03-19,868.4568033814579,520.7507507268053,995.2392696296403,868.4568033814579,868.4568033814579,0.0,0.0,0.0,0.0,0.0,0.0,0.0,0.0,0.0,0.0,0.0,0.0,0.0,0.0,0.0,0.0,0.0,0.0,0.0,0.0,0.0,0.0,0.0,0.0,0.0,0.0,0.0,0.0,0.0,0.0,139.09579758965054,139.09579758965054,139.09579758965054,0.0,0.0,0.0,-249.5400950488412,-249.5400950488412,-249.5400950488412,-110.44429745919065,-110.44429745919065,-110.44429745919065,0.0,0.0,0.0,0.0,0.0,0.0,758.0125059222672
2022-03-20,868.7089886095176,825.6556226040633,1289.1774536841856,868.7089886095176,868.7089886095176,0.0,0.0,0.0,0.0,0.0,0.0,0.0,0.0,0.0,0.0,0.0,0.0,0.0,0.0,0.0,0.0,0.0,0.0,0.0,0.0,0.0,0.0,0.0,0.0,0.0,0.0,0.0,0.0,0.0,0.0,452.57243441244333,452.57243441244333,452.57243441244333,0.0,0.0,0.0,-258.3583093680929,-258.3583093680929,-258.3583093680929,194.21412504435048,194.21412504435048,194.21412504435048,0.0,0.0,0.0,0.0,0.0,0.0,1062.923113653868
2022-03-21,868.9611738375771,270.43826660991135,751.6618020836055,868.9611738375771,868.9611738375771,0.0,0.0,0.0,0.0,0.0,0.0,0.0,0.0,0.0,0.0,0.0,0.0,0.0,0.0,0.0,0.0,0.0,0.0,0.0,0.0,0.0,0.0,0.0,0.0,0.0,0.0,0.0,0.0,0.0,0.0,-100.45487011158127,-100.45487011158127,-100.45487011158127,0.0,0.0,0.0,-264.29063311205806,-264.29063311205806,-264.29063311205806,-364.74550322363933,-364.74550322363933,-364.74550322363933,0.0,0.0,0.0,0.0,0.0,0.0,504.2156706139378
2022-03-22,869.2133590656367,222.678084239219,702.7954033163516,869.2133590656367,869.2133590656367,0.0,0.0,0.0,0.0,0.0,0.0,0.0,0.0,0.0,0.0,0.0,0.0,0.0,0.0,0.0,0.0,0.0,0.0,0.0,0.0,0.0,0.0,0.0,0.0,0.0,0.0,0.0,0.0,0.0,0.0,-140.281361369125,-140.281361369125,-140.281361369125,0.0,0.0,0.0,-267.27181315728717,-267.27181315728717,-267.27181315728717,-407.55317452641225,-407.55317452641225,-407.55317452641225,0.0,0.0,0.0,0.0,0.0,0.0,461.6601845392245
2022-03-23,869.4655442936962,198.83761862004798,690.9892046047162,869.4655442936962,869.4655442936962,0.0,0.0,0.0,0.0,0.0,0.0,0.0,0.0,0.0,0.0,0.0,0.0,0.0,0.0,0.0,0.0,0.0,0.0,0.0,0.0,0.0,0.0,0.0,0.0,0.0,0.0,0.0,0.0,0.0,0.0,-142.75817305340274,-142.75817305340274,-142.75817305340274,0.0,0.0,0.0,-267.31194018071903,-267.31194018071903,-267.31194018071903,-410.0701132341217,-410.0701132341217,-410.0701132341217,0.0,0.0,0.0,0.0,0.0,0.0,459.3954310595745
2022-03-24,869.7177295217559,234.00494919126362,715.8224395389802,869.7177295217559,869.7177295217559,0.0,0.0,0.0,0.0,0.0,0.0,0.0,0.0,0.0,0.0,0.0,0.0,0.0,0.0,0.0,0.0,0.0,0.0,0.0,0.0,0.0,0.0,0.0,0.0,0.0,0.0,0.0,0.0,0.0,0.0,-138.76371482024695,-138.76371482024695,-138.76371482024695,0.0,0.0,0.0,-264.49456102628994,-264.49456102628994,-264.49456102628994,-403.2582758465369,-403.2582758465369,-403.2582758465369,0.0,0.0,0.0,0.0,0.0,0.0,466.45945367521904
2022-03-25,869.9699147498154,300.5539226241977,785.3226838392856,869.9699147498154,869.9699147498154,0.0,0.0,0.0,0.0,0.0,0.0,0.0,0.0,0.0,0.0,0.0,0.0,0.0,0.0,0.0,0.0,0.0,0.0,0.0,0.0,0.0,0.0,0.0,0.0,0.0,0.0,0.0,0.0,0.0,0.0,-69.41011264803856,-69.41011264803856,-69.41011264803856,0.0,0.0,0.0,-258.97263061467544,-258.97263061467544,-258.97263061467544,-328.38274326271403,-328.38274326271403,-328.38274326271403,0.0,0.0,0.0,0.0,0.0,0.0,541.5871714871014
2022-03-26,870.3330641133696,516.1948536325724,983.9052581973662,870.3330641133696,870.3330641133696,0.0,0.0,0.0,0.0,0.0,0.0,0.0,0.0,0.0,0.0,0.0,0.0,0.0,0.0,0.0,0.0,0.0,0.0,0.0,0.0,0.0,0.0,0.0,0.0,0.0,0.0,0.0,0.0,0.0,0.0,139.0957975896781,139.0957975896781,139.0957975896781,0.0,0.0,0.0,-250.9624512779636,-250.9624512779636,-250.9624512779636,-111.86665368828548,-111.86665368828548,-111.86665368828548,0.0,0.0,0.0,0.0,0.0,0.0,758.4664104250841
2022-03-27,870.6962134769235,835.7212085452624,1328.4895005784888,870.6962134769235,870.6962134769235,0.0,0.0,0.0,0.0,0.0,0.0,0.0,0.0,0.0,0.0,0.0,0.0,0.0,0.0,0.0,0.0,0.0,0.0,0.0,0.0,0.0,0.0,0.0,0.0,0.0,0.0,0.0,0.0,0.0,0.0,452.57243441258714,452.57243441258714,452.57243441258714,0.0,0.0,0.0,-240.73581231934145,-240.73581231934145,-240.73581231934145,211.83662209324572,211.83662209324572,211.83662209324572,0.0,0.0,0.0,0.0,0.0,0.0,1082.5328355701693
2022-03-28,871.0593628404777,300.05525516542224,773.243780415312,871.0593628404777,871.0593628404777,0.0,0.0,0.0,0.0,0.0,0.0,0.0,0.0,0.0,0.0,0.0,0.0,0.0,0.0,0.0,0.0,0.0,0.0,0.0,0.0,0.0,0.0,0.0,0.0,0.0,0.0,0.0,0.0,0.0,0.0,-100.4548701113398,-100.4548701113398,-100.4548701113398,0.0,0.0,0.0,-228.6106000978369,-228.6106000978369,-228.6106000978369,-329.06547020917674,-329.06547020917674,-329.06547020917674,0.0,0.0,0.0,0.0,0.0,0.0,541.9938926313009
2022-03-29,871.4225122040317,282.5097198760519,757.518490360655,871.4225122040317,871.4225122040317,0.0,0.0,0.0,0.0,0.0,0.0,0.0,0.0,0.0,0.0,0.0,0.0,0.0,0.0,0.0,0.0,0.0,0.0,0.0,0.0,0.0,0.0,0.0,0.0,0.0,0.0,0.0,0.0,0.0,0.0,-140.28136136867198,-140.28136136867198,-140.28136136867198,0.0,0.0,0.0,-214.94019705451777,-214.94019705451777,-214.94019705451777,-355.2215584231898,-355.2215584231898,-355.2215584231898,0.0,0.0,0.0,0.0,0.0,0.0,516.2009537808419
2022-03-30,871.7856615675857,283.68262652378917,753.1815572314136,871.7856615675857,871.7856615675857,0.0,0.0,0.0,0.0,0.0,0.0,0.0,0.0,0.0,0.0,0.0,0.0,0.0,0.0,0.0,0.0,0.0,0.0,0.0,0.0,0.0,0.0,0.0,0.0,0.0,0.0,0.0,0.0,0.0,0.0,-142.75817305422547,-142.75817305422547,-142.75817305422547,0.0,0.0,0.0,-200.1020251963305,-200.1020251963305,-200.1020251963305,-342.8601982505559,-342.8601982505559,-342.8601982505559,0.0,0.0,0.0,0.0,0.0,0.0,528.9254633170299
2022-03-31,872.1488109311398,317.3333714368604,776.6153252087757,872.1488109311398,872.1488109311398,0.0,0.0,0.0,0.0,0.0,0.0,0.0,0.0,0.0,0.0,0.0,0.0,0.0,0.0,0.0,0.0,0.0,0.0,0.0,0.0,0.0,0.0,0.0,0.0,0.0,0.0,0.0,0.0,0.0,0.0,-138.7637148206046,-138.7637148206046,-138.7637148206046,0.0,0.0,0.0,-184.4856143908478,-184.4856143908478,-184.4856143908478,-323.2493292114524,-323.2493292114524,-323.2493292114524,0.0,0.0,0.0,0.0,0.0,0.0,548.8994817196874
2022-04-01,872.511960294694,412.3462876671025,875.2599019696886,872.511960294694,872.511960294694,0.0,0.0,0.0,0.0,0.0,0.0,0.0,0.0,0.0,0.0,0.0,0.0,0.0,0.0,0.0,0.0,0.0,0.0,0.0,0.0,0.0,0.0,0.0,0.0,0.0,0.0,0.0,0.0,0.0,0.0,-69.4101126477205,-69.4101126477205,-69.4101126477205,0.0,0.0,0.0,-168.48058758653264,-168.48058758653264,-168.48058758653264,-237.89070023425316,-237.89070023425316,-237.89070023425316,0.0,0.0,0.0,0.0,0.0,0.0,634.6212600604408
2022-04-02,872.8751096582481,622.585891589307,1101.9174031488742,872.8751096582481,872.8751096582481,0.0,0.0,0.0,0.0,0.0,0.0,0.0,0.0,0.0,0.0,0.0,0.0,0.0,0.0,0.0,0.0,0.0,0.0,0.0,0.0,0.0,0.0,0.0,0.0,0.0,0.0,0.0,0.0,0.0,0.0,139.09579758903976,139.09579758903976,139.09579758903976,0.0,0.0,0.0,-152.46495340228367,-152.46495340228367,-152.46495340228367,-13.36915581324393,-13.36915581324393,-13.36915581324393,0.0,0.0,0.0,0.0,0.0,0.0,859.5059538450042
2022-04-03,873.2382590218022,954.9543964872488,1437.1479182126702,873.2382590218022,873.2382590218022,0.0,0.0,0.0,0.0,0.0,0.0,0.0,0.0,0.0,0.0,0.0,0.0,0.0,0.0,0.0,0.0,0.0,0.0,0.0,0.0,0.0,0.0,0.0,0.0,0.0,0.0,0.0,0.0,0.0,0.0,452.57243441231583,452.57243441231583,452.57243441231583,0.0,0.0,0.0,-136.79408154621274,-136.79408154621274,-136.79408154621274,315.7783528661031,315.7783528661031,315.7783528661031,0.0,0.0,0.0,0.0,0.0,0.0,1189.0166118879051
2022-04-04,873.6014083853562,416.13490225415626,892.4442336838313,873.6014083853562,873.6014083853562,0.0,0.0,0.0,0.0,0.0,0.0,0.0,0.0,0.0,0.0,0.0,0.0,0.0,0.0,0.0,0.0,0.0,0.0,0.0,0.0,0.0,0.0,0.0,0.0,0.0,0.0,0.0,0.0,0.0,0.0,-100.45487011204159,-100.45487011204159,-100.45487011204159,0.0,0.0,0.0,-121.7907088147417,-121.7907088147417,-121.7907088147417,-222.24557892678325,-222.24557892678325,-222.24557892678325,0.0,0.0,0.0,0.0,0.0,0.0,651.355829458573
2022-04-05,873.9645577489102,390.6079133237156,862.3170162632817,873.9645577489102,873.9645577489102,0.0,0.0,0.0,0.0,0.0,0.0,0.0,0.0,0.0,0.0,0.0,0.0,0.0,0.0,0.0,0.0,0.0,0.0,0.0,0.0,0.0,0.0,0.0,0.0,0.0,0.0,0.0,0.0,0.0,0.0,-140.28136136920742,-140.28136136920742,-140.28136136920742,0.0,0.0,0.0,-107.73628401538973,-107.73628401538973,-107.73628401538973,-248.01764538459716,-248.01764538459716,-248.01764538459716,0.0,0.0,0.0,0.0,0.0,0.0,625.9469123643131
2022-04-06,874.3277071124644,413.0787862631281,874.0261617256284,874.3277071124644,874.3277071124644,0.0,0.0,0.0,0.0,0.0,0.0,0.0,0.0,0.0,0.0,0.0,0.0,0.0,0.0,0.0,0.0,0.0,0.0,0.0,0.0,0.0,0.0,0.0,0.0,0.0,0.0,0.0,0.0,0.0,0.0,-142.75817305457232,-142.75817305457232,-142.75817305457232,0.0,0.0,0.0,-94.86391050349862,-94.86391050349862,-94.86391050349862,-237.62208355807104,-237.62208355807104,-237.62208355807104,0.0,0.0,0.0,0.0,0.0,0.0,636.7056235543934
2022-04-07,874.6908564760183,405.47212022851113,908.8241675092919,874.6908564760183,874.6908564760183,0.0,0.0,0.0,0.0,0.0,0.0,0.0,0.0,0.0,0.0,0.0,0.0,0.0,0.0,0.0,0.0,0.0,0.0,0.0,0.0,0.0,0.0,0.0,0.0,0.0,0.0,0.0,0.0,0.0,0.0,-138.76371482032656,-138.76371482032656,-138.76371482032656,0.0,0.0,0.0,-83.35308691032907,-83.35308691032907,-83.35308691032907,-222.1168017306556,-222.1168017306556,-222.1168017306556,0.0,0.0,0.0,0.0,0.0,0.0,652.5740547453627
2022-04-08,875.0540058395725,508.2203522772179,964.0848377184144,875.0540058395725,875.0540058395725,0.0,0.0,0.0,0.0,0.0,0.0,0.0,0.0,0.0,0.0,0.0,0.0,0.0,0.0,0.0,0.0,0.0,0.0,0.0,0.0,0.0,0.0,0.0,0.0,0.0,0.0,0.0,0.0,0.0,0.0,-69.41011264736383,-69.41011264736383,-69.41011264736383,0.0,0.0,0.0,-73.32638217140679,-73.32638217140679,-73.32638217140679,-142.73649481877058,-142.73649481877058,-142.73649481877058,0.0,0.0,0.0,0.0,0.0,0.0,732.3175110208019
2022-04-09,875.4171552031266,713.7638678307538,1181.9123196751332,875.4171552031266,875.4171552031266,0.0,0.0,0.0,0.0,0.0,0.0,0.0,0.0,0.0,0.0,0.0,0.0,0.0,0.0,0.0,0.0,0.0,0.0,0.0,0.0,0.0,0.0,0.0,0.0,0.0,0.0,0.0,0.0,0.0,0.0,139.09579758983438,139.09579758983438,139.09579758983438,0.0,0.0,0.0,-64.84811244211126,-64.84811244211126,-64.84811244211126,74.24768514772312,74.24768514772312,74.24768514772312,0.0,0.0,0.0,0.0,0.0,0.0,949.6648403508498
2022-04-10,875.7803045666807,1027.8571343813483,1504.004297562352,875.7803045666807,875.7803045666807,0.0,0.0,0.0,0.0,0.0,0.0,0.0,0.0,0.0,0.0,0.0,0.0,0.0,0.0,0.0,0.0,0.0,0.0,0.0,0.0,0.0,0.0,0.0,0.0,0.0,0.0,0.0,0.0,0.0,0.0,452.57243441324147,452.57243441324147,452.57243441324147,0.0,0.0,0.0,-57.925017365087285,-57.925017365087285,-57.925017365087285,394.6474170481543,394.6474170481543,394.6474170481543,0.0,0.0,0.0,0.0,0.0,0.0,1270.427721614835
2022-04-11,876.1434539302348,492.21017601361586,959.8823568753636,876.1434539302348,876.1434539302348,0.0,0.0,0.0,0.0,0.0,0.0,0.0,0.0,0.0,0.0,0.0,0.0,0.0,0.0,0.0,0.0,0.0,0.0,0.0,0.0,0.0,0.0,0.0,0.0,0.0,0.0,0.0,0.0,0.0,0.0,-100.45487011274334,-100.45487011274334,-100.45487011274334,0.0,0.0,0.0,-52.50886390879541,-52.50886390879541,-52.50886390879541,-152.96373402153867,-152.96373402153867,-152.96373402153867,0.0,0.0,0.0,0.0,0.0,0.0,723.1797199086961
2022-04-12,876.5066032937888,467.8832478718733,934.1389741399712,876.5066032937888,876.5066032937888,0.0,0.0,0.0,0.0,0.0,0.0,0.0,0.0,0.0,0.0,0.0,0.0,0.0,0.0,0.0,0.0,0.0,0.0,0.0,0.0,0.0,0.0,0.0,0.0,0.0,0.0,0.0,0.0,0.0,0.0,-140.28136136821803,-140.28136136821803,-140.28136136821803,0.0,0.0,0.0,-48.500840098531484,-48.500840098531484,-48.500840098531484,-188.78220146674943,-188.78220146674943,-188.78220146674943,0.0,0.0,0.0,0.0,0.0,0.0,687.7244018270394
2022-04-13,876.8697526573429,477.31587092528923,901.8894390546122,876.8697526573429,876.8697526573429,0.0,0.0,0.0,0.0,0.0,0.0,0.0,0.0,0.0,0.0,0.0,0.0,0.0,0.0,0.0,0.0,0.0,0.0,0.0,0.0,0.0,0.0,0.0,0.0,0.0,0.0,0.0,0.0,0.0,0.0,-142.75817305423485,-142.75817305423485,-142.75817305423485,0.0,0.0,0.0,-45.75754070826812,-45.75754070826812,-45.75754070826812,-188.515713762503,-188.515713762503,-188.515713762503,0.0,0.0,0.0,0.0,0.0,0.0,688.35403889484
2022-04-14,877.2329020208971,472.4254593115675,932.8994618631674,877.2329020208971,877.2329020208971,0.0,0.0,0.0,0.0,0.0,0.0,0.0,0.0,0.0,0.0,0.0,0.0,0.0,0.0,0.0,0.0,0.0,0.0,0.0,0.0,0.0,0.0,0.0,0.0,0.0,0.0,0.0,0.0,0.0,0.0,-138.7637148210507,-138.7637148210507,-138.7637148210507,0.0,0.0,0.0,-44.098294495328695,-44.098294495328695,-44.098294495328695,-182.8620093163794,-182.8620093163794,-182.8620093163794,0.0,0.0,0.0,0.0,0.0,0.0,694.3708927045177
2022-04-15,877.6512272887368,527.3915358175816,1020.1776778676542,877.6512272887368,877.6512272887368,0.0,0.0,0.0,0.0,0.0,0.0,0.0,0.0,0.0,0.0,0.0,0.0,0.0,0.0,0.0,0.0,0.0,0.0,0.0,0.0,0.0,0.0,0.0,0.0,0.0,0.0,0.0,0.0,0.0,0.0,-69.41011264736389,-69.41011264736389,-69.41011264736389,0.0,0.0,0.0,-43.31353965050166,-43.31353965050166,-43.31353965050166,-112.72365229786556,-112.72365229786556,-112.72365229786556,0.0,0.0,0.0,0.0,0.0,0.0,764.9275749908712
2022-04-16,878.0695525565766,746.9734914566784,1199.748614719473,878.0695525565766,878.0695525565766,0.0,0.0,0.0,0.0,0.0,0.0,0.0,0.0,0.0,0.0,0.0,0.0,0.0,0.0,0.0,0.0,0.0,0.0,0.0,0.0,0.0,0.0,0.0,0.0,0.0,0.0,0.0,0.0,0.0,0.0,139.09579758940282,139.09579758940282,139.09579758940282,0.0,0.0,0.0,-43.173922268035376,-43.173922268035376,-43.173922268035376,95.92187532136747,95.92187532136747,95.92187532136747,0.0,0.0,0.0,0.0,0.0,0.0,973.991427877944
2022-04-17,878.4878778244164,1590.3380663403047,2076.2581726704875,878.4878778244164,878.4878778244164,0.0,0.0,0.0,0.0,0.0,0.0,0.0,0.0,0.0,0.0,0.0,0.0,0.0,0.0,0.0,540.7907280999999,540.7907280999999,540.7907280999999,0.0,0.0,0.0,0.0,0.0,0.0,0.0,0.0,0.0,0.0,0.0,0.0,452.5724344129157,452.5724344129157,452.5724344129157,0.0,0.0,0.0,-43.439772873357946,-43.439772873357946,-43.439772873357946,949.9233896395577,949.9233896395577,949.9233896395577,540.7907280999999,540.7907280999999,540.7907280999999,0.0,0.0,0.0,1828.4112674639741
2022-04-18,878.9062030922562,1216.265844627084,1669.8149731178182,878.9062030922562,878.9062030922562,0.0,0.0,0.0,0.0,0.0,0.0,0.0,0.0,0.0,0.0,0.0,0.0,0.0,0.0,0.0,714.9036843,714.9036843,714.9036843,0.0,0.0,0.0,0.0,0.0,0.0,0.0,0.0,0.0,0.0,0.0,0.0,-100.4548701125019,-100.4548701125019,-100.4548701125019,0.0,0.0,0.0,-43.870608994341,-43.870608994341,-43.870608994341,570.5782051931571,570.5782051931571,570.5782051931571,714.9036843,714.9036843,714.9036843,0.0,0.0,0.0,1449.4844082854133
2022-04-19,879.324528360096,465.02848628145756,944.5006778877644,879.324528360096,879.324528360096,0.0,0.0,0.0,0.0,0.0,0.0,0.0,0.0,0.0,0.0,0.0,0.0,0.0,0.0,0.0,0.0,0.0,0.0,0.0,0.0,0.0,0.0,0.0,0.0,0.0,0.0,0.0,0.0,0.0,0.0,-140.28136136801515,-140.28136136801515,-140.28136136801515,0.0,0.0,0.0,-44.234317579629675,-44.234317579629675,-44.234317579629675,-184.5156789476448,-184.5156789476448,-184.5156789476448,0.0,0.0,0.0,0.0,0.0,0.0,694.8088494124512
2022-04-20,879.7428536279358,471.7242115751318,923.5362038880708,879.7428536279358,879.7428536279358,0.0,0.0,0.0,0.0,0.0,0.0,0.0,0.0,0.0,0.0,0.0,0.0,0.0,0.0,0.0,0.0,0.0,0.0,0.0,0.0,0.0,0.0,0.0,0.0,0.0,0.0,0.0,0.0,0.0,0.0,-142.75817305409717,-142.75817305409717,-142.75817305409717,0.0,0.0,0.0,-44.31568943088798,-44.31568943088798,-44.31568943088798,-187.0738624849852,-187.0738624849852,-187.0738624849852,0.0,0.0,0.0,0.0,0.0,0.0,692.6689911429506
2022-04-21,880.1611788957757,452.62943471073567,939.9087567365592,880.1611788957757,880.1611788957757,0.0,0.0,0.0,0.0,0.0,0.0,0.0,0.0,0.0,0.0,0.0,0.0,0.0,0.0,0.0,0.0,0.0,0.0,0.0,0.0,0.0,0.0,0.0,0.0,0.0,0.0,0.0,0.0,0.0,0.0,-138.7637148201308,-138.7637148201308,-138.7637148201308,0.0,0.0,0.0,-43.924007958452265,-43.924007958452265,-43.924007958452265,-182.68772277858304,-182.68772277858304,-182.68772277858304,0.0,0.0,0.0,0.0,0.0,0.0,697.4734561171927
2022-04-22,880.5795041636155,530.4479213986046,994.7731173541446,880.5795041636155,880.5795041636155,0.0,0.0,0.0,0.0,0.0,0.0,0.0,0.0,0.0,0.0,0.0,0.0,0.0,0.0,0.0,0.0,0.0,0.0,0.0,0.0,0.0,0.0,0.0,0.0,0.0,0.0,0.0,0.0,0.0,0.0,-69.41011264823025,-69.41011264823025,-69.41011264823025,0.0,0.0,0.0,-42.89943528849648,-42.89943528849648,-42.89943528849648,-112.30954793672672,-112.30954793672672,-112.30954793672672,0.0,0.0,0.0,0.0,0.0,0.0,768.2699562268888
2022-04-23,880.9978294314553,752.9119462032646,1223.074439199561,880.9978294314553,880.9978294314553,0.0,0.0,0.0,0.0,0.0,0.0,0.0,0.0,0.0,0.0,0.0,0.0,0.0,0.0,0.0,0.0,0.0,0.0,0.0,0.0,0.0,0.0,0.0,0.0,0.0,0.0,0.0,0.0,0.0,0.0,139.0957975901974,139.0957975901974,139.0957975901974,0.0,0.0,0.0,-41.117988459520525,-41.117988459520525,-41.117988459520525,97.97780913067692,97.97780913067692,97.97780913067692,0.0,0.0,0.0,0.0,0.0,0.0,978.9756385621322
2022-04-24,881.416154699295,1057.5883496830363,1530.6539901717858,881.416154699295,881.416154699295,0.0,0.0,0.0,0.0,0.0,0.0,0.0,0.0,0.0,0.0,0.0,0.0,0.0,0.0,0.0,0.0,0.0,0.0,0.0,0.0,0.0,0.0,0.0,0.0,0.0,0.0,0.0,0.0,0.0,0.0,452.572434413114,452.572434413114,452.572434413114,0.0,0.0,0.0,-38.494955245608544,-38.494955245608544,-38.494955245608544,414.0774791675055,414.0774791675055,414.0774791675055,0.0,0.0,0.0,0.0,0.0,0.0,1295.4936338668006
2022-04-25,881.8344799671348,508.92322213119263,970.8655590546723,881.8344799671348,881.8344799671348,0.0,0.0,0.0,0.0,0.0,0.0,0.0,0.0,0.0,0.0,0.0,0.0,0.0,0.0,0.0,0.0,0.0,0.0,0.0,0.0,0.0,0.0,0.0,0.0,0.0,0.0,0.0,0.0,0.0,0.0,-100.45487011309503,-100.45487011309503,-100.45487011309503,0.0,0.0,0.0,-34.98666087249871,-34.98666087249871,-34.98666087249871,-135.44153098559372,-135.44153098559372,-135.44153098559372,0.0,0.0,0.0,0.0,0.0,0.0,746.3929489815412
2022-04-26,882.2528052349746,471.2366885871956,951.0794379514602,882.2528052349746,882.2528052349746,0.0,0.0,0.0,0.0,0.0,0.0,0.0,0.0,0.0,0.0,0.0,0.0,0.0,0.0,0.0,0.0,0.0,0.0,0.0,0.0,0.0,0.0,0.0,0.0,0.0,0.0,0.0,0.0,0.0,0.0,-140.28136136776405,-140.28136136776405,-140.28136136776405,0.0,0.0,0.0,-30.59056121259003,-30.59056121259003,-30.59056121259003,-170.87192258035412,-170.87192258035412,-170.87192258035412,0.0,0.0,0.0,0.0,0.0,0.0,711.3808826546206
2022-04-27,882.6711305028144,482.9594686636396,971.9195026288734,882.6711305028144,882.6711305028144,0.0,0.0,0.0,0.0,0.0,0.0,0.0,0.0,0.0,0.0,0.0,0.0,0.0,0.0,0.0,0.0,0.0,0.0,0.0,0.0,0.0,0.0,0.0,0.0,0.0,0.0,0.0,0.0,0.0,0.0,-142.7581730541019,-142.7581730541019,-142.7581730541019,0.0,0.0,0.0,-25.343702550785807,-25.343702550785807,-25.343702550785807,-168.1018756048877,-168.1018756048877,-168.1018756048877,0.0,0.0,0.0,0.0,0.0,0.0,714.5692548979267
2022-04-28,883.0894557706542,474.9075819894582,974.7437167572771,883.0894557706542,883.0894557706542,0.0,0.0,0.0,0.0,0.0,0.0,0.0,0.0,0.0,0.0,0.0,0.0,0.0,0.0,0.0,0.0,0.0,0.0,0.0,0.0,0.0,0.0,0.0,0.0,0.0,0.0,0.0,0.0,0.0,0.0,-138.7637148194863,-138.7637148194863,-138.7637148194863,0.0,0.0,0.0,-19.319650265354777,-19.319650265354777,-19.319650265354777,-158.08336508484103,-158.08336508484103,-158.08336508484103,0.0,0.0,0.0,0.0,0.0,0.0,725.0060906858132
2022-04-29,883.507781038494,575.4573291872006,1036.120227744493,883.507781038494,883.507781038494,0.0,0.0,0.0,0.0,0.0,0.0,0.0,0.0,0.0,0.0,0.0,0.0,0.0,0.0,0.0,0.0,0.0,0.0,0.0,0.0,0.0,0.0,0.0,0.0,0.0,0.0,0.0,0.0,0.0,0.0,-69.41011264815322,-69.41011264815322,-69.41011264815322,0.0,0.0,0.0,-12.624046460840438,-12.624046460840438,-12.624046460840438,-82.03415910899365,-82.03415910899365,-82.03415910899365,0.0,0.0,0.0,0.0,0.0,0.0,801.4736219295004
2022-04-30,883.9261063063337,864.0705599118922,1337.160139812839,883.9261063063337,883.9261063063337,0.0,0.0,0.0,0.0,0.0,0.0,0.0,0.0,0.0,0.0,0.0,0.0,0.0,0.0,0.0,0.0,0.0,0.0,82.35642809,82.35642809,82.35642809,0.0,0.0,0.0,0.0,0.0,0.0,0.0,0.0,0.0,139.0957975907852,139.0957975907852,139.0957975907852,0.0,0.0,0.0,-5.389007561399815,-5.389007561399815,-5.389007561399815,216.0632181193854,216.0632181193854,216.0632181193854,82.35642809,82.35642809,82.35642809,0.0,0.0,0.0,1099.9893244257191
2022-05-01,884.3444315741735,1290.8381936639305,1775.8565541748335,884.3444315741735,884.3444315741735,0.0,0.0,0.0,0.0,0.0,0.0,0.0,0.0,0.0,0.0,0.0,0.0,0.0,0.0,0.0,0.0,0.0,0.0,183.88655114999997,183.88655114999997,183.88655114999997,0.0,0.0,0.0,0.0,0.0,0.0,0.0,0.0,0.0,452.5724344127882,452.5724344127882,452.5724344127882,0.0,0.0,0.0,2.233384771510893,2.233384771510893,2.233384771510893,638.692370334299,638.692370334299,638.692370334299,183.88655114999997,183.88655114999997,183.88655114999997,0.0,0.0,0.0,1523.0368019084726
2022-05-02,884.7627568420133,577.7457825774057,1036.29312173781,884.7627568420133,884.7627568420133,0.0,0.0,0.0,0.0,0.0,0.0,0.0,0.0,0.0,0.0,0.0,0.0,0.0,0.0,0.0,0.0,0.0,0.0,0.0,0.0,0.0,0.0,0.0,0.0,0.0,0.0,0.0,0.0,0.0,0.0,-100.45487011102021,-100.45487011102021,-100.45487011102021,0.0,0.0,0.0,10.078213848078462,10.078213848078462,10.078213848078462,-90.37665626294175,-90.37665626294175,-90.37665626294175,0.0,0.0,0.0,0.0,0.0,0.0,794.3861005790716
2022-05-03,885.1810821098532,521.6515888818763,997.746605664834,885.1810821098532,885.1810821098532,0.0,0.0,0.0,0.0,0.0,0.0,0.0,0.0,0.0,0.0,0.0,0.0,0.0,0.0,0.0,0.0,0.0,0.0,0.0,0.0,0.0,0.0,0.0,0.0,0.0,0.0,0.0,0.0,0.0,0.0,-140.28136136834775,-140.28136136834775,-140.28136136834775,0.0,0.0,0.0,17.975172924454444,17.975172924454444,17.975172924454444,-122.30618844389332,-122.30618844389332,-122.30618844389332,0.0,0.0,0.0,0.0,0.0,0.0,762.8748936659598
2022-05-04,885.599407377693,510.754121777723,1000.5120084649232,885.599407377693,885.599407377693,0.0,0.0,0.0,0.0,0.0,0.0,0.0,0.0,0.0,0.0,0.0,0.0,0.0,0.0,0.0,0.0,0.0,0.0,0.0,0.0,0.0,0.0,0.0,0.0,0.0,0.0,0.0,0.0,0.0,0.0,-142.7581730539642,-142.7581730539642,-142.7581730539642,0.0,0.0,0.0,25.75600987017508,25.75600987017508,25.75600987017508,-117.00216318378916,-117.00216318378916,-117.00216318378916,0.0,0.0,0.0,0.0,0.0,0.0,768.5972441939037
2022-05-05,886.0177326455328,534.7275683908908,1024.084005629317,886.0177326455328,886.0177326455328,0.0,0.0,0.0,0.0,0.0,0.0,0.0,0.0,0.0,0.0,0.0,0.0,0.0,0.0,0.0,0.0,0.0,0.0,0.0,0.0,0.0,0.0,0.0,0.0,0.0,0.0,0.0,0.0,0.0,0.0,-138.76371481957472,-138.76371481957472,-138.76371481957472,0.0,0.0,0.0,33.261660166352364,33.261660166352364,33.261660166352364,-105.50205465322232,-105.50205465322232,-105.50205465322232,0.0,0.0,0.0,0.0,0.0,0.0,780.5156779923104
2022-05-06,886.4361287603473,617.53738334277,1089.7314360639007,886.4361287603473,886.4361287603473,0.0,0.0,0.0,0.0,0.0,0.0,0.0,0.0,0.0,0.0,0.0,0.0,0.0,0.0,0.0,0.0,0.0,0.0,0.0,0.0,0.0,0.0,0.0,0.0,0.0,0.0,0.0,0.0,0.0,0.0,-69.410112647517,-69.410112647517,-69.410112647517,0.0,0.0,0.0,40.34877281346219,40.34877281346219,40.34877281346219,-29.061339834054788,-29.061339834054788,-29.061339834054788,0.0,0.0,0.0,0.0,0.0,0.0,857.3747889262925
2022-05-07,886.8545248751619,682.3611546916767,1156.7820007065436,886.8545248751619,886.8545248751619,0.0,0.0,0.0,0.0,0.0,0.0,0.0,0.0,0.0,0.0,0.0,0.0,0.0,0.0,0.0,0.0,0.0,0.0,0.0,0.0,0.0,0.0,0.0,0.0,0.0,0.0,0.0,-148.31314913,-148.31314913,-148.31314913,139.09579758979345,139.09579758979345,139.09579758979345,0.0,0.0,0.0,46.89536127350134,46.89536127350134,46.89536127350134,37.67800973329478,37.67800973329478,37.67800973329478,-148.31314913,-148.31314913,-148.31314913,0.0,0.0,0.0,924.5325346084567
2022-05-08,887.2729209899766,1130.366042717247,1599.928430387203,887.2729209899766,887.2729209899766,0.0,0.0,0.0,0.0,0.0,0.0,0.0,0.0,0.0,0.0,0.0,0.0,0.0,0.0,0.0,0.0,0.0,0.0,0.0,0.0,0.0,0.0,0.0,0.0,0.0,0.0,0.0,-30.374785632,-30.374785632,-30.374785632,452.57243441293195,452.57243441293195,452.57243441293195,0.0,0.0,0.0,52.805349641006835,52.805349641006835,52.805349641006835,475.00299842193886,475.00299842193886,475.00299842193886,-30.374785632,-30.374785632,-30.374785632,0.0,0.0,0.0,1362.2759194119153
2022-05-09,887.6913171047911,612.5988524105938,1074.773430721011,887.6913171047911,887.6913171047911,0.0,0.0,0.0,0.0,0.0,0.0,0.0,0.0,0.0,0.0,0.0,0.0,0.0,0.0,0.0,0.0,0.0,0.0,0.0,0.0,0.0,0.0,0.0,0.0,0.0,0.0,0.0,0.0,0.0,0.0,-100.45487011244794,-100.45487011244794,-100.45487011244794,0.0,0.0,0.0,58.01183135860854,58.01183135860854,58.01183135860854,-42.44303875383942,-42.44303875383942,-42.44303875383942,0.0,0.0,0.0,0.0,0.0,0.0,845.2482783509516
2022-05-10,888.1097132196057,593.6512442721802,1058.7486652232428,888.1097132196057,888.1097132196057,0.0,0.0,0.0,0.0,0.0,0.0,0.0,0.0,0.0,0.0,0.0,0.0,0.0,0.0,0.0,0.0,0.0,0.0,0.0,0.0,0.0,0.0,0.0,0.0,0.0,0.0,0.0,0.0,0.0,0.0,-140.2813613686812,-140.2813613686812,-140.2813613686812,0.0,0.0,0.0,62.47891214183267,62.47891214183267,62.47891214183267,-77.80244922684854,-77.80244922684854,-77.80244922684854,0.0,0.0,0.0,0.0,0.0,0.0,810.3072639927572
2022-05-11,888.5281093344203,580.1082338469262,1044.6042758395772,888.5281093344203,888.5281093344203,0.0,0.0,0.0,0.0,0.0,0.0,0.0,0.0,0.0,0.0,0.0,0.0,0.0,0.0,0.0,0.0,0.0,0.0,0.0,0.0,0.0,0.0,0.0,0.0,0.0,0.0,0.0,0.0,0.0,0.0,-142.75817305348428,-142.75817305348428,-142.75817305348428,0.0,0.0,0.0,66.2020682480772,66.2020682480772,66.2020682480772,-76.55610480540709,-76.55610480540709,-76.55610480540709,0.0,0.0,0.0,0.0,0.0,0.0,811.9720045290131
2022-05-12,888.9465054492349,587.1426973597256,1083.541452323927,888.9465054492349,888.9465054492349,0.0,0.0,0.0,0.0,0.0,0.0,0.0,0.0,0.0,0.0,0.0,0.0,0.0,0.0,0.0,0.0,0.0,0.0,0.0,0.0,0.0,0.0,0.0,0.0,0.0,0.0,0.0,0.0,0.0,0.0,-138.76371481993237,-138.76371481993237,-138.76371481993237,0.0,0.0,0.0,69.20701352096503,69.20701352096503,69.20701352096503,-69.55670129896733,-69.55670129896733,-69.55670129896733,0.0,0.0,0.0,0.0,0.0,0.0,819.3898041502675
2022-05-13,889.3649015640495,658.9838949667082,1132.3069363973004,889.3649015640495,889.3649015640495,0.0,0.0,0.0,0.0,0.0,0.0,0.0,0.0,0.0,0.0,0.0,0.0,0.0,0.0,0.0,0.0,0.0,0.0,0.0,0.0,0.0,0.0,0.0,0.0,0.0,0.0,0.0,0.0,0.0,0.0,-69.41011264747846,-69.41011264747846,-69.41011264747846,0.0,0.0,0.0,71.54713133602294,71.54713133602294,71.54713133602294,2.1370186885444955,2.1370186885444955,2.1370186885444955,0.0,0.0,0.0,0.0,0.0,0.0,891.501920252594
2022-05-14,889.783297678864,875.8515608214782,1347.436638730934,889.783297678864,889.783297678864,0.0,0.0,0.0,0.0,0.0,0.0,0.0,0.0,0.0,0.0,0.0,0.0,0.0,0.0,0.0,0.0,0.0,0.0,0.0,0.0,0.0,0.0,0.0,0.0,0.0,0.0,0.0,0.0,0.0,0.0,139.09579759038124,139.09579759038124,139.09579759038124,0.0,0.0,0.0,73.29958823066713,73.29958823066713,73.29958823066713,212.3953858210483,212.3953858210483,212.3953858210483,0.0,0.0,0.0,0.0,0.0,0.0,1102.1786834999123
2022-05-15,890.2016937936787,1185.6815376532566,1637.7436912456044,890.2016937936787,890.2016937936787,0.0,0.0,0.0,0.0,0.0,0.0,0.0,0.0,0.0,0.0,0.0,0.0,0.0,0.0,0.0,0.0,0.0,0.0,0.0,0.0,0.0,0.0,0.0,0.0,0.0,0.0,0.0,0.0,0.0,0.0,452.5724344126061,452.5724344126061,452.5724344126061,0.0,0.0,0.0,74.56030223290392,74.56030223290392,74.56030223290392,527.1327366455101,527.1327366455101,527.1327366455101,0.0,0.0,0.0,0.0,0.0,0.0,1417.334430439189
2022-05-16,890.6200899084931,628.6929002440132,1114.6840111277074,890.6200899084931,890.6200899084931,0.0,0.0,0.0,0.0,0.0,0.0,0.0,0.0,0.0,0.0,0.0,0.0,0.0,0.0,0.0,0.0,0.0,0.0,0.0,0.0,0.0,0.0,0.0,0.0,0.0,0.0,0.0,0.0,0.0,0.0,-100.45487011220652,-100.45487011220652,-100.45487011220652,0.0,0.0,0.0,75.43798849660688,75.43798849660688,75.43798849660688,-25.016881615599676,-25.016881615599676,-25.016881615599676,0.0,0.0,0.0,0.0,0.0,0.0,865.6032082928934
2022-05-17,891.0384860233078,576.3197635117988,1075.1039853135276,891.0384860233078,891.0384860233078,0.0,0.0,0.0,0.0,0.0,0.0,0.0,0.0,0.0,0.0,0.0,0.0,0.0,0.0,0.0,0.0,0.0,0.0,0.0,0.0,0.0,0.0,0.0,0.0,0.0,0.0,0.0,0.0,0.0,0.0,-140.28136136872854,-140.28136136872854,-140.28136136872854,0.0,0.0,0.0,76.0475458181702,76.0475458181702,76.0475458181702,-64.23381555055833,-64.23381555055833,-64.23381555055833,0.0,0.0,0.0,0.0,0.0,0.0,826.8046704727494
2022-05-18,891.4568821381223,591.1930194404314,1081.4422959138853,891.4568821381223,891.4568821381223,0.0,0.0,0.0,0.0,0.0,0.0,0.0,0.0,0.0,0.0,0.0,0.0,0.0,0.0,0.0,0.0,0.0,0.0,0.0,0.0,0.0,0.0,0.0,0.0,0.0,0.0,0.0,0.0,0.0,0.0,-142.75817305430706,-142.75817305430706,-142.75817305430706,0.0,0.0,0.0,76.50307828390892,76.50307828390892,76.50307828390892,-66.2550947703981,-66.2550947703981,-66.2550947703981,0.0,0.0,0.0,0.0,0.0,0.0,825.2017873677241
2022-05-19,891.8752782529369,595.9227879855113,1069.1947789354888,891.8752782529369,891.8752782529369,0.0,0.0,0.0,0.0,0.0,0.0,0.0,0.0,0.0,0.0,0.0,0.0,0.0,0.0,0.0,0.0,0.0,0.0,0.0,0.0,0.0,0.0,0.0,0.0,0.0,0.0,0.0,0.0,0.0,0.0,-138.76371481965438,-138.76371481965438,-138.76371481965438,0.0,0.0,0.0,76.91086539845999,76.91086539845999,76.91086539845999,-61.852849421194364,-61.852849421194364,-61.852849421194364,0.0,0.0,0.0,0.0,0.0,0.0,830.0224288317426
2022-05-20,892.2936743677516,666.6364275438372,1139.3161466312079,892.2936743677516,892.2936743677516,0.0,0.0,0.0,0.0,0.0,0.0,0.0,0.0,0.0,0.0,0.0,0.0,0.0,0.0,0.0,0.0,0.0,0.0,0.0,0.0,0.0,0.0,0.0,0.0,0.0,0.0,0.0,0.0,0.0,0.0,-69.41011264747853,-69.41011264747853,-69.41011264747853,0.0,0.0,0.0,77.36260071271573,77.36260071271573,77.36260071271573,7.952488065237177,7.952488065237177,7.952488065237177,0.0,0.0,0.0,0.0,0.0,0.0,900.2461624329887
2022-05-21,892.7120704825661,878.5261168135869,1359.650162775928,892.7120704825661,892.7120704825661,0.0,0.0,0.0,0.0,0.0,0.0,0.0,0.0,0.0,0.0,0.0,0.0,0.0,0.0,0.0,0.0,0.0,0.0,0.0,0.0,0.0,0.0,0.0,0.0,0.0,0.0,0.0,0.0,0.0,0.0,139.09579758913716,139.09579758913716,139.09579758913716,0.0,0.0,0.0,77.92921282481056,77.92921282481056,77.92921282481056,217.02501041394777,217.02501041394777,217.02501041394777,0.0,0.0,0.0,0.0,0.0,0.0,1109.7370808965138
2022-05-22,893.1304665973807,1217.9679919736868,1661.692472074417,893.1304665973807,893.1304665973807,0.0,0.0,0.0,0.0,0.0,0.0,0.0,0.0,0.0,0.0,0.0,0.0,0.0,0.0,0.0,0.0,0.0,0.0,0.0,0.0,0.0,0.0,0.0,0.0,0.0,0.0,0.0,0.0,0.0,0.0,452.5724344123348,452.5724344123348,452.5724344123348,0.0,0.0,0.0,78.65556375715038,78.65556375715038,78.65556375715038,531.2279981694852,531.2279981694852,531.2279981694852,0.0,0.0,0.0,0.0,0.0,0.0,1424.3584647668658
2022-05-23,893.5488627121954,635.7542732420721,1115.4625932483102,893.5488627121954,893.5488627121954,0.0,0.0,0.0,0.0,0.0,0.0,0.0,0.0,0.0,0.0,0.0,0.0,0.0,0.0,0.0,0.0,0.0,0.0,0.0,0.0,0.0,0.0,0.0,0.0,0.0,0.0,0.0,0.0,0.0,0.0,-100.45487011190949,-100.45487011190949,-100.45487011190949,0.0,0.0,0.0,79.55628871582334,79.55628871582334,79.55628871582334,-20.898581396086136,-20.898581396086136,-20.898581396086136,0.0,0.0,0.0,0.0,0.0,0.0,872.6502813161093
2022-05-24,893.9672588270099,590.7285172515692,1062.39580886756,893.9672588270099,893.9672588270099,0.0,0.0,0.0,0.0,0.0,0.0,0.0,0.0,0.0,0.0,0.0,0.0,0.0,0.0,0.0,0.0,0.0,0.0,0.0,0.0,0.0,0.0,0.0,0.0,0.0,0.0,0.0,0.0,0.0,0.0,-140.28136136906204,-140.28136136906204,-140.28136136906204,0.0,0.0,0.0,80.61299914708702,80.61299914708702,80.61299914708702,-59.66836222197502,-59.66836222197502,-59.66836222197502,0.0,0.0,0.0,0.0,0.0,0.0,834.2988966050349
2022-05-25,894.3856549418243,704.6121395291061,1183.1864345201986,894.3856549418243,894.3856549418243,0.0,0.0,0.0,0.0,0.0,0.0,107.63690845,107.63690845,107.63690845,0.0,0.0,0.0,0.0,0.0,0.0,0.0,0.0,0.0,0.0,0.0,0.0,0.0,0.0,0.0,0.0,0.0,0.0,0.0,0.0,0.0,-142.75817305431173,-142.75817305431173,-142.75817305431173,0.0,0.0,0.0,81.77301932060317,81.77301932060317,81.77301932060317,46.65175471629145,46.65175471629145,46.65175471629145,107.63690845,107.63690845,107.63690845,0.0,0.0,0.0,941.0374096581157
2022-05-26,894.8040513175862,1484.9484279239227,1968.2846944224393,894.8040513175862,894.8040513175862,0.0,0.0,0.0,0.0,0.0,0.0,893.5603511999999,893.5603511999999,893.5603511999999,0.0,0.0,0.0,0.0,0.0,0.0,0.0,0.0,0.0,0.0,0.0,0.0,0.0,0.0,0.0,0.0,0.0,0.0,0.0,0.0,0.0,-138.7637148197366,-138.7637148197366,-138.7637148197366,0.0,0.0,0.0,82.9497672438687,82.9497672438687,82.9497672438687,837.7464036241321,837.7464036241321,837.7464036241321,893.5603511999999,893.5603511999999,893.5603511999999,0.0,0.0,0.0,1732.5504549417183
2022-05-27,895.222447693348,657.9236973855865,1141.5762602492105,895.222447693348,895.222447693348,0.0,0.0,0.0,0.0,0.0,0.0,0.0,0.0,0.0,0.0,0.0,0.0,0.0,0.0,0.0,0.0,0.0,0.0,0.0,0.0,0.0,0.0,0.0,0.0,0.0,0.0,0.0,0.0,0.0,0.0,-69.4101126471219,-69.4101126471219,-69.4101126471219,0.0,0.0,0.0,84.02482573106563,84.02482573106563,84.02482573106563,14.614713083943741,14.614713083943741,14.614713083943741,0.0,0.0,0.0,0.0,0.0,0.0,909.8371607772917
2022-05-28,895.6408440691099,876.2658470100737,1356.7083791602392,895.6408440691099,895.6408440691099,0.0,0.0,0.0,0.0,0.0,0.0,0.0,0.0,0.0,0.0,0.0,0.0,0.0,0.0,0.0,0.0,0.0,0.0,0.0,0.0,0.0,0.0,0.0,0.0,0.0,0.0,0.0,0.0,0.0,0.0,139.09579758951813,139.09579758951813,139.09579758951813,0.0,0.0,0.0,84.85168132882586,84.85168132882586,84.85168132882586,223.94747891834396,223.94747891834396,223.94747891834396,0.0,0.0,0.0,0.0,0.0,0.0,1119.588322987454
2022-05-29,896.0592404448718,1202.2704559568072,1692.7023765327162,896.0592404448718,896.0592404448718,0.0,0.0,0.0,0.0,0.0,0.0,0.0,0.0,0.0,0.0,0.0,0.0,0.0,0.0,0.0,0.0,0.0,0.0,0.0,0.0,0.0,0.0,0.0,0.0,0.0,0.0,0.0,0.0,0.0,0.0,452.57243441284544,452.57243441284544,452.57243441284544,0.0,0.0,0.0,85.26104010890631,85.26104010890631,85.26104010890631,537.8334745217518,537.8334745217518,537.8334745217518,0.0,0.0,0.0,0.0,0.0,0.0,1433.8927149666235
2022-05-30,896.4776368206335,656.6495831598999,1107.840145402591,896.4776368206335,896.4776368206335,0.0,0.0,0.0,0.0,0.0,0.0,0.0,0.0,0.0,0.0,0.0,0.0,0.0,0.0,0.0,0.0,0.0,0.0,0.0,0.0,0.0,0.0,0.0,0.0,0.0,0.0,0.0,0.0,0.0,0.0,-100.45487011239403,-100.45487011239403,-100.45487011239403,0.0,0.0,0.0,85.06756269441149,85.06756269441149,85.06756269441149,-15.387307417982536,-15.387307417982536,-15.387307417982536,0.0,0.0,0.0,0.0,0.0,0.0,881.0903294026509
2022-05-31,896.8960331963954,626.5217190019364,1066.8673832958718,896.8960331963954,896.8960331963954,0.0,0.0,0.0,0.0,0.0,0.0,0.0,0.0,0.0,0.0,0.0,0.0,0.0,0.0,0.0,0.0,0.0,0.0,0.0,0.0,0.0,0.0,0.0,0.0,0.0,0.0,0.0,0.0,0.0,0.0,-140.28136136860897,-140.28136136860897,-140.28136136860897,0.0,0.0,0.0,84.07779887416046,84.07779887416046,84.07779887416046,-56.20356249444854,-56.20356249444854,-56.20356249444854,0.0,0.0,0.0,0.0,0.0,0.0,840.6924707019468
2022-06-01,897.3144295721572,602.90408840917,1090.3645638753133,897.3144295721572,897.3144295721572,0.0,0.0,0.0,0.0,0.0,0.0,0.0,0.0,0.0,0.0,0.0,0.0,0.0,0.0,0.0,0.0,0.0,0.0,0.0,0.0,0.0,0.0,0.0,0.0,0.0,0.0,0.0,0.0,0.0,0.0,-142.75817305465864,-142.75817305465864,-142.75817305465864,0.0,0.0,0.0,82.09904722529122,82.09904722529122,82.09904722529122,-60.65912582936743,-60.65912582936743,-60.65912582936743,0.0,0.0,0.0,0.0,0.0,0.0,836.6553037427898
2022-06-02,897.7328259479191,606.8962452914609,1076.04990651792,897.7328259479191,897.7328259479191,0.0,0.0,0.0,0.0,0.0,0.0,0.0,0.0,0.0,0.0,0.0,0.0,0.0,0.0,0.0,0.0,0.0,0.0,0.0,0.0,0.0,0.0,0.0,0.0,0.0,0.0,0.0,0.0,0.0,0.0,-138.76371482046073,-138.76371482046073,-138.76371482046073,0.0,0.0,0.0,78.94881951917496,78.94881951917496,78.94881951917496,-59.81489530128576,-59.81489530128576,-59.81489530128576,0.0,0.0,0.0,0.0,0.0,0.0,837.9179306466333
2022-06-03,898.1512223236809,665.2019780435452,1164.3857676596715,898.1512223236809,898.1512223236809,0.0,0.0,0.0,0.0,0.0,0.0,0.0,0.0,0.0,0.0,0.0,0.0,0.0,0.0,0.0,0.0,0.0,0.0,0.0,0.0,0.0,0.0,0.0,0.0,0.0,0.0,0.0,0.0,0.0,0.0,-69.41011264858595,-69.41011264858595,-69.41011264858595,0.0,0.0,0.0,74.46455523382161,74.46455523382161,74.46455523382161,5.05444258523567,5.05444258523567,5.05444258523567,0.0,0.0,0.0,0.0,0.0,0.0,903.2056649089166
2022-06-04,898.5696186994428,866.8629874211696,1357.5150159023963,898.5696186994428,898.5696186994428,0.0,0.0,0.0,0.0,0.0,0.0,0.0,0.0,0.0,0.0,0.0,0.0,0.0,0.0,0.0,0.0,0.0,0.0,0.0,0.0,0.0,0.0,0.0,0.0,0.0,0.0,0.0,0.0,0.0,0.0,139.0957975892934,139.0957975892934,139.0957975892934,0.0,0.0,0.0,68.51320974906949,68.51320974906949,68.51320974906949,207.6090073383629,207.6090073383629,207.6090073383629,0.0,0.0,0.0,0.0,0.0,0.0,1106.1786260378058
2022-06-05,898.9880150752045,1688.7748986731845,2160.122143270737,898.9880150752045,898.9880150752045,0.0,0.0,0.0,0.0,0.0,0.0,0.0,0.0,0.0,0.0,0.0,0.0,0.0,0.0,0.0,0.0,0.0,0.0,0.0,0.0,0.0,0.0,0.0,0.0,0.0,0.0,0.0,0.0,0.0,0.0,452.57243441262864,452.57243441262864,452.57243441262864,511.461983,511.461983,511.461983,61.00033182384101,61.00033182384101,61.00033182384101,1025.0347492364697,1025.0347492364697,1025.0347492364697,511.461983,511.461983,511.461983,0.0,0.0,0.0,1924.022764311674
2022-06-06,899.4064114509663,1351.4850002136943,1825.1575957046487,899.4064114509663,899.4064114509663,0.0,0.0,0.0,0.0,0.0,0.0,0.0,0.0,0.0,0.0,0.0,0.0,0.0,0.0,0.0,0.0,0.0,0.0,0.0,0.0,0.0,0.0,0.0,0.0,0.0,0.0,0.0,0.0,0.0,0.0,-100.4548701122612,-100.4548701122612,-100.4548701122612,733.4446985999999,733.4446985999999,733.4446985999999,51.878252316931565,51.878252316931565,51.878252316931565,684.8680808046704,684.8680808046704,684.8680808046704,733.4446985999999,733.4446985999999,733.4446985999999,0.0,0.0,0.0,1584.2744922556367
2022-06-07,899.8248078267281,571.5521869499266,1053.9209681228078,899.8248078267281,899.8248078267281,0.0,0.0,0.0,0.0,0.0,0.0,0.0,0.0,0.0,0.0,0.0,0.0,0.0,0.0,0.0,0.0,0.0,0.0,0.0,0.0,0.0,0.0,0.0,0.0,0.0,0.0,0.0,0.0,0.0,0.0,-140.28136136919264,-140.28136136919264,-140.28136136919264,0.0,0.0,0.0,41.15302686794061,41.15302686794061,41.15302686794061,-99.12833450125204,-99.12833450125204,-99.12833450125204,0.0,0.0,0.0,0.0,0.0,0.0,800.6964733254761
2022-06-08,900.24320420249,555.0688727265075,1040.4478875176965,900.24320420249,900.24320420249,0.0,0.0,0.0,0.0,0.0,0.0,0.0,0.0,0.0,0.0,0.0,0.0,0.0,0.0,0.0,0.0,0.0,0.0,0.0,0.0,0.0,0.0,0.0,0.0,0.0,0.0,0.0,0.0,0.0,0.0,-142.75817305383657,-142.75817305383657,-142.75817305383657,0.0,0.0,0.0,28.88980991856437,28.88980991856437,28.88980991856437,-113.86836313527219,-113.86836313527219,-113.86836313527219,0.0,0.0,0.0,0.0,0.0,0.0,786.3748410672179
2022-06-09,900.6616005782519,525.7472752107637,1004.7436302782709,900.6616005782519,900.6616005782519,0.0,0.0,0.0,0.0,0.0,0.0,0.0,0.0,0.0,0.0,0.0,0.0,0.0,0.0,0.0,0.0,0.0,0.0,0.0,0.0,0.0,0.0,0.0,0.0,0.0,0.0,0.0,0.0,0.0,0.0,-138.76371482018274,-138.76371482018274,-138.76371482018274,0.0,0.0,0.0,15.216385030248754,15.216385030248754,15.216385030248754,-123.54732978993395,-123.54732978993395,-123.54732978993395,0.0,0.0,0.0,0.0,0.0,0.0,777.1142707883179
2022-06-10,901.0799969540137,591.6371834651164,1064.6687381072475,901.0799969540137,901.0799969540137,0.0,0.0,0.0,0.0,0.0,0.0,0.0,0.0,0.0,0.0,0.0,0.0,0.0,0.0,0.0,0.0,0.0,0.0,0.0,0.0,0.0,0.0,0.0,0.0,0.0,0.0,0.0,0.0,0.0,0.0,-69.41011264794976,-69.41011264794976,-69.41011264794976,0.0,0.0,0.0,0.32463545546544503,0.32463545546544503,0.32463545546544503,-69.08547719248432,-69.08547719248432,-69.08547719248432,0.0,0.0,0.0,0.0,0.0,0.0,831.9945197615294
2022-06-11,901.4983933297754,800.7875754090762,1263.370946056956,901.4983933297754,901.4983933297754,0.0,0.0,0.0,0.0,0.0,0.0,0.0,0.0,0.0,0.0,0.0,0.0,0.0,0.0,0.0,0.0,0.0,0.0,0.0,0.0,0.0,0.0,0.0,0.0,0.0,0.0,0.0,0.0,0.0,0.0,139.09579759008798,139.09579759008798,139.09579759008798,0.0,0.0,0.0,-15.530192587753312,-15.530192587753312,-15.530192587753312,123.5656050023347,123.5656050023347,123.5656050023347,0.0,0.0,0.0,0.0,0.0,0.0,1025.06399833211
2022-06-12,901.9167897055374,1107.3680858869395,1560.476274762156,901.9167897055374,901.9167897055374,0.0,0.0,0.0,0.0,0.0,0.0,0.0,0.0,0.0,0.0,0.0,0.0,0.0,0.0,0.0,0.0,0.0,0.0,0.0,0.0,0.0,0.0,0.0,0.0,0.0,0.0,0.0,0.0,0.0,0.0,452.57243441271794,452.57243441271794,452.57243441271794,0.0,0.0,0.0,-32.03250581212917,-32.03250581212917,-32.03250581212917,420.5399286005888,420.5399286005888,420.5399286005888,0.0,0.0,0.0,0.0,0.0,0.0,1322.4567183061263
2022-06-13,902.3351860812991,519.5453305788103,996.6231265528522,902.3351860812991,902.3351860812991,0.0,0.0,0.0,0.0,0.0,0.0,0.0,0.0,0.0,0.0,0.0,0.0,0.0,0.0,0.0,0.0,0.0,0.0,0.0,0.0,0.0,0.0,0.0,0.0,0.0,0.0,0.0,0.0,0.0,0.0,-100.45487011201976,-100.45487011201976,-100.45487011201976,0.0,0.0,0.0,-48.81165055157025,-48.81165055157025,-48.81165055157025,-149.26652066359003,-149.26652066359003,-149.26652066359003,0.0,0.0,0.0,0.0,0.0,0.0,753.0686654177091
2022-06-14,902.7535824570609,459.75376322307153,954.142076020498,902.7535824570609,902.7535824570609,0.0,0.0,0.0,0.0,0.0,0.0,0.0,0.0,0.0,0.0,0.0,0.0,0.0,0.0,0.0,0.0,0.0,0.0,0.0,0.0,0.0,0.0,0.0,0.0,0.0,0.0,0.0,0.0,0.0,0.0,-140.28136136790488,-140.28136136790488,-140.28136136790488,0.0,0.0,0.0,-65.44937985675246,-65.44937985675246,-65.44937985675246,-205.73074122465738,-205.73074122465738,-205.73074122465738,0.0,0.0,0.0,0.0,0.0,0.0,697.0228412324036
2022-06-15,903.1719788328228,440.9608801949288,907.4575204056749,903.1719788328228,903.1719788328228,0.0,0.0,0.0,0.0,0.0,0.0,0.0,0.0,0.0,0.0,0.0,0.0,0.0,0.0,0.0,0.0,0.0,0.0,0.0,0.0,0.0,0.0,0.0,0.0,0.0,0.0,0.0,0.0,0.0,0.0,-142.75817305418343,-142.75817305418343,-142.75817305418343,0.0,0.0,0.0,-81.48932977580571,-81.48932977580571,-81.48932977580571,-224.2475028299892,-224.2475028299892,-224.2475028299892,0.0,0.0,0.0,0.0,0.0,0.0,678.9244760028336
2022-06-16,903.5903752085846,424.02419516660797,898.0525032462714,903.5903752085846,903.5903752085846,0.0,0.0,0.0,0.0,0.0,0.0,0.0,0.0,0.0,0.0,0.0,0.0,0.0,0.0,0.0,0.0,0.0,0.0,0.0,0.0,0.0,0.0,0.0,0.0,0.0,0.0,0.0,0.0,0.0,0.0,-138.76371482090687,-138.76371482090687,-138.76371482090687,0.0,0.0,0.0,-96.44825686587548,-96.44825686587548,-96.44825686587548,-235.21197168678236,-235.21197168678236,-235.21197168678236,0.0,0.0,0.0,0.0,0.0,0.0,668.3784035218023
2022-06-17,904.0087715843465,495.0119083401297,978.2866225656963,904.0087715843465,904.0087715843465,0.0,0.0,0.0,0.0,0.0,0.0,0.0,0.0,0.0,0.0,0.0,0.0,0.0,0.0,0.0,0.0,0.0,0.0,0.0,0.0,0.0,0.0,0.0,0.0,0.0,0.0,0.0,0.0,0.0,0.0,-69.41011264787271,-69.41011264787271,-69.41011264787271,0.0,0.0,0.0,-109.82871920347365,-109.82871920347365,-109.82871920347365,-179.23883185134636,-179.23883185134636,-179.23883185134636,0.0,0.0,0.0,0.0,0.0,0.0,724.7699397330001
2022-06-18,904.4271679601081,696.694886973897,1160.3313714643782,904.4271679601081,904.4271679601081,0.0,0.0,0.0,0.0,0.0,0.0,0.0,0.0,0.0,0.0,0.0,0.0,0.0,0.0,0.0,0.0,0.0,0.0,0.0,0.0,0.0,0.0,0.0,0.0,0.0,0.0,0.0,0.0,0.0,0.0,139.09579758965643,139.09579758965643,139.09579758965643,0.0,0.0,0.0,-121.13282295584851,-121.13282295584851,-121.13282295584851,17.962974633807853,17.962974633807853,17.962974633807853,0.0,0.0,0.0,0.0,0.0,0.0,922.390142593916
2022-06-19,904.8455643358702,981.2483055966883,1447.4601233325818,904.8455643358702,904.8455643358702,0.0,0.0,0.0,0.0,0.0,0.0,0.0,0.0,0.0,0.0,0.0,0.0,0.0,0.0,0.0,0.0,0.0,0.0,0.0,0.0,0.0,0.0,0.0,0.0,0.0,0.0,0.0,0.0,0.0,0.0,452.57243441281344,452.57243441281344,452.57243441281344,0.0,0.0,0.0,-129.87660829704893,-129.87660829704893,-129.87660829704893,322.69582611576453,322.69582611576453,322.69582611576453,0.0,0.0,0.0,0.0,0.0,0.0,1227.5413904516347
2022-06-20,905.2639607116319,435.4373579531265,919.7359549730379,905.2639607116319,905.2639607116319,0.0,0.0,0.0,0.0,0.0,0.0,0.0,0.0,0.0,0.0,0.0,0.0,0.0,0.0,0.0,0.0,0.0,0.0,0.0,0.0,0.0,0.0,0.0,0.0,0.0,0.0,0.0,0.0,0.0,0.0,-100.4548701117783,-100.4548701117783,-100.4548701117783,0.0,0.0,0.0,-135.6046140367505,-135.6046140367505,-135.6046140367505,-236.05948414852884,-236.05948414852884,-236.05948414852884,0.0,0.0,0.0,0.0,0.0,0.0,669.2044765631031
2022-06-21,905.6823570873937,377.7901615780413,854.184022044264,905.6823570873937,905.6823570873937,0.0,0.0,0.0,0.0,0.0,0.0,0.0,0.0,0.0,0.0,0.0,0.0,0.0,0.0,0.0,0.0,0.0,0.0,0.0,0.0,0.0,0.0,0.0,0.0,0.0,0.0,0.0,0.0,0.0,0.0,-140.2813613679522,-140.2813613679522,-140.2813613679522,0.0,0.0,0.0,-137.90414127793431,-137.90414127793431,-137.90414127793431,-278.18550264588646,-278.18550264588646,-278.18550264588646,0.0,0.0,0.0,0.0,0.0,0.0,627.4968544415073
2022-06-22,906.1007534631556,385.21524496090365,863.4242556740919,906.1007534631556,906.1007534631556,0.0,0.0,0.0,0.0,0.0,0.0,0.0,0.0,0.0,0.0,0.0,0.0,0.0,0.0,0.0,0.0,0.0,0.0,0.0,0.0,0.0,0.0,0.0,0.0,0.0,0.0,0.0,0.0,0.0,0.0,-142.75817305369478,-142.75817305369478,-142.75817305369478,0.0,0.0,0.0,-136.4187336976494,-136.4187336976494,-136.4187336976494,-279.1769067513441,-279.1769067513441,-279.1769067513441,0.0,0.0,0.0,0.0,0.0,0.0,626.9238467118114
2022-06-23,906.5191498389174,387.93810106730376,868.4674430982999,906.5191498389174,906.5191498389174,0.0,0.0,0.0,0.0,0.0,0.0,0.0,0.0,0.0,0.0,0.0,0.0,0.0,0.0,0.0,0.0,0.0,0.0,0.0,0.0,0.0,0.0,0.0,0.0,0.0,0.0,0.0,0.0,0.0,0.0,-138.76371482026235,-138.76371482026235,-138.76371482026235,0.0,0.0,0.0,-130.8604060538901,-130.8604060538901,-130.8604060538901,-269.6241208741525,-269.6241208741525,-269.6241208741525,0.0,0.0,0.0,0.0,0.0,0.0,636.895028964765
2022-06-24,906.9375462146793,482.97644284777374,963.4185992468988,906.9375462146793,906.9375462146793,0.0,0.0,0.0,0.0,0.0,0.0,0.0,0.0,0.0,0.0,0.0,0.0,0.0,0.0,0.0,0.0,0.0,0.0,0.0,0.0,0.0,0.0,0.0,0.0,0.0,0.0,0.0,0.0,0.0,0.0,-69.41011264755461,-69.41011264755461,-69.41011264755461,0.0,0.0,0.0,-121.02018309980099,-121.02018309980099,-121.02018309980099,-190.43029574735564,-190.43029574735564,-190.43029574735564,0.0,0.0,0.0,0.0,0.0,0.0,716.5072504673236
2022-06-25,907.355942590441,709.0030063696637,1195.0330009384782,907.355942590441,907.355942590441,0.0,0.0,0.0,0.0,0.0,0.0,0.0,0.0,0.0,0.0,0.0,0.0,0.0,0.0,0.0,0.0,0.0,0.0,0.0,0.0,0.0,0.0,0.0,0.0,0.0,0.0,0.0,0.0,0.0,0.0,139.0957975898908,139.0957975898908,139.0957975898908,0.0,0.0,0.0,-106.77655745312353,-106.77655745312353,-106.77655745312353,32.31924013676729,32.31924013676729,32.31924013676729,0.0,0.0,0.0,0.0,0.0,0.0,939.6751827272083
2022-06-26,907.7743389662029,1048.7247014944237,1508.6009989936178,907.7743389662029,907.7743389662029,0.0,0.0,0.0,0.0,0.0,0.0,0.0,0.0,0.0,0.0,0.0,0.0,0.0,0.0,0.0,0.0,0.0,0.0,0.0,0.0,0.0,0.0,0.0,0.0,0.0,0.0,0.0,0.0,0.0,0.0,452.5724344129028,452.5724344129028,452.5724344129028,0.0,0.0,0.0,-88.10153581000993,-88.10153581000993,-88.10153581000993,364.4708986028928,364.4708986028928,364.4708986028928,0.0,0.0,0.0,0.0,0.0,0.0,1272.2452375690957
2022-06-27,908.1927353419647,498.5821398103747,970.1760624220392,908.1927353419647,908.1927353419647,0.0,0.0,0.0,0.0,0.0,0.0,0.0,0.0,0.0,0.0,0.0,0.0,0.0,0.0,0.0,0.0,0.0,0.0,0.0,0.0,0.0,0.0,0.0,0.0,0.0,0.0,0.0,0.0,0.0,0.0,-100.45487011237147,-100.45487011237147,-100.45487011237147,0.0,0.0,0.0,-65.06401634274575,-65.06401634274575,-65.06401634274575,-165.51888645511718,-165.51888645511718,-165.51888645511718,0.0,0.0,0.0,0.0,0.0,0.0,742.6738488868475
2022-06-28,908.6111317177266,488.6158971110538,957.7487022386691,908.6111317177266,908.6111317177266,0.0,0.0,0.0,0.0,0.0,0.0,0.0,0.0,0.0,0.0,0.0,0.0,0.0,0.0,0.0,0.0,0.0,0.0,0.0,0.0,0.0,0.0,0.0,0.0,0.0,0.0,0.0,0.0,0.0,0.0,-140.28136136828567,-140.28136136828567,-140.28136136828567,0.0,0.0,0.0,-37.83032385774891,-37.83032385774891,-37.83032385774891,-178.11168522603455,-178.11168522603455,-178.11168522603455,0.0,0.0,0.0,0.0,0.0,0.0,730.4994464916921
2022-06-29,909.0295280934884,524.4300698908581,1009.2927281632352,909.0295280934884,909.0295280934884,0.0,0.0,0.0,0.0,0.0,0.0,0.0,0.0,0.0,0.0,0.0,0.0,0.0,0.0,0.0,0.0,0.0,0.0,0.0,0.0,0.0,0.0,0.0,0.0,0.0,0.0,0.0,0.0,0.0,0.0,-142.7581730535571,-142.7581730535571,-142.7581730535571,0.0,0.0,0.0,-6.66182058989624,-6.66182058989624,-6.66182058989624,-149.4199936434534,-149.4199936434534,-149.4199936434534,0.0,0.0,0.0,0.0,0.0,0.0,759.609534450035
2022-06-30,909.4479244692502,553.7019773094544,1030.206030277176,909.4479244692502,909.4479244692502,0.0,0.0,0.0,0.0,0.0,0.0,0.0,0.0,0.0,0.0,0.0,0.0,0.0,0.0,0.0,0.0,0.0,0.0,0.0,0.0,0.0,0.0,0.0,0.0,0.0,0.0,0.0,0.0,0.0,0.0,-138.76371482034463,-138.76371482034463,-138.76371482034463,0.0,0.0,0.0,28.09039364542815,28.09039364542815,28.09039364542815,-110.67332117491647,-110.67332117491647,-110.67332117491647,0.0,0.0,0.0,0.0,0.0,0.0,798.7746032943337
2022-07-01,909.866320845012,649.4310680503136,1146.011085153888,909.866320845012,909.866320845012,0.0,0.0,0.0,0.0,0.0,0.0,0.0,0.0,0.0,0.0,0.0,0.0,0.0,0.0,0.0,0.0,0.0,0.0,0.0,0.0,0.0,0.0,0.0,0.0,0.0,0.0,0.0,0.0,0.0,0.0,-69.41011264719795,-69.41011264719795,-69.41011264719795,0.0,0.0,0.0,65.99358106481336,65.99358106481336,65.99358106481336,-3.4165315823846285,-3.4165315823846285,-3.4165315823846285,0.0,0.0,0.0,0.0,0.0,0.0,906.4497892626273
2022-07-02,910.2847172207738,907.7164526582858,1392.3261861163141,910.2847172207738,910.2847172207738,0.0,0.0,0.0,0.0,0.0,0.0,0.0,0.0,0.0,0.0,0.0,0.0,0.0,0.0,0.0,0.0,0.0,0.0,0.0,0.0,0.0,0.0,0.0,0.0,0.0,0.0,0.0,0.0,0.0,0.0,139.0957975902718,139.0957975902718,139.0957975902718,0.0,0.0,0.0,106.54405926258801,106.54405926258801,106.54405926258801,245.6398568528598,245.6398568528598,245.6398568528598,0.0,0.0,0.0,0.0,0.0,0.0,1155.9245740736337
2022-07-03,910.7031135965357,1273.6169665050334,1727.421918526345,910.7031135965357,910.7031135965357,0.0,0.0,0.0,0.0,0.0,0.0,0.0,0.0,0.0,0.0,0.0,0.0,0.0,0.0,0.0,0.0,0.0,0.0,0.0,0.0,0.0,0.0,0.0,0.0,0.0,0.0,0.0,0.0,0.0,0.0,452.57243441268594,452.57243441268594,452.57243441268594,0.0,0.0,0.0,149.18019240221122,149.18019240221122,149.18019240221122,601.7526268148973,601.7526268148973,601.7526268148973,0.0,0.0,0.0,0.0,0.0,0.0,1512.455740411433
2022-07-04,911.1215099722975,777.1130122841067,1242.0489196229241,911.1215099722975,911.1215099722975,0.0,0.0,0.0,0.0,0.0,0.0,0.0,0.0,0.0,0.0,0.0,0.0,0.0,0.0,0.0,0.0,0.0,0.0,0.0,0.0,0.0,0.0,0.0,0.0,0.0,0.0,0.0,0.0,0.0,0.0,-100.45487011223862,-100.45487011223862,-100.45487011223862,0.0,0.0,0.0,193.29730297319867,193.29730297319867,193.29730297319867,92.84243286096007,92.84243286096007,92.84243286096007,0.0,0.0,0.0,0.0,0.0,0.0,1003.9639428332576
2022-07-05,911.5399063480594,768.9064868739155,1245.035935379782,911.5399063480594,911.5399063480594,0.0,0.0,0.0,0.0,0.0,0.0,0.0,0.0,0.0,0.0,0.0,0.0,0.0,0.0,0.0,0.0,0.0,0.0,0.0,0.0,0.0,0.0,0.0,0.0,0.0,0.0,0.0,0.0,0.0,0.0,-140.28136136886934,-140.28136136886934,-140.28136136886934,0.0,0.0,0.0,238.26405680541114,238.26405680541114,238.26405680541114,97.98269543654189,97.98269543654189,97.98269543654189,0.0,0.0,0.0,0.0,0.0,0.0,1009.5226017846013
2022-07-06,911.9583027238212,828.1351839833386,1278.703147421884,911.9583027238212,911.9583027238212,0.0,0.0,0.0,0.0,0.0,0.0,0.0,0.0,0.0,0.0,0.0,0.0,0.0,0.0,0.0,0.0,0.0,0.0,0.0,0.0,0.0,0.0,0.0,0.0,0.0,0.0,0.0,0.0,0.0,0.0,-142.75817305438864,-142.75817305438864,-142.75817305438864,0.0,0.0,0.0,283.4398179428808,283.4398179428808,283.4398179428808,140.6816448884921,140.6816448884921,140.6816448884921,0.0,0.0,0.0,0.0,0.0,0.0,1052.6399476123133
2022-07-07,912.3766990995829,876.8531255696148,1339.1028747885,912.3766990995829,912.3766990995829,0.0,0.0,0.0,0.0,0.0,0.0,0.0,0.0,0.0,0.0,0.0,0.0,0.0,0.0,0.0,0.0,0.0,0.0,0.0,0.0,0.0,0.0,0.0,0.0,0.0,0.0,0.0,0.0,0.0,0.0,-138.76371481970014,-138.76371481970014,-138.76371481970014,0.0,0.0,0.0,328.19242992616284,328.19242992616284,328.19242992616284,189.42871510646268,189.42871510646268,189.42871510646268,0.0,0.0,0.0,0.0,0.0,0.0,1101.8054142060455
2022-07-08,912.7950954753447,982.9984044412658,1448.6625497429025,912.7950954753447,912.7950954753447,0.0,0.0,0.0,0.0,0.0,0.0,0.0,0.0,0.0,0.0,0.0,0.0,0.0,0.0,0.0,0.0,0.0,0.0,0.0,0.0,0.0,0.0,0.0,0.0,0.0,0.0,0.0,0.0,0.0,0.0,-69.4101126468799,-69.4101126468799,-69.4101126468799,0.0,0.0,0.0,371.9158576181766,371.9158576181766,371.9158576181766,302.5057449712967,302.5057449712967,302.5057449712967,0.0,0.0,0.0,0.0,0.0,0.0,1215.3008404466414
2022-07-09,913.2134918511066,1227.1267965875536,1683.6096929944595,913.2134918511066,913.2134918511066,0.0,0.0,0.0,0.0,0.0,0.0,0.0,0.0,0.0,0.0,0.0,0.0,0.0,0.0,0.0,0.0,0.0,0.0,0.0,0.0,0.0,0.0,0.0,0.0,0.0,0.0,0.0,0.0,0.0,0.0,139.09579758984026,139.09579758984026,139.09579758984026,0.0,0.0,0.0,414.04711994492067,414.04711994492067,414.04711994492067,553.1429175347608,553.1429175347608,553.1429175347608,0.0,0.0,0.0,0.0,0.0,0.0,1466.3564093858674
2022-07-10,913.6318882268685,1582.5054361233433,2054.402259301151,913.6318882268685,913.6318882268685,0.0,0.0,0.0,0.0,0.0,0.0,0.0,0.0,0.0,0.0,0.0,0.0,0.0,0.0,0.0,0.0,0.0,0.0,0.0,0.0,0.0,0.0,0.0,0.0,0.0,0.0,0.0,0.0,0.0,0.0,452.5724344131903,452.5724344131903,452.5724344131903,0.0,0.0,0.0,454.0819591785917,454.0819591785917,454.0819591785917,906.6543935917822,906.6543935917822,906.6543935917822,0.0,0.0,0.0,0.0,0.0,0.0,1820.2862818186507
2022-07-11,914.0502846026303,1075.6821178057853,1530.1728095293565,914.0502846026303,914.0502846026303,0.0,0.0,0.0,0.0,0.0,0.0,0.0,0.0,0.0,0.0,0.0,0.0,0.0,0.0,0.0,0.0,0.0,0.0,0.0,0.0,0.0,0.0,0.0,0.0,0.0,0.0,0.0,0.0,0.0,0.0,-100.45487011183297,-100.45487011183297,-100.45487011183297,0.0,0.0,0.0,491.5887264187668,491.5887264187668,491.5887264187668,391.13385630693386,391.13385630693386,391.13385630693386,0.0,0.0,0.0,0.0,0.0,0.0,1305.1841409095641
2022-07-12,914.468680978392,1060.0985755813122,1537.8781998294437,914.468680978392,914.468680978392,0.0,0.0,0.0,0.0,0.0,0.0,0.0,0.0,0.0,0.0,0.0,0.0,0.0,0.0,0.0,0.0,0.0,0.0,0.0,0.0,0.0,0.0,0.0,0.0,0.0,0.0,0.0,0.0,0.0,0.0,-140.281361369453,-140.281361369453,-140.281361369453,0.0,0.0,0.0,526.2200148200691,526.2200148200691,526.2200148200691,385.938653450616,385.938653450616,385.938653450616,0.0,0.0,0.0,0.0,0.0,0.0,1300.407334429008
2022-07-13,914.887077354154,1133.0414943345272,1603.6061957902994,914.887077354154,914.887077354154,0.0,0.0,0.0,0.0,0.0,0.0,0.0,0.0,0.0,0.0,0.0,0.0,0.0,0.0,0.0,0.0,0.0,0.0,0.0,0.0,0.0,41.31592637,41.31592637,41.31592637,0.0,0.0,0.0,0.0,0.0,0.0,-142.75817305356654,-142.75817305356654,-142.75817305356654,0.0,0.0,0.0,557.7216403427805,557.7216403427805,557.7216403427805,456.279393659214,456.279393659214,456.279393659214,41.31592637,41.31592637,41.31592637,0.0,0.0,0.0,1371.166471013368
2022-07-14,915.3054737299157,1786.748213917055,2281.359872120589,915.3054737299157,915.3054737299157,0.0,0.0,0.0,0.0,0.0,0.0,0.0,0.0,0.0,0.0,0.0,0.0,0.0,0.0,0.0,0.0,0.0,0.0,0.0,0.0,0.0,667.1421842999999,667.1421842999999,667.1421842999999,0.0,0.0,0.0,0.0,0.0,0.0,-138.7637148207907,-138.7637148207907,-138.7637148207907,0.0,0.0,0.0,585.9386522783806,585.9386522783806,585.9386522783806,1114.3171217575898,1114.3171217575898,1114.3171217575898,667.1421842999999,667.1421842999999,667.1421842999999,0.0,0.0,0.0,2029.6225954875054
2022-07-15,915.7238701056775,1221.811614453253,1693.08882518757,915.7238701056775,915.7238701056775,0.0,0.0,0.0,0.0,0.0,0.0,0.0,0.0,0.0,0.0,0.0,0.0,0.0,0.0,0.0,0.0,0.0,0.0,0.0,0.0,0.0,0.0,0.0,0.0,0.0,0.0,0.0,0.0,0.0,0.0,-69.41011264684138,-69.41011264684138,-69.41011264684138,0.0,0.0,0.0,610.8181499170495,610.8181499170495,610.8181499170495,541.4080372702081,541.4080372702081,541.4080372702081,0.0,0.0,0.0,0.0,0.0,0.0,1457.1319073758855
2022-07-16,916.1422664814394,1453.6054917174572,1927.9000697660304,916.1422664814394,916.1422664814394,0.0,0.0,0.0,0.0,0.0,0.0,0.0,0.0,0.0,0.0,0.0,0.0,0.0,0.0,0.0,0.0,0.0,0.0,0.0,0.0,0.0,0.0,0.0,0.0,0.0,0.0,0.0,0.0,0.0,0.0,139.09579758986783,139.09579758986783,139.09579758986783,0.0,0.0,0.0,632.4087844554246,632.4087844554246,632.4087844554246,771.5045820452925,771.5045820452925,771.5045820452925,0.0,0.0,0.0,0.0,0.0,0.0,1687.646848526732
2022-07-17,916.5606628572012,1775.1327780053407,2273.4946574445908,916.5606628572012,916.5606628572012,0.0,0.0,0.0,0.0,0.0,0.0,0.0,0.0,0.0,0.0,0.0,0.0,0.0,0.0,0.0,0.0,0.0,0.0,0.0,0.0,0.0,0.0,0.0,0.0,0.0,0.0,0.0,0.0,0.0,0.0,452.5724344128644,452.5724344128644,452.5724344128644,0.0,0.0,0.0,650.8569332364413,650.8569332364413,650.8569332364413,1103.4293676493057,1103.4293676493057,1103.4293676493057,0.0,0.0,0.0,0.0,0.0,0.0,2019.990030506507
2022-07-18,916.9790592329631,1241.136847536777,1716.4031324499704,916.9790592329631,916.9790592329631,0.0,0.0,0.0,0.0,0.0,0.0,0.0,0.0,0.0,0.0,0.0,0.0,0.0,0.0,0.0,0.0,0.0,0.0,0.0,0.0,0.0,0.0,0.0,0.0,0.0,0.0,0.0,0.0,0.0,0.0,-100.45487011170015,-100.45487011170015,-100.45487011170015,0.0,0.0,0.0,666.3996431073809,666.3996431073809,666.3996431073809,565.9447729956809,565.9447729956809,565.9447729956809,0.0,0.0,0.0,0.0,0.0,0.0,1482.923832228644
2022-07-19,917.3974556087248,1226.3340567558716,1713.427577437625,917.3974556087248,917.3974556087248,0.0,0.0,0.0,0.0,0.0,0.0,0.0,0.0,0.0,0.0,0.0,0.0,0.0,0.0,0.0,0.0,0.0,0.0,0.0,0.0,0.0,0.0,0.0,0.0,0.0,0.0,0.0,0.0,0.0,0.0,-140.28136136762888,-140.28136136762888,-140.28136136762888,0.0,0.0,0.0,679.3545474205699,679.3545474205699,679.3545474205699,539.0731860529411,539.0731860529411,539.0731860529411,0.0,0.0,0.0,0.0,0.0,0.0,1456.470641661666
2022-07-20,917.8158519844868,1235.7293520392643,1705.3267488379315,917.8158519844868,917.8158519844868,0.0,0.0,0.0,0.0,0.0,0.0,0.0,0.0,0.0,0.0,0.0,0.0,0.0,0.0,0.0,0.0,0.0,0.0,0.0,0.0,0.0,0.0,0.0,0.0,0.0,0.0,0.0,0.0,0.0,0.0,-142.7581730539134,-142.7581730539134,-142.7581730539134,0.0,0.0,0.0,690.1070633524454,690.1070633524454,690.1070633524454,547.3488902985318,547.3488902985318,547.3488902985318,0.0,0.0,0.0,0.0,0.0,0.0,1465.1647422830188
2022-07-21,918.2342483602486,1246.5241804981881,1720.653554181685,918.2342483602486,918.2342483602486,0.0,0.0,0.0,0.0,0.0,0.0,0.0,0.0,0.0,0.0,0.0,0.0,0.0,0.0,0.0,0.0,0.0,0.0,0.0,0.0,0.0,0.0,0.0,0.0,0.0,0.0,0.0,0.0,0.0,0.0,-138.76371482114843,-138.76371482114843,-138.76371482114843,0.0,0.0,0.0,699.095269305265,699.095269305265,699.095269305265,560.3315544841165,560.3315544841165,560.3315544841165,0.0,0.0,0.0,0.0,0.0,0.0,1478.565802844365
2022-07-22,918.6526447360104,1307.462795802331,1793.448389761835,918.6526447360104,918.6526447360104,0.0,0.0,0.0,0.0,0.0,0.0,0.0,0.0,0.0,0.0,0.0,0.0,0.0,0.0,0.0,0.0,0.0,0.0,0.0,0.0,0.0,0.0,0.0,0.0,0.0,0.0,0.0,0.0,0.0,0.0,-69.41011264798735,-69.41011264798735,-69.41011264798735,0.0,0.0,0.0,706.7929429844401,706.7929429844401,706.7929429844401,637.3828303364527,637.3828303364527,637.3828303364527,0.0,0.0,0.0,0.0,0.0,0.0,1556.0354750724632
2022-07-23,919.0710411117722,1524.641580938648,2006.177718719211,919.0710411117722,919.0710411117722,0.0,0.0,0.0,0.0,0.0,0.0,0.0,0.0,0.0,0.0,0.0,0.0,0.0,0.0,0.0,0.0,0.0,0.0,0.0,0.0,0.0,0.0,0.0,0.0,0.0,0.0,0.0,0.0,0.0,0.0,139.0957975896431,139.0957975896431,139.0957975896431,0.0,0.0,0.0,713.6913064828988,713.6913064828988,713.6913064828988,852.787104072542,852.787104072542,852.787104072542,0.0,0.0,0.0,0.0,0.0,0.0,1771.8581451843143
2022-07-24,919.489437487534,1855.2150435089795,2329.171326336688,919.489437487534,919.489437487534,0.0,0.0,0.0,0.0,0.0,0.0,0.0,0.0,0.0,0.0,0.0,0.0,0.0,0.0,0.0,0.0,0.0,0.0,0.0,0.0,0.0,0.0,0.0,0.0,0.0,0.0,0.0,0.0,0.0,0.0,452.5724344126477,452.5724344126477,452.5724344126477,0.0,0.0,0.0,720.280073022169,720.280073022169,720.280073022169,1172.8525074348165,1172.8525074348165,1172.8525074348165,0.0,0.0,0.0,0.0,0.0,0.0,2092.3419449223506
2022-07-25,919.9078338632959,1318.6247053787874,1778.8684704559253,919.9078338632959,919.9078338632959,0.0,0.0,0.0,0.0,0.0,0.0,0.0,0.0,0.0,0.0,0.0,0.0,0.0,0.0,0.0,0.0,0.0,0.0,0.0,0.0,0.0,0.0,0.0,0.0,0.0,0.0,0.0,0.0,0.0,0.0,-100.45487011218471,-100.45487011218471,-100.45487011218471,0.0,0.0,0.0,727.0284191154847,727.0284191154847,727.0284191154847,626.5735490033001,626.5735490033001,626.5735490033001,0.0,0.0,0.0,0.0,0.0,0.0,1546.481382866596
2022-07-26,920.3262302390576,1267.0980597068553,1753.2764453142477,920.3262302390576,920.3262302390576,0.0,0.0,0.0,0.0,0.0,0.0,0.0,0.0,0.0,0.0,0.0,0.0,0.0,0.0,0.0,0.0,0.0,0.0,0.0,0.0,0.0,0.0,0.0,0.0,0.0,0.0,0.0,0.0,0.0,0.0,-140.28136136821252,-140.28136136821252,-140.28136136821252,0.0,0.0,0.0,734.36651469221,734.36651469221,734.36651469221,594.0851533239974,594.0851533239974,594.0851533239974,0.0,0.0,0.0,0.0,0.0,0.0,1514.411383563055
2022-07-27,920.7446266148195,1284.9637320545082,1748.492072725577,920.7446266148195,920.7446266148195,0.0,0.0,0.0,0.0,0.0,0.0,0.0,0.0,0.0,0.0,0.0,0.0,0.0,0.0,0.0,0.0,0.0,0.0,0.0,0.0,0.0,0.0,0.0,0.0,0.0,0.0,0.0,0.0,0.0,0.0,-142.75817305425159,-142.75817305425159,-142.75817305425159,0.0,0.0,0.0,742.6682316731494,742.6682316731494,742.6682316731494,599.9100586188979,599.9100586188979,599.9100586188979,0.0,0.0,0.0,0.0,0.0,0.0,1520.6546852337174
2022-07-28,921.1630229905813,1286.7132221008856,1777.0661167375085,921.1630229905813,921.1630229905813,0.0,0.0,0.0,0.0,0.0,0.0,0.0,0.0,0.0,0.0,0.0,0.0,0.0,0.0,0.0,0.0,0.0,0.0,0.0,0.0,0.0,0.0,0.0,0.0,0.0,0.0,0.0,0.0,0.0,0.0,-138.76371481950179,-138.76371481950179,-138.76371481950179,0.0,0.0,0.0,752.2356188365582,752.2356188365582,752.2356188365582,613.4719040170562,613.4719040170562,613.4719040170562,0.0,0.0,0.0,0.0,0.0,0.0,1534.6349270076375
2022-07-29,921.5814193663432,1378.4037689178217,1866.6852888114206,921.5814193663432,921.5814193663432,0.0,0.0,0.0,0.0,0.0,0.0,0.0,0.0,0.0,0.0,0.0,0.0,0.0,0.0,0.0,0.0,0.0,0.0,0.0,0.0,0.0,0.0,0.0,0.0,0.0,0.0,0.0,0.0,0.0,0.0,-69.41011264794881,-69.41011264794881,-69.41011264794881,0.0,0.0,0.0,763.2856784720518,763.2856784720518,763.2856784720518,693.875565824103,693.875565824103,693.875565824103,0.0,0.0,0.0,0.0,0.0,0.0,1615.4569851904462
2022-07-30,921.999815742105,1601.3301708253475,2064.1316401949775,921.999815742105,921.999815742105,0.0,0.0,0.0,0.0,0.0,0.0,0.0,0.0,0.0,0.0,0.0,0.0,0.0,0.0,0.0,0.0,0.0,0.0,0.0,0.0,0.0,0.0,0.0,0.0,0.0,0.0,0.0,0.0,0.0,0.0,139.0957975902309,139.0957975902309,139.0957975902309,0.0,0.0,0.0,775.9399098547315,775.9399098547315,775.9399098547315,915.0357074449626,915.0357074449626,915.0357074449626,0.0,0.0,0.0,0.0,0.0,0.0,1837.0355231870676
2022-07-31,922.4182121178669,1901.8467350195817,2407.2116943024985,922.4182121178669,922.4182121178669,0.0,0.0,0.0,0.0,0.0,0.0,0.0,0.0,0.0,0.0,0.0,0.0,0.0,0.0,0.0,0.0,0.0,0.0,0.0,0.0,0.0,0.0,0.0,0.0,0.0,0.0,0.0,0.0,0.0,0.0,452.57243441273704,452.57243441273704,452.57243441273704,0.0,0.0,0.0,790.2169981779963,790.2169981779963,790.2169981779963,1242.7894325907332,1242.7894325907332,1242.7894325907332,0.0,0.0,0.0,0.0,0.0,0.0,2165.2076447086
2022-08-01,922.8366084936288,1393.2496472840737,1873.047022268275,922.8366084936288,922.8366084936288,0.0,0.0,0.0,0.0,0.0,0.0,0.0,0.0,0.0,0.0,0.0,0.0,0.0,0.0,0.0,0.0,0.0,0.0,0.0,0.0,0.0,0.0,0.0,0.0,0.0,0.0,0.0,0.0,0.0,0.0,-100.45487011121728,-100.45487011121728,-100.45487011121728,0.0,0.0,0.0,806.0289279910932,806.0289279910932,806.0289279910932,705.5740578798757,705.5740578798757,705.5740578798757,0.0,0.0,0.0,0.0,0.0,0.0,1628.4106663735045
2022-08-02,923.2550048693904,1374.053882102209,1847.4758638379833,923.2550048693904,923.2550048693904,0.0,0.0,0.0,0.0,0.0,0.0,0.0,0.0,0.0,0.0,0.0,0.0,0.0,0.0,0.0,0.0,0.0,0.0,0.0,0.0,0.0,0.0,0.0,0.0,0.0,0.0,0.0,0.0,0.0,0.0,-140.2813613687962,-140.2813613687962,-140.2813613687962,0.0,0.0,0.0,823.1806905933719,823.1806905933719,823.1806905933719,682.8993292245758,682.8993292245758,682.8993292245758,0.0,0.0,0.0,0.0,0.0,0.0,1606.154334093966
2022-08-03,923.6734012451523,1391.1037241807144,1865.7783831423628,923.6734012451523,923.6734012451523,0.0,0.0,0.0,0.0,0.0,0.0,0.0,0.0,0.0,0.0,0.0,0.0,0.0,0.0,0.0,0.0,0.0,0.0,0.0,0.0,0.0,0.0,0.0,0.0,0.0,0.0,0.0,0.0,0.0,0.0,-142.75817305459853,-142.75817305459853,-142.75817305459853,0.0,0.0,0.0,841.373638787302,841.373638787302,841.373638787302,698.6154657327035,698.6154657327035,698.6154657327035,0.0,0.0,0.0,0.0,0.0,0.0,1622.2888669778558
2022-08-04,924.0917976209141,1400.7430791957513,1904.629817265615,924.0917976209141,924.0917976209141,0.0,0.0,0.0,0.0,0.0,0.0,0.0,0.0,0.0,0.0,0.0,0.0,0.0,0.0,0.0,0.0,0.0,0.0,0.0,0.0,0.0,0.0,0.0,0.0,0.0,0.0,0.0,0.0,0.0,0.0,-138.76371482059236,-138.76371482059236,-138.76371482059236,0.0,0.0,0.0,860.212423665293,860.212423665293,860.212423665293,721.4487088447007,721.4487088447007,721.4487088447007,0.0,0.0,0.0,0.0,0.0,0.0,1645.5405064656147
2022-08-05,924.510193996676,1490.4267192880156,1983.7878541179002,924.510193996676,924.510193996676,0.0,0.0,0.0,0.0,0.0,0.0,0.0,0.0,0.0,0.0,0.0,0.0,0.0,0.0,0.0,0.0,0.0,0.0,0.0,0.0,0.0,0.0,0.0,0.0,0.0,0.0,0.0,0.0,0.0,0.0,-69.41011264699452,-69.41011264699452,-69.41011264699452,0.0,0.0,0.0,879.2153306061434,879.2153306061434,879.2153306061434,809.8052179591489,809.8052179591489,809.8052179591489,0.0,0.0,0.0,0.0,0.0,0.0,1734.3154119558249
2022-08-06,924.9285903724378,1730.093195802964,2190.6991320248903,924.9285903724378,924.9285903724378,0.0,0.0,0.0,0.0,0.0,0.0,0.0,0.0,0.0,0.0,0.0,0.0,0.0,0.0,0.0,0.0,0.0,0.0,0.0,0.0,0.0,0.0,0.0,0.0,0.0,0.0,0.0,0.0,0.0,0.0,139.09579758979933,139.09579758979933,139.09579758979933,0.0,0.0,0.0,897.8277192508064,897.8277192508064,897.8277192508064,1036.9235168406055,1036.9235168406055,1036.9235168406055,0.0,0.0,0.0,0.0,0.0,0.0,1961.8521072130434
2022-08-07,925.3469867481995,2065.4302438527006,2529.775421597338,925.3469867481995,925.3469867481995,0.0,0.0,0.0,0.0,0.0,0.0,0.0,0.0,0.0,0.0,0.0,0.0,0.0,0.0,0.0,0.0,0.0,0.0,0.0,0.0,0.0,0.0,0.0,0.0,0.0,0.0,0.0,0.0,0.0,0.0,452.5724344128325,452.5724344128325,452.5724344128325,0.0,0.0,0.0,915.4381686498213,915.4381686498213,915.4381686498213,1368.0106030626537,1368.0106030626537,1368.0106030626537,0.0,0.0,0.0,0.0,0.0,0.0,2293.357589810853
2022-08-08,925.7653831239616,1532.9903827164308,1996.8705729524315,925.7653831239616,925.7653831239616,0.0,0.0,0.0,0.0,0.0,0.0,0.0,0.0,0.0,0.0,0.0,0.0,0.0,0.0,0.0,0.0,0.0,0.0,0.0,0.0,0.0,0.0,0.0,0.0,0.0,0.0,0.0,0.0,0.0,0.0,-100.45487011191902,-100.45487011191902,-100.45487011191902,0.0,0.0,0.0,931.3968374802599,931.3968374802599,931.3968374802599,830.941967368341,830.941967368341,830.941967368341,0.0,0.0,0.0,0.0,0.0,0.0,1756.7073504923026
2022-08-09,926.1837794997232,1504.5373663593293,1966.7219092764012,926.1837794997232,926.1837794997232,0.0,0.0,0.0,0.0,0.0,0.0,0.0,0.0,0.0,0.0,0.0,0.0,0.0,0.0,0.0,0.0,0.0,0.0,0.0,0.0,0.0,0.0,0.0,0.0,0.0,0.0,0.0,0.0,0.0,0.0,-140.28136136912966,-140.28136136912966,-140.28136136912966,0.0,0.0,0.0,945.0354732845667,945.0354732845667,945.0354732845667,804.7541119154371,804.7541119154371,804.7541119154371,0.0,0.0,0.0,0.0,0.0,0.0,1730.9378914151603
2022-08-10,926.602175875485,1498.9653904480826,1978.167050619305,926.602175875485,926.602175875485,0.0,0.0,0.0,0.0,0.0,0.0,0.0,0.0,0.0,0.0,0.0,0.0,0.0,0.0,0.0,0.0,0.0,0.0,0.0,0.0,0.0,0.0,0.0,0.0,0.0,0.0,0.0,0.0,0.0,0.0,-142.7581730541186,-142.7581730541186,-142.7581730541186,0.0,0.0,0.0,955.6884466583701,955.6884466583701,955.6884466583701,812.9302736042515,812.9302736042515,812.9302736042515,0.0,0.0,0.0,0.0,0.0,0.0,1739.5324494797364
2022-08-11,927.0205722512469,1514.3698055811215,2012.884960647641,927.0205722512469,927.0205722512469,0.0,0.0,0.0,0.0,0.0,0.0,0.0,0.0,0.0,0.0,0.0,0.0,0.0,0.0,0.0,0.0,0.0,0.0,0.0,0.0,0.0,0.0,0.0,0.0,0.0,0.0,0.0,0.0,0.0,0.0,-138.76371481994786,-138.76371481994786,-138.76371481994786,0.0,0.0,0.0,962.7141482036224,962.7141482036224,962.7141482036224,823.9504333836744,823.9504333836744,823.9504333836744,0.0,0.0,0.0,0.0,0.0,0.0,1750.9710056349213
2022-08-12,927.4389686270088,1577.8791541168794,2074.8334983232435,927.4389686270088,927.4389686270088,0.0,0.0,0.0,0.0,0.0,0.0,0.0,0.0,0.0,0.0,0.0,0.0,0.0,0.0,0.0,0.0,0.0,0.0,0.0,0.0,0.0,0.0,0.0,0.0,0.0,0.0,0.0,0.0,0.0,0.0,-69.41011264845855,-69.41011264845855,-69.41011264845855,0.0,0.0,0.0,965.5160692092527,965.5160692092527,965.5160692092527,896.105956560794,896.105956560794,896.105956560794,0.0,0.0,0.0,0.0,0.0,0.0,1823.5449251878026
2022-08-13,927.8573650027706,1789.7283105928764,2271.579385573568,927.8573650027706,927.8573650027706,0.0,0.0,0.0,0.0,0.0,0.0,0.0,0.0,0.0,0.0,0.0,0.0,0.0,0.0,0.0,0.0,0.0,0.0,0.0,0.0,0.0,0.0,0.0,0.0,0.0,0.0,0.0,0.0,0.0,0.0,139.0957975903871,139.0957975903871,139.0957975903871,0.0,0.0,0.0,963.5628920700829,963.5628920700829,963.5628920700829,1102.65868966047,1102.65868966047,1102.65868966047,0.0,0.0,0.0,0.0,0.0,0.0,2030.5160546632405
2022-08-14,928.2757613785324,2547.5106089088504,3034.525970412054,928.2757613785324,928.2757613785324,0.0,0.0,0.0,0.0,0.0,0.0,0.0,0.0,0.0,446.25479909999996,446.25479909999996,446.25479909999996,0.0,0.0,0.0,0.0,0.0,0.0,0.0,0.0,0.0,0.0,0.0,0.0,0.0,0.0,0.0,0.0,0.0,0.0,452.5724344129218,452.5724344129218,452.5724344129218,0.0,0.0,0.0,956.4069433307986,956.4069433307986,956.4069433307986,1855.2341768437204,1855.2341768437204,1855.2341768437204,446.25479909999996,446.25479909999996,446.25479909999996,0.0,0.0,0.0,2783.509938222253
2022-08-15,928.6941577542942,2083.2271929446283,2557.841169112763,928.6941577542942,928.6941577542942,0.0,0.0,0.0,0.0,0.0,0.0,0.0,0.0,0.0,527.5671608,527.5671608,527.5671608,0.0,0.0,0.0,0.0,0.0,0.0,0.0,0.0,0.0,0.0,0.0,0.0,0.0,0.0,0.0,0.0,0.0,0.0,-100.45487011240353,-100.45487011240353,-100.45487011240353,0.0,0.0,0.0,943.7004101577418,943.7004101577418,943.7004101577418,1370.8127008453382,1370.8127008453382,1370.8127008453382,527.5671608,527.5671608,527.5671608,0.0,0.0,0.0,2299.5068585996323
2022-08-16,929.112554130056,1464.0211406392837,1952.6718003200504,929.112554130056,929.112554130056,0.0,0.0,0.0,0.0,0.0,0.0,0.0,0.0,0.0,0.0,0.0,0.0,0.0,0.0,0.0,0.0,0.0,0.0,0.0,0.0,0.0,0.0,0.0,0.0,0.0,0.0,0.0,0.0,0.0,0.0,-140.281361369177,-140.281361369177,-140.281361369177,0.0,0.0,0.0,925.2087885029641,925.2087885029641,925.2087885029641,784.927427133787,784.927427133787,784.927427133787,0.0,0.0,0.0,0.0,0.0,0.0,1714.039981263843
2022-08-17,929.5309505058178,1455.9828590887282,1920.3958356904723,929.5309505058178,929.5309505058178,0.0,0.0,0.0,0.0,0.0,0.0,0.0,0.0,0.0,0.0,0.0,0.0,0.0,0.0,0.0,0.0,0.0,0.0,0.0,0.0,0.0,0.0,0.0,0.0,0.0,0.0,0.0,0.0,0.0,0.0,-142.7581730541233,-142.7581730541233,-142.7581730541233,0.0,0.0,0.0,900.8211161041991,900.8211161041991,900.8211161041991,758.0629430500759,758.0629430500759,758.0629430500759,0.0,0.0,0.0,0.0,0.0,0.0,1687.5938935558938
2022-08-18,929.9493468815797,1426.3567585778958,1887.6376640896294,929.9493468815797,929.9493468815797,0.0,0.0,0.0,0.0,0.0,0.0,0.0,0.0,0.0,0.0,0.0,0.0,0.0,0.0,0.0,0.0,0.0,0.0,0.0,0.0,0.0,0.0,0.0,0.0,0.0,0.0,0.0,0.0,0.0,0.0,-138.76371482003012,-138.76371482003012,-138.76371482003012,0.0,0.0,0.0,870.5566430431617,870.5566430431617,870.5566430431617,731.7929282231315,731.7929282231315,731.7929282231315,0.0,0.0,0.0,0.0,0.0,0.0,1661.742275104711
2022-08-19,930.3677432573415,1450.3505420789118,1907.9475202522017,930.3677432573415,930.3677432573415,0.0,0.0,0.0,0.0,0.0,0.0,0.0,0.0,0.0,0.0,0.0,0.0,0.0,0.0,0.0,0.0,0.0,0.0,0.0,0.0,0.0,0.0,0.0,0.0,0.0,0.0,0.0,0.0,0.0,0.0,-69.4101126481019,-69.4101126481019,-69.4101126481019,0.0,0.0,0.0,834.5677036670539,834.5677036670539,834.5677036670539,765.157591018952,765.157591018952,765.157591018952,0.0,0.0,0.0,0.0,0.0,0.0,1695.5253342762935
2022-08-20,930.7861396331034,1649.1370720238701,2109.0721095403,930.7861396331034,930.7861396331034,0.0,0.0,0.0,0.0,0.0,0.0,0.0,0.0,0.0,0.0,0.0,0.0,0.0,0.0,0.0,0.0,0.0,0.0,0.0,0.0,0.0,0.0,0.0,0.0,0.0,0.0,0.0,0.0,0.0,0.0,139.09579758914302,139.09579758914302,139.09579758914302,0.0,0.0,0.0,793.1386726754862,793.1386726754862,793.1386726754862,932.2344702646292,932.2344702646292,932.2344702646292,0.0,0.0,0.0,0.0,0.0,0.0,1863.0206098977326
2022-08-21,931.2045360088651,1896.9527400421114,2379.1230490153957,931.2045360088651,931.2045360088651,0.0,0.0,0.0,0.0,0.0,0.0,0.0,0.0,0.0,0.0,0.0,0.0,0.0,0.0,0.0,0.0,0.0,0.0,0.0,0.0,0.0,0.0,0.0,0.0,0.0,0.0,0.0,0.0,0.0,0.0,452.57243441265047,452.57243441265047,452.57243441265047,0.0,0.0,0.0,746.6810112444462,746.6810112444462,746.6810112444462,1199.2534456570968,1199.2534456570968,1199.2534456570968,0.0,0.0,0.0,0.0,0.0,0.0,2130.457981665962
2022-08-22,931.622932384627,1286.7220315529653,1767.4922347462864,931.622932384627,931.622932384627,0.0,0.0,0.0,0.0,0.0,0.0,0.0,0.0,0.0,0.0,0.0,0.0,0.0,0.0,0.0,0.0,0.0,0.0,0.0,0.0,0.0,0.0,0.0,0.0,0.0,0.0,0.0,0.0,0.0,0.0,-100.45487011210652,-100.45487011210652,-100.45487011210652,0.0,0.0,0.0,695.7245322038391,695.7245322038391,695.7245322038391,595.2696620917326,595.2696620917326,595.2696620917326,0.0,0.0,0.0,0.0,0.0,0.0,1526.8925944763596
2022-08-23,932.0413287603889,1187.0594437621144,1685.9089856673625,932.0413287603889,932.0413287603889,0.0,0.0,0.0,0.0,0.0,0.0,0.0,0.0,0.0,0.0,0.0,0.0,0.0,0.0,0.0,0.0,0.0,0.0,0.0,0.0,0.0,0.0,0.0,0.0,0.0,0.0,0.0,0.0,0.0,0.0,-140.28136136788922,-140.28136136788922,-140.28136136788922,0.0,0.0,0.0,640.9051325257119,640.9051325257119,640.9051325257119,500.62377115782255,500.62377115782255,500.62377115782255,0.0,0.0,0.0,0.0,0.0,0.0,1432.6650999182114
2022-08-24,932.4597251361507,1131.3506361628954,1611.6798864705306,932.4597251361507,932.4597251361507,0.0,0.0,0.0,0.0,0.0,0.0,0.0,0.0,0.0,0.0,0.0,0.0,0.0,0.0,0.0,0.0,0.0,0.0,0.0,0.0,0.0,0.0,0.0,0.0,0.0,0.0,0.0,0.0,0.0,0.0,-142.758173054128,-142.758173054128,-142.758173054128,0.0,0.0,0.0,582.9493528375223,582.9493528375223,582.9493528375223,440.1911797833943,440.1911797833943,440.1911797833943,0.0,0.0,0.0,0.0,0.0,0.0,1372.6509049195452
2022-08-25,932.8781215119126,1097.7123288606197,1543.7070294414145,932.8781215119126,932.8781215119126,0.0,0.0,0.0,0.0,0.0,0.0,0.0,0.0,0.0,0.0,0.0,0.0,0.0,0.0,0.0,0.0,0.0,0.0,0.0,0.0,0.0,0.0,0.0,0.0,0.0,0.0,0.0,0.0,0.0,0.0,-138.76371481938565,-138.76371481938565,-138.76371481938565,0.0,0.0,0.0,522.65622374368,522.65622374368,522.65622374368,383.89250892429436,383.89250892429436,383.89250892429436,0.0,0.0,0.0,0.0,0.0,0.0,1316.7706304362068
2022-08-26,933.2965178876742,1098.8077896968007,1548.6116919018887,933.2965178876742,933.2965178876742,0.0,0.0,0.0,0.0,0.0,0.0,0.0,0.0,0.0,0.0,0.0,0.0,0.0,0.0,0.0,0.0,0.0,0.0,0.0,0.0,0.0,0.0,0.0,0.0,0.0,0.0,0.0,0.0,0.0,0.0,-69.41011264810197,-69.41011264810197,-69.41011264810197,0.0,0.0,0.0,460.8769441794629,460.8769441794629,460.8769441794629,391.4668315313609,391.4668315313609,391.4668315313609,0.0,0.0,0.0,0.0,0.0,0.0,1324.7633494190352
2022-08-27,933.7149142634361,1213.7902995373079,1705.578988871302,933.7149142634361,933.7149142634361,0.0,0.0,0.0,0.0,0.0,0.0,0.0,0.0,0.0,0.0,0.0,0.0,0.0,0.0,0.0,0.0,0.0,0.0,0.0,0.0,0.0,0.0,0.0,0.0,0.0,0.0,0.0,0.0,0.0,0.0,139.09579758952407,139.09579758952407,139.09579758952407,0.0,0.0,0.0,398.4930050721943,398.4930050721943,398.4930050721943,537.5888026617183,537.5888026617183,537.5888026617183,0.0,0.0,0.0,0.0,0.0,0.0,1471.3037169251543
2022-08-28,934.1333106391979,1495.0417586408437,1970.6255135790416,934.1333106391979,934.1333106391979,0.0,0.0,0.0,0.0,0.0,0.0,0.0,0.0,0.0,0.0,0.0,0.0,0.0,0.0,0.0,0.0,0.0,0.0,0.0,0.0,0.0,0.0,0.0,0.0,0.0,0.0,0.0,0.0,0.0,0.0,452.5724344127943,452.5724344127943,452.5724344127943,0.0,0.0,0.0,336.3934200613108,336.3934200613108,336.3934200613108,788.965854474105,788.965854474105,788.965854474105,0.0,0.0,0.0,0.0,0.0,0.0,1723.099165113303
2022-08-29,934.5517070149598,856.2537118988191,1338.6274047170116,934.5517070149598,934.5517070149598,0.0,0.0,0.0,0.0,0.0,0.0,0.0,0.0,0.0,0.0,0.0,0.0,0.0,0.0,0.0,0.0,0.0,0.0,0.0,0.0,0.0,0.0,0.0,0.0,0.0,0.0,0.0,0.0,0.0,0.0,-100.45487011259108,-100.45487011259108,-100.45487011259108,0.0,0.0,0.0,275.4517523847094,275.4517523847094,275.4517523847094,174.99688227211826,174.99688227211826,174.99688227211826,0.0,0.0,0.0,0.0,0.0,0.0,1109.5485892870781
2022-08-30,934.9701033907216,771.7053189299597,1229.6605490545328,934.9701033907216,934.9701033907216,0.0,0.0,0.0,0.0,0.0,0.0,0.0,0.0,0.0,0.0,0.0,0.0,0.0,0.0,0.0,0.0,0.0,0.0,0.0,0.0,0.0,0.0,0.0,0.0,0.0,0.0,0.0,0.0,0.0,0.0,-140.2813613684729,-140.2813613684729,-140.2813613684729,0.0,0.0,0.0,216.50363242221084,216.50363242221084,216.50363242221084,76.22227105373806,76.22227105373806,76.22227105373806,0.0,0.0,0.0,0.0,0.0,0.0,1011.1923744444597
2022-08-31,935.3884997664835,736.2735672441664,1193.5586444262162,935.3884997664835,935.3884997664835,0.0,0.0,0.0,0.0,0.0,0.0,0.0,0.0,0.0,0.0,0.0,0.0,0.0,0.0,0.0,0.0,0.0,0.0,0.0,0.0,0.0,0.0,0.0,0.0,0.0,0.0,0.0,0.0,0.0,0.0,-142.7581730544749,-142.7581730544749,-142.7581730544749,0.0,0.0,0.0,160.32544366784379,160.32544366784379,160.32544366784379,17.567270613368937,17.567270613368937,17.567270613368937,0.0,0.0,0.0,0.0,0.0,0.0,952.9557703798524
2022-09-01,935.8068961422454,678.8647637810968,1156.871674621911,935.8068961422454,935.8068961422454,0.0,0.0,0.0,0.0,0.0,0.0,0.0,0.0,0.0,0.0,0.0,0.0,0.0,0.0,0.0,0.0,0.0,0.0,0.0,0.0,0.0,0.0,0.0,0.0,0.0,0.0,0.0,0.0,0.0,0.0,-138.76371482047622,-138.76371482047622,-138.76371482047622,0.0,0.0,0.0,107.61481666449649,107.61481666449649,107.61481666449649,-31.148898155979758,-31.148898155979758,-31.148898155979758,0.0,0.0,0.0,0.0,0.0,0.0,904.6579979862656
2022-09-02,936.225292518007,682.1811680045962,1170.6083631414272,936.225292518007,936.225292518007,0.0,0.0,0.0,0.0,0.0,0.0,0.0,0.0,0.0,0.0,0.0,0.0,0.0,0.0,0.0,0.0,0.0,0.0,0.0,0.0,0.0,0.0,0.0,0.0,0.0,0.0,0.0,0.0,0.0,0.0,-69.41011264806347,-69.41011264806347,-69.41011264806347,0.0,0.0,0.0,58.97351198218181,58.97351198218181,58.97351198218181,-10.436600665881588,-10.436600665881588,-10.436600665881588,0.0,0.0,0.0,0.0,0.0,0.0,925.7886918521255
2022-09-03,936.6436888937689,850.9156644017487,1317.7720074055526,936.6436888937689,936.6436888937689,0.0,0.0,0.0,0.0,0.0,0.0,0.0,0.0,0.0,0.0,0.0,0.0,0.0,0.0,0.0,0.0,0.0,0.0,0.0,0.0,0.0,0.0,0.0,0.0,0.0,0.0,0.0,0.0,0.0,0.0,139.09579758975843,139.09579758975843,139.09579758975843,0.0,0.0,0.0,14.893196589654664,14.893196589654664,14.893196589654664,153.98899417941308,153.98899417941308,153.98899417941308,0.0,0.0,0.0,0.0,0.0,0.0,1090.6326830731819
2022-09-04,937.0620852695307,1122.3677198569203,1596.3927965063092,937.0620852695307,937.0620852695307,0.0,0.0,0.0,0.0,0.0,0.0,0.0,0.0,0.0,0.0,0.0,0.0,0.0,0.0,0.0,0.0,0.0,0.0,0.0,0.0,0.0,0.0,0.0,0.0,0.0,0.0,0.0,0.0,0.0,0.0,452.57243441252297,452.57243441252297,452.57243441252297,0.0,0.0,0.0,-24.255474490623826,-24.255474490623826,-24.255474490623826,428.31695992189907,428.31695992189907,428.31695992189907,0.0,0.0,0.0,0.0,0.0,0.0,1365.3790451914297
2022-09-05,937.4804816452926,544.5938231660177,1010.3205039059786,937.4804816452926,937.4804816452926,0.0,0.0,0.0,0.0,0.0,0.0,0.0,0.0,0.0,0.0,0.0,0.0,0.0,0.0,0.0,0.0,0.0,0.0,0.0,0.0,0.0,0.0,0.0,0.0,0.0,0.0,0.0,0.0,0.0,0.0,-100.45487011245824,-100.45487011245824,-100.45487011245824,0.0,0.0,0.0,-58.23016450413269,-58.23016450413269,-58.23016450413269,-158.6850346165909,-158.6850346165909,-158.6850346165909,0.0,0.0,0.0,0.0,0.0,0.0,778.7954470287017
2022-09-06,937.8988780210544,480.4285689925903,940.1501013448353,937.8988780210544,937.8988780210544,0.0,0.0,0.0,0.0,0.0,0.0,0.0,0.0,0.0,0.0,0.0,0.0,0.0,0.0,0.0,0.0,0.0,0.0,0.0,0.0,0.0,0.0,0.0,0.0,0.0,0.0,0.0,0.0,0.0,0.0,-140.28136136801987,-140.28136136801987,-140.28136136801987,0.0,0.0,0.0,-86.92035690710304,-86.92035690710304,-86.92035690710304,-227.20171827512283,-227.20171827512283,-227.20171827512283,0.0,0.0,0.0,0.0,0.0,0.0,710.6971597459316
2022-09-07,938.3172743968162,461.84243423809227,909.384687849392,938.3172743968162,938.3172743968162,0.0,0.0,0.0,0.0,0.0,0.0,0.0,0.0,0.0,0.0,0.0,0.0,0.0,0.0,0.0,0.0,0.0,0.0,0.0,0.0,0.0,0.0,0.0,0.0,0.0,0.0,0.0,0.0,0.0,0.0,-142.75817305365277,-142.75817305365277,-142.75817305365277,0.0,0.0,0.0,-110.34698046629457,-110.34698046629457,-110.34698046629457,-253.10515351994732,-253.10515351994732,-253.10515351994732,0.0,0.0,0.0,0.0,0.0,0.0,685.2121208768689
2022-09-08,938.7356707725781,426.2644603682949,909.8140745967124,938.7356707725781,938.7356707725781,0.0,0.0,0.0,0.0,0.0,0.0,0.0,0.0,0.0,0.0,0.0,0.0,0.0,0.0,0.0,0.0,0.0,0.0,0.0,0.0,0.0,0.0,0.0,0.0,0.0,0.0,0.0,0.0,0.0,0.0,-138.7637148195563,-138.7637148195563,-138.7637148195563,0.0,0.0,0.0,-128.65820654810238,-128.65820654810238,-128.65820654810238,-267.4219213676586,-267.4219213676586,-267.4219213676586,0.0,0.0,0.0,0.0,0.0,0.0,671.3137494049195
2022-09-09,939.1540671483398,468.09261727988957,957.2473870126586,939.1540671483398,939.1540671483398,0.0,0.0,0.0,0.0,0.0,0.0,0.0,0.0,0.0,0.0,0.0,0.0,0.0,0.0,0.0,0.0,0.0,0.0,0.0,0.0,0.0,0.0,0.0,0.0,0.0,0.0,0.0,0.0,0.0,0.0,-69.41011264742725,-69.41011264742725,-69.41011264742725,0.0,0.0,0.0,-142.12158679483795,-142.12158679483795,-142.12158679483795,-211.53169944226522,-211.53169944226522,-211.53169944226522,0.0,0.0,0.0,0.0,0.0,0.0,727.6223677060746
2022-09-10,939.5724635241016,703.0574150842936,1166.4637517805,939.5724635241016,939.5724635241016,0.0,0.0,0.0,0.0,0.0,0.0,0.0,0.0,0.0,0.0,0.0,0.0,0.0,0.0,0.0,0.0,0.0,0.0,0.0,0.0,0.0,0.0,0.0,0.0,0.0,0.0,0.0,0.0,0.0,0.0,139.09579758932688,139.09579758932688,139.09579758932688,0.0,0.0,0.0,-151.11281239105935,-151.11281239105935,-151.11281239105935,-12.017014801732424,-12.017014801732424,-12.017014801732424,0.0,0.0,0.0,0.0,0.0,0.0,927.5554487223692
2022-09-11,939.9908598998635,1003.9474562382271,1470.370553525921,939.9908598998635,939.9908598998635,0.0,0.0,0.0,0.0,0.0,0.0,0.0,0.0,0.0,0.0,0.0,0.0,0.0,0.0,0.0,0.0,0.0,0.0,0.0,0.0,0.0,0.0,0.0,0.0,0.0,0.0,0.0,0.0,0.0,0.0,452.57243441302734,452.57243441302734,452.57243441302734,0.0,0.0,0.0,-156.10147935469885,-156.10147935469885,-156.10147935469885,296.4709550583285,296.4709550583285,296.4709550583285,0.0,0.0,0.0,0.0,0.0,0.0,1236.461814958192
2022-09-12,940.4092562756254,452.15226816505,907.7479896386111,940.4092562756254,940.4092562756254,0.0,0.0,0.0,0.0,0.0,0.0,0.0,0.0,0.0,0.0,0.0,0.0,0.0,0.0,0.0,0.0,0.0,0.0,0.0,0.0,0.0,0.0,0.0,0.0,0.0,0.0,0.0,0.0,0.0,0.0,-100.45487011221681,-100.45487011221681,-100.45487011221681,0.0,0.0,0.0,-157.63433446570227,-157.63433446570227,-157.63433446570227,-258.0892045779191,-258.0892045779191,-258.0892045779191,0.0,0.0,0.0,0.0,0.0,0.0,682.3200516977063
2022-09-13,940.8276526513872,418.2512323133982,883.0549064251618,940.8276526513872,940.8276526513872,0.0,0.0,0.0,0.0,0.0,0.0,0.0,0.0,0.0,0.0,0.0,0.0,0.0,0.0,0.0,0.0,0.0,0.0,0.0,0.0,0.0,0.0,0.0,0.0,0.0,0.0,0.0,0.0,0.0,0.0,-140.28136136835334,-140.28136136835334,-140.28136136835334,0.0,0.0,0.0,-156.31655075851685,-156.31655075851685,-156.31655075851685,-296.5979121268702,-296.5979121268702,-296.5979121268702,0.0,0.0,0.0,0.0,0.0,0.0,644.229740524517
2022-09-14,941.246049027149,422.05129899660284,872.2938684725291,941.246049027149,941.246049027149,0.0,0.0,0.0,0.0,0.0,0.0,0.0,0.0,0.0,0.0,0.0,0.0,0.0,0.0,0.0,0.0,0.0,0.0,0.0,0.0,0.0,0.0,0.0,0.0,0.0,0.0,0.0,0.0,0.0,0.0,-142.75817305433316,-142.75817305433316,-142.75817305433316,0.0,0.0,0.0,-152.79163765251334,-152.79163765251334,-152.79163765251334,-295.5498107068465,-295.5498107068465,-295.5498107068465,0.0,0.0,0.0,0.0,0.0,0.0,645.6962383203024
2022-09-15,941.6644454029108,422.39832878934584,885.3596919056732,941.6644454029108,941.6644454029108,0.0,0.0,0.0,0.0,0.0,0.0,0.0,0.0,0.0,0.0,0.0,0.0,0.0,0.0,0.0,0.0,0.0,0.0,0.0,0.0,0.0,0.0,0.0,0.0,0.0,0.0,0.0,0.0,0.0,0.0,-138.76371482028046,-138.76371482028046,-138.76371482028046,0.0,0.0,0.0,-147.7206271144041,-147.7206271144041,-147.7206271144041,-286.48434193468455,-286.48434193468455,-286.48434193468455,0.0,0.0,0.0,0.0,0.0,0.0,655.1801034682262
2022-09-16,942.0828417786727,486.4038148556643,964.7253597334814,942.0828417786727,942.0828417786727,0.0,0.0,0.0,0.0,0.0,0.0,0.0,0.0,0.0,0.0,0.0,0.0,0.0,0.0,0.0,0.0,0.0,0.0,0.0,0.0,0.0,0.0,0.0,0.0,0.0,0.0,0.0,0.0,0.0,0.0,-69.41011264735019,-69.41011264735019,-69.41011264735019,0.0,0.0,0.0,-141.76119271025232,-141.76119271025232,-141.76119271025232,-211.1713053576025,-211.1713053576025,-211.1713053576025,0.0,0.0,0.0,0.0,0.0,0.0,730.9115364210702
2022-09-17,942.5012381544345,705.9409023943106,1172.9832085898154,942.5012381544345,942.5012381544345,0.0,0.0,0.0,0.0,0.0,0.0,0.0,0.0,0.0,0.0,0.0,0.0,0.0,0.0,0.0,0.0,0.0,0.0,0.0,0.0,0.0,0.0,0.0,0.0,0.0,0.0,0.0,0.0,0.0,0.0,139.09579759012146,139.09579759012146,139.09579759012146,0.0,0.0,0.0,-135.54735270244382,-135.54735270244382,-135.54735270244382,3.5484448876776913,3.5484448876776913,3.5484448876776913,0.0,0.0,0.0,0.0,0.0,0.0,946.0496830421122
2022-09-18,942.9196345301964,1023.2787693209598,1493.6478180872623,942.9196345301964,942.9196345301964,0.0,0.0,0.0,0.0,0.0,0.0,0.0,0.0,0.0,0.0,0.0,0.0,0.0,0.0,0.0,0.0,0.0,0.0,0.0,0.0,0.0,0.0,0.0,0.0,0.0,0.0,0.0,0.0,0.0,0.0,452.5724344127622,452.5724344127622,452.5724344127622,0.0,0.0,0.0,-129.6703818364932,-129.6703818364932,-129.6703818364932,322.9020525762691,322.9020525762691,322.9020525762691,0.0,0.0,0.0,0.0,0.0,0.0,1265.8216871064656
2022-09-19,943.3380309059582,480.47800085661294,954.4536501310283,943.3380309059582,943.3380309059582,0.0,0.0,0.0,0.0,0.0,0.0,0.0,0.0,0.0,0.0,0.0,0.0,0.0,0.0,0.0,0.0,0.0,0.0,0.0,0.0,0.0,0.0,0.0,0.0,0.0,0.0,0.0,0.0,0.0,0.0,-100.45487011097656,-100.45487011097656,-100.45487011097656,0.0,0.0,0.0,-124.66151021573882,-124.66151021573882,-124.66151021573882,-225.11638032671536,-225.11638032671536,-225.11638032671536,0.0,0.0,0.0,0.0,0.0,0.0,718.2216505792429
2022-09-20,943.7564272817201,442.955182356604,910.919999495188,943.7564272817201,943.7564272817201,0.0,0.0,0.0,0.0,0.0,0.0,0.0,0.0,0.0,0.0,0.0,0.0,0.0,0.0,0.0,0.0,0.0,0.0,0.0,0.0,0.0,0.0,0.0,0.0,0.0,0.0,0.0,0.0,0.0,0.0,-140.28136136840064,-140.28136136840064,-140.28136136840064,0.0,0.0,0.0,-120.97692334762107,-120.97692334762107,-120.97692334762107,-261.2582847160217,-261.2582847160217,-261.2582847160217,0.0,0.0,0.0,0.0,0.0,0.0,682.4981425656983
2022-09-21,944.1748236574817,442.6702008812985,924.940549020371,944.1748236574817,944.1748236574817,0.0,0.0,0.0,0.0,0.0,0.0,0.0,0.0,0.0,0.0,0.0,0.0,0.0,0.0,0.0,0.0,0.0,0.0,0.0,0.0,0.0,0.0,0.0,0.0,0.0,0.0,0.0,0.0,0.0,0.0,-142.75817305433787,-142.75817305433787,-142.75817305433787,0.0,0.0,0.0,-118.98549735513292,-118.98549735513292,-118.98549735513292,-261.7436704094708,-261.7436704094708,-261.7436704094708,0.0,0.0,0.0,0.0,0.0,0.0,682.431153248011
2022-09-22,944.5932200332436,454.85628301856906,935.5481520427705,944.5932200332436,944.5932200332436,0.0,0.0,0.0,0.0,0.0,0.0,0.0,0.0,0.0,0.0,0.0,0.0,0.0,0.0,0.0,0.0,0.0,0.0,0.0,0.0,0.0,0.0,0.0,0.0,0.0,0.0,0.0,0.0,0.0,0.0,-138.76371482063814,-138.76371482063814,-138.76371482063814,0.0,0.0,0.0,-118.95961023496106,-118.95961023496106,-118.95961023496106,-257.7233250555992,-257.7233250555992,-257.7233250555992,0.0,0.0,0.0,0.0,0.0,0.0,686.8698949776444
2022-09-23,945.0116164090055,499.162799609391,980.1575159989247,945.0116164090055,945.0116164090055,0.0,0.0,0.0,0.0,0.0,0.0,0.0,0.0,0.0,0.0,0.0,0.0,0.0,0.0,0.0,0.0,0.0,0.0,0.0,0.0,0.0,0.0,0.0,0.0,0.0,0.0,0.0,0.0,0.0,0.0,-69.41011264703208,-69.41011264703208,-69.41011264703208,0.0,0.0,0.0,-121.06926708186322,-121.06926708186322,-121.06926708186322,-190.4793797288953,-190.4793797288953,-190.4793797288953,0.0,0.0,0.0,0.0,0.0,0.0,754.5322366801101
2022-09-24,945.4300127847673,713.6698021488048,1203.3386660497822,945.4300127847673,945.4300127847673,0.0,0.0,0.0,0.0,0.0,0.0,0.0,0.0,0.0,0.0,0.0,0.0,0.0,0.0,0.0,0.0,0.0,0.0,0.0,0.0,0.0,0.0,0.0,0.0,0.0,0.0,0.0,0.0,0.0,0.0,139.09579758989673,139.09579758989673,139.09579758989673,0.0,0.0,0.0,-125.37966785677425,-125.37966785677425,-125.37966785677425,13.716129733122449,13.716129733122449,13.716129733122449,0.0,0.0,0.0,0.0,0.0,0.0,959.1461425178898
2022-09-25,945.8484091605292,1044.48966376066,1509.6236697142751,945.8484091605292,945.8484091605292,0.0,0.0,0.0,0.0,0.0,0.0,0.0,0.0,0.0,0.0,0.0,0.0,0.0,0.0,0.0,0.0,0.0,0.0,0.0,0.0,0.0,0.0,0.0,0.0,0.0,0.0,0.0,0.0,0.0,0.0,452.57243441243645,452.57243441243645,452.57243441243645,0.0,0.0,0.0,-131.852234181933,-131.852234181933,-131.852234181933,320.72020023050345,320.72020023050345,320.72020023050345,0.0,0.0,0.0,0.0,0.0,0.0,1266.5686093910326
2022-09-26,946.2668055362908,456.722838599207,939.3835306146952,946.2668055362908,946.2668055362908,0.0,0.0,0.0,0.0,0.0,0.0,0.0,0.0,0.0,0.0,0.0,0.0,0.0,0.0,0.0,0.0,0.0,0.0,0.0,0.0,0.0,0.0,0.0,0.0,0.0,0.0,0.0,0.0,0.0,0.0,-100.4548701115697,-100.4548701115697,-100.4548701115697,0.0,0.0,0.0,-140.34900049921202,-140.34900049921202,-140.34900049921202,-240.80387061078173,-240.80387061078173,-240.80387061078173,0.0,0.0,0.0,0.0,0.0,0.0,705.4629349255091
2022-09-27,946.6852019120529,423.2213566809445,900.3363684913488,946.6852019120529,946.6852019120529,0.0,0.0,0.0,0.0,0.0,0.0,0.0,0.0,0.0,0.0,0.0,0.0,0.0,0.0,0.0,0.0,0.0,0.0,0.0,0.0,0.0,0.0,0.0,0.0,0.0,0.0,0.0,0.0,0.0,0.0,-140.28136136873414,-140.28136136873414,-140.28136136873414,0.0,0.0,0.0,-150.64016834063102,-150.64016834063102,-150.64016834063102,-290.9215297093652,-290.9215297093652,-290.9215297093652,0.0,0.0,0.0,0.0,0.0,0.0,655.7636722026878
2022-09-28,947.1035982878145,397.2802239028269,875.214252199684,947.1035982878145,947.1035982878145,0.0,0.0,0.0,0.0,0.0,0.0,0.0,0.0,0.0,0.0,0.0,0.0,0.0,0.0,0.0,0.0,0.0,0.0,0.0,0.0,0.0,0.0,0.0,0.0,0.0,0.0,0.0,0.0,0.0,0.0,-142.75817305420023,-142.75817305420023,-142.75817305420023,0.0,0.0,0.0,-162.4145238688916,-162.4145238688916,-162.4145238688916,-305.1726969230918,-305.1726969230918,-305.1726969230918,0.0,0.0,0.0,0.0,0.0,0.0,641.9309013647228
2022-09-29,947.5219946635764,393.54624442611185,876.1454091097937,947.5219946635764,947.5219946635764,0.0,0.0,0.0,0.0,0.0,0.0,0.0,0.0,0.0,0.0,0.0,0.0,0.0,0.0,0.0,0.0,0.0,0.0,0.0,0.0,0.0,0.0,0.0,0.0,0.0,0.0,0.0,0.0,0.0,0.0,-138.7637148203601,-138.7637148203601,-138.7637148203601,0.0,0.0,0.0,-175.29233137007975,-175.29233137007975,-175.29233137007975,-314.05604619043993,-314.05604619043993,-314.05604619043993,0.0,0.0,0.0,0.0,0.0,0.0,633.4659484731365
2022-09-30,947.9403910393382,469.5870141510483,909.4102390841599,947.9403910393382,947.9403910393382,0.0,0.0,0.0,0.0,0.0,0.0,0.0,0.0,0.0,0.0,0.0,0.0,0.0,0.0,0.0,0.0,0.0,0.0,0.0,0.0,0.0,0.0,0.0,0.0,0.0,0.0,0.0,0.0,0.0,0.0,-69.41011264813947,-69.41011264813947,-69.41011264813947,0.0,0.0,0.0,-188.84024174566596,-188.84024174566596,-188.84024174566596,-258.2503543938054,-258.2503543938054,-258.2503543938054,0.0,0.0,0.0,0.0,0.0,0.0,689.6900366455328
2022-10-02,948.777183790862,948.9341628396754,1425.6481664593382,948.7448618241165,948.8332794416681,0.0,0.0,0.0,0.0,0.0,0.0,0.0,0.0,0.0,0.0,0.0,0.0,0.0,0.0,0.0,0.0,0.0,0.0,0.0,0.0,0.0,0.0,0.0,0.0,0.0,0.0,0.0,0.0,0.0,0.0,452.57243441263466,452.57243441263466,452.57243441263466,0.0,0.0,0.0,-216.04427580343406,-216.04427580343406,-216.04427580343406,236.52815860920066,236.52815860920066,236.52815860920066,0.0,0.0,0.0,0.0,0.0,0.0,1185.3053424000627
2022-10-09,951.7059584211947,893.3740779775505,1382.9809876811867,951.5462732361805,951.9120283347295,0.0,0.0,0.0,0.0,0.0,0.0,0.0,0.0,0.0,0.0,0.0,0.0,0.0,0.0,0.0,0.0,0.0,0.0,0.0,0.0,0.0,0.0,0.0,0.0,0.0,0.0,0.0,0.0,0.0,0.0,452.572434412724,452.572434412724,452.572434412724,0.0,0.0,0.0,-264.62471305099933,-264.62471305099933,-264.62471305099933,187.94772136172477,187.94772136172477,187.94772136172477,0.0,0.0,0.0,0.0,0.0,0.0,1139.6536797829194
2022-10-16,954.6347330515275,984.1297753874503,1472.9087131165147,954.2335906023193,955.1024407746597,0.0,0.0,0.0,0.0,0.0,0.0,0.0,0.0,0.0,0.0,0.0,0.0,0.0,0.0,0.0,0.0,0.0,0.0,0.0,0.0,0.0,0.0,0.0,0.0,0.0,0.0,0.0,0.0,0.0,0.0,452.57243441323476,452.57243441323476,452.57243441323476,0.0,0.0,0.0,-183.83337880475892,-183.83337880475892,-183.83337880475892,268.7390556084758,268.7390556084758,268.7390556084758,0.0,0.0,0.0,0.0,0.0,0.0,1223.3737886600034
2022-10-23,957.5635076818602,1143.2469139019765,1603.9990093600907,956.9155221272227,958.3068339847924,0.0,0.0,0.0,0.0,0.0,0.0,0.0,0.0,0.0,0.0,0.0,0.0,0.0,0.0,0.0,0.0,0.0,0.0,0.0,0.0,0.0,0.0,0.0,0.0,0.0,0.0,0.0,0.0,0.0,0.0,452.57243441296333,452.57243441296333,452.57243441296333,0.0,0.0,0.0,-46.1941240820709,-46.1941240820709,-46.1941240820709,406.3783103308925,406.3783103308925,406.3783103308925,0.0,0.0,0.0,0.0,0.0,0.0,1363.9418180127527
